-0.83390;-0.48873;16.906
-0.85320;-0.48867;8.4049
-0.87250;-0.48862;0.0000
-0.84327;-0.50561;8.4050
-0.86275;-0.50564;0.0000
-0.85264;-0.52250;0.0000
-0.81406;-0.52110;16.907
-0.83335;-0.52180;8.4055
-0.82276;-0.53833;8.4055
-0.84223;-0.53912;0.0000
-0.83147;-0.55557;0.0000
-0.79296;-0.55267;16.908
-0.81222;-0.55412;8.4059
-0.80099;-0.57023;8.4059
-0.82041;-0.57177;0.0000
-0.80902;-0.58778;0.0000
-0.66988;-0.69677;16.911
-0.68849;-0.70194;8.4077
-0.70711;-0.70711;0.0000
-0.67434;-0.71554;8.4075
-0.69309;-0.72085;0.0000
-0.67880;-0.73432;0.0000
-0.77064;-0.58339;16.908
-0.78983;-0.58559;8.4062
-0.77798;-0.60124;8.4060
-0.79733;-0.60355;0.0000
-0.78532;-0.61909;0.0000
-0.69670;-0.66995;16.910
-0.71551;-0.67437;8.4072
-0.73432;-0.67880;0.0000
-0.70191;-0.68853;8.4069
-0.72086;-0.69309;0.0000
-0.72247;-0.64208;16.910
-0.74144;-0.64576;8.4068
-0.76041;-0.64945;0.0000
-0.72840;-0.66044;8.4065
-0.74751;-0.66425;0.0000
-0.74713;-0.61321;16.909
-0.76622;-0.61615;8.4064
-0.75377;-0.63133;8.4062
-0.77302;-0.63439;0.0000
-0.85244;-0.45561;16.905
-0.87173;-0.45480;8.4043
-0.89101;-0.45399;0.0000
-0.86247;-0.47212;8.4044
-0.88193;-0.47137;0.0000
-0.86967;-0.42180;16.904
-0.88891;-0.42023;8.4039
-0.90814;-0.41866;0.0000
-0.88034;-0.43790;8.4039
-0.89976;-0.43638;0.0000
-0.92493;-0.28063;16.906
-0.94369;-0.27603;8.4052
-0.96246;-0.27144;0.0000
-0.93799;-0.29482;8.4049
-0.95695;-0.29024;0.0000
-0.95106;-0.30902;0.0000
-0.88555;-0.38735;16.903
-0.90472;-0.38502;8.4035
-0.92388;-0.38268;0.0000
-0.89685;-0.40301;8.4035
-0.91620;-0.40072;0.0000
-0.90007;-0.35231;16.903
-0.91913;-0.34921;8.4035
-0.93819;-0.34612;0.0000
-0.91198;-0.36750;8.4033
-0.93123;-0.36443;0.0000
-0.91320;-0.31671;16.904
-0.93213;-0.31287;8.4041
-0.92570;-0.33142;8.4038
-0.94482;-0.32759;0.0000
-0.64203;-0.72250;16.913
-0.66041;-0.72841;8.4083
-0.64574;-0.74145;8.4083
-0.66425;-0.74751;0.0000
-0.64945;-0.76041;0.0000
-0.61319;-0.74713;16.915
-0.63132;-0.75377;8.4092
-0.61614;-0.76622;8.4093
-0.63439;-0.77302;0.0000
-0.61909;-0.78532;0.0000
-0.93522;-0.24410;16.910
-0.95380;-0.23877;8.4069
-0.97237;-0.23345;0.0000
-0.94884;-0.25777;8.4065
-0.96761;-0.25244;0.0000
-0.94407;-0.20721;16.914
-0.96243;-0.20115;8.4091
-0.98079;-0.19509;0.0000
-0.95822;-0.22033;8.4087
-0.97678;-0.21425;0.0000
-0.95147;-0.16999;16.920
-0.96958;-0.16321;8.4120
-0.98769;-0.15643;0.0000
-0.96613;-0.18254;8.4116
-0.98444;-0.17574;0.0000
-0.95739;-0.13252;16.926
-0.97523;-0.12503;8.4149
-0.99307;-0.11754;0.0000
-0.97254;-0.14448;8.4144
-0.99058;-0.13695;0.0000
-0.58341;-0.77060;16.918
-0.60125;-0.77796;8.4107
-0.58560;-0.78981;8.4110
-0.60355;-0.79733;0.0000
-0.58779;-0.80902;0.0000
-0.42182;-0.86965;16.909
-0.43791;-0.88033;8.4064
-0.45399;-0.89101;0.0000
-0.42024;-0.88890;8.4065
-0.43638;-0.89976;0.0000
-0.41866;-0.90814;0.0000
-0.55271;-0.79290;16.922
-0.57025;-0.80096;8.4124
-0.55414;-0.81219;8.4128
-0.57177;-0.82041;0.0000
-0.55557;-0.83147;0.0000
-0.45565;-0.85240;16.916
-0.47213;-0.86245;8.4098
-0.48862;-0.87250;0.0000
-0.45482;-0.87170;8.4099
-0.47137;-0.88193;0.0000
-0.52114;-0.81399;16.923
-0.53836;-0.82273;8.4133
-0.52182;-0.83332;8.4136
-0.53912;-0.84223;0.0000
-0.52250;-0.85264;0.0000
-0.48877;-0.83384;16.921
-0.50564;-0.84324;8.4124
-0.48870;-0.85317;8.4126
-0.50564;-0.86275;0.0000
-0.96185;-0.094835;16.930
-0.97938;-0.086647;8.4170
-0.99692;-0.078459;0.0000
-0.97746;-0.10619;8.4164
-0.99519;-0.097948;0.0000
-0.96483;-0.057001;16.933
-0.98203;-0.048130;8.4184
-0.99923;-0.039260;0.0000
-0.98087;-0.067730;8.4178
-0.99827;-0.058798;0.0000
-0.96632;-0.019073;16.935
-0.98316;-0.0095364;8.4196
-1.0000;0.0000;0.0000
-0.98277;-0.029166;8.4190
-0.99981;-0.019556;0.0000
-0.96631;0.018892;16.938
-0.98277;0.029075;8.4207
-0.99923;0.039259;0.0000
-0.98316;0.0094458;8.4203
-0.99981;0.019556;0.0000
-0.96482;0.056832;16.940
-0.98087;0.067645;8.4219
-0.99692;0.078458;0.0000
-0.98203;0.048046;8.4216
-0.99827;0.058797;0.0000
-0.96184;0.094684;16.942
-0.97745;0.10611;8.4229
-0.99307;0.11754;0.0000
-0.97938;0.086571;8.4227
-0.99519;0.097948;0.0000
-0.95738;0.13238;16.943
-0.97253;0.14441;8.4230
-0.98769;0.15643;0.0000
-0.97522;0.12496;8.4229
-0.99058;0.13695;0.0000
-0.38735;-0.88556;16.903
-0.40300;-0.89685;8.4036
-0.38502;-0.90472;8.4036
-0.40072;-0.91620;0.0000
-0.38268;-0.92388;0.0000
-0.35228;-0.90009;16.901
-0.36748;-0.91198;8.4026
-0.34920;-0.91914;8.4026
-0.36443;-0.93123;0.0000
-0.34612;-0.93819;0.0000
-0.31667;-0.91322;16.904
-0.33140;-0.92570;8.4038
-0.31285;-0.93214;8.4038
-0.32759;-0.94482;0.0000
-0.30902;-0.95106;0.0000
-0.28058;-0.92494;16.908
-0.29480;-0.93800;8.4061
-0.27601;-0.94370;8.4061
-0.29024;-0.95695;0.0000
-0.27144;-0.96246;0.0000
-0.24405;-0.93523;16.913
-0.25775;-0.94884;8.4084
-0.23875;-0.95380;8.4084
-0.25244;-0.96761;0.0000
-0.23345;-0.97237;0.0000
-0.95145;0.16987;16.941
-0.96612;0.18248;8.4221
-0.98079;0.19509;0.0000
-0.96957;0.16315;8.4220
-0.98444;0.17574;0.0000
-0.94405;0.20709;16.938
-0.95821;0.22027;8.4207
-0.97237;0.23345;0.0000
-0.96242;0.20109;8.4206
-0.97678;0.21426;0.0000
-0.93520;0.24399;16.935
-0.94883;0.25772;8.4193
-0.96246;0.27144;0.0000
-0.95378;0.23872;8.4191
-0.96761;0.25244;0.0000
-0.20715;-0.94408;16.917
-0.22030;-0.95822;8.4104
-0.20112;-0.96243;8.4105
-0.21426;-0.97678;0.0000
-0.19509;-0.98079;0.0000
-0.16993;-0.95148;16.922
-0.18251;-0.96613;8.4125
-0.16318;-0.96958;8.4126
-0.17574;-0.98444;0.0000
-0.15643;-0.98769;0.0000
-0.92490;0.28052;16.933
-0.93798;0.29477;8.4183
-0.95106;0.30902;0.0000
-0.94368;0.27598;8.4181
-0.95695;0.29024;0.0000
-0.91318;0.31661;16.933
-0.92569;0.33136;8.4184
-0.93819;0.34612;0.0000
-0.93212;0.31281;8.4182
-0.94482;0.32759;0.0000
-0.13244;-0.95740;16.927
-0.14444;-0.97255;8.4150
-0.12499;-0.97524;8.4152
-0.13695;-0.99058;0.0000
-0.11754;-0.99307;0.0000
-0.094755;-0.96185;16.932
-0.10615;-0.97746;8.4178
-0.086607;-0.97939;8.4180
-0.097948;-0.99519;0.0000
-0.078458;-0.99692;0.0000
-0.90004;0.35220;16.936
-0.91196;0.36744;8.4197
-0.92388;0.38268;0.0000
-0.91912;0.34916;8.4194
-0.93123;0.36443;0.0000
-0.056918;-0.96482;16.937
-0.067688;-0.98087;8.4203
-0.048089;-0.98203;8.4204
-0.058797;-0.99827;0.0000
-0.039259;-0.99923;0.0000
-0.018995;-0.96631;16.941
-0.029127;-0.98277;8.4222
-0.0094974;-0.98315;8.4224
-0.019556;-0.99981;0.0000
0.0000;-1.0000;0.0000
-0.88552;0.38725;16.939
-0.89683;0.40296;8.4214
-0.90814;0.41866;0.0000
-0.90470;0.38497;8.4211
-0.91620;0.40072;0.0000
0.018957;-0.96630;16.943
0.0094786;-0.98315;8.4233
0.029108;-0.98277;8.4233
0.019556;-0.99981;0.0000
0.039260;-0.99923;0.0000
-0.86964;0.42171;16.942
-0.88032;0.43785;8.4229
-0.89101;0.45399;0.0000
-0.88889;0.42018;8.4225
-0.89976;0.43638;0.0000
-0.85241;0.45551;16.944
-0.86245;0.47207;8.4236
-0.87250;0.48862;0.0000
-0.87171;0.45475;8.4232
-0.88193;0.47137;0.0000
0.056882;-0.96481;16.943
0.048071;-0.98202;8.4231
0.067670;-0.98087;8.4231
0.058798;-0.99827;0.0000
0.078459;-0.99692;0.0000
-0.83387;0.48862;16.943
-0.84326;0.50556;8.4234
-0.85264;0.52250;0.0000
-0.85318;0.48862;8.4229
-0.86275;0.50564;0.0000
0.094719;-0.96184;16.940
0.086589;-0.97938;8.4218
0.10613;-0.97745;8.4218
0.097948;-0.99519;0.0000
0.11754;-0.99307;0.0000
0.13241;-0.95739;16.936
0.12497;-0.97523;8.4198
0.14442;-0.97254;8.4198
0.13695;-0.99058;0.0000
0.15643;-0.98769;0.0000
-0.81405;0.52099;16.942
-0.82276;0.53828;8.4228
-0.83147;0.55557;0.0000
-0.83334;0.52174;8.4223
-0.84223;0.53912;0.0000
0.16988;-0.95146;16.933
0.16316;-0.96957;8.4183
0.18249;-0.96612;8.4184
0.17574;-0.98444;0.0000
0.19509;-0.98079;0.0000
-0.79297;0.55255;16.941
-0.80099;0.57017;8.4222
-0.80902;0.58779;0.0000
-0.81222;0.55406;8.4217
-0.82041;0.57177;0.0000
0.20709;-0.94406;16.934
0.20109;-0.96242;8.4184
0.22027;-0.95821;8.4185
0.21425;-0.97678;0.0000
0.23345;-0.97237;0.0000
-0.77066;0.58326;16.940
-0.77799;0.60118;8.4221
-0.78532;0.61909;0.0000
-0.78984;0.58552;8.4216
-0.79733;0.60355;0.0000
0.24398;-0.93520;16.936
0.23871;-0.95379;8.4194
0.25771;-0.94883;8.4197
0.25244;-0.96761;0.0000
0.27144;-0.96246;0.0000
-0.74716;0.61307;16.943
-0.75378;0.63126;8.4233
-0.76041;0.64945;0.0000
-0.76624;0.61608;8.4229
-0.77302;0.63439;0.0000
0.28050;-0.92490;16.937
0.27597;-0.94368;8.4199
0.29476;-0.93798;8.4202
0.29024;-0.95695;0.0000
0.30902;-0.95106;0.0000
-0.72250;0.64193;16.949
-0.72841;0.66036;8.4261
-0.73432;0.67880;0.0000
-0.74145;0.64569;8.4257
-0.74751;0.66425;0.0000
0.31659;-0.91318;16.937
0.31280;-0.93212;8.4198
0.33135;-0.92568;8.4201
0.32759;-0.94482;0.0000
0.34612;-0.93819;0.0000
-0.69674;0.66979;16.956
-0.70192;0.68845;8.4295
-0.70711;0.70711;0.0000
-0.71553;0.67429;8.4291
-0.72085;0.69309;0.0000
0.35219;-0.90005;16.936
0.34915;-0.91912;8.4196
0.36744;-0.91196;8.4199
0.36443;-0.93123;0.0000
0.38268;-0.92388;0.0000
-0.66990;0.69661;16.961
-0.67435;0.71546;8.4324
-0.67880;0.73432;0.0000
-0.68851;0.70186;8.4319
-0.69309;0.72086;0.0000
0.38725;-0.88553;16.937
0.38497;-0.90470;8.4198
0.40296;-0.89684;8.4201
0.40072;-0.91620;0.0000
0.41866;-0.90814;0.0000
-0.64205;0.72235;16.964
-0.64575;0.74138;8.4337
-0.64945;0.76041;0.0000
-0.66043;0.72834;8.4332
-0.66425;0.74751;0.0000
0.42172;-0.86964;16.939
0.42019;-0.88889;8.4210
0.43785;-0.88032;8.4214
0.43638;-0.89976;0.0000
0.45399;-0.89101;0.0000
-0.61321;0.74699;16.965
-0.61615;0.76615;8.4342
-0.61909;0.78532;0.0000
-0.63133;0.75370;8.4336
-0.63439;0.77302;0.0000
0.45554;-0.85240;16.944
0.45476;-0.87170;8.4236
0.47208;-0.86245;8.4239
0.47137;-0.88193;0.0000
0.48862;-0.87250;0.0000
-0.58342;0.77048;16.966
-0.58560;0.78975;8.4346
-0.58778;0.80902;0.0000
-0.60126;0.77790;8.4339
-0.60355;0.79733;0.0000
0.48865;-0.83384;16.951
0.48864;-0.85317;8.4268
0.50558;-0.84324;8.4270
0.50564;-0.86275;0.0000
0.52250;-0.85264;0.0000
-0.55272;0.79279;16.966
-0.55414;0.81213;8.4346
-0.55557;0.83147;0.0000
-0.57025;0.80090;8.4338
-0.57177;0.82041;0.0000
0.52101;-0.81400;16.956
0.52175;-0.83332;8.4295
0.53829;-0.82274;8.4297
0.53912;-0.84223;0.0000
0.55557;-0.83147;0.0000
-0.52116;0.81389;16.964
-0.52183;0.83326;8.4337
-0.52250;0.85264;0.0000
-0.53837;0.82268;8.4330
-0.53912;0.84223;0.0000
0.55256;-0.79291;16.959
0.55407;-0.81219;8.4309
0.57017;-0.80097;8.4311
0.57177;-0.82041;0.0000
0.58778;-0.80902;0.0000
-0.48880;0.83373;16.962
-0.48871;0.85311;8.4328
-0.48862;0.87250;0.0000
-0.50565;0.84318;8.4322
-0.50564;0.86275;0.0000
-0.16629;-0.11111;800.00
-0.17417;-0.12500;765.49
-0.18205;-0.13888;732.73
-0.15463;-0.12684;800.00
-0.16173;-0.14015;766.36
-0.14142;-0.14142;800.00
0.58326;-0.77061;16.960
0.58552;-0.78981;8.4311
0.60118;-0.77796;8.4314
0.60355;-0.79733;0.0000
0.61909;-0.78532;0.0000
-0.18478;-0.076537;800.00
-0.19522;-0.089365;764.76
-0.20566;-0.10219;731.27
-0.17645;-0.094153;800.00
-0.18598;-0.10665;765.47
-0.45568;0.85228;16.962
-0.45484;0.87164;8.4328
-0.45399;0.89101;0.0000
-0.47215;0.86239;8.4322
-0.47137;0.88193;0.0000
-0.14785;-0.15835;760.27
-0.15428;-0.17529;722.98
-0.12684;-0.15463;800.00
-0.13270;-0.17079;761.11
-0.11111;-0.16629;800.00
0.61306;-0.74713;16.959
0.61608;-0.76622;8.4308
0.63125;-0.75377;8.4311
0.63439;-0.77302;0.0000
0.64945;-0.76041;0.0000
-0.19616;-0.039018;800.00
-0.20819;-0.048876;766.73
-0.22022;-0.058733;735.03
-0.19146;-0.057826;800.00
-0.20250;-0.067635;767.55
-0.42187;0.86951;16.963
-0.42026;0.88883;8.4331
-0.41866;0.90814;0.0000
-0.43793;0.88026;8.4325
-0.43638;0.89976;0.0000
-0.11236;-0.18193;766.77
-0.11360;-0.19756;735.07
-0.094153;-0.17645;800.00
-0.095071;-0.19117;767.54
-0.076537;-0.18478;800.00
0.64192;-0.72248;16.959
0.64568;-0.74145;8.4307
0.66036;-0.72840;8.4310
0.66425;-0.74751;0.0000
0.67880;-0.73432;0.0000
-0.20000;0.0000;800.00
-0.21506;-0.0076140;763.63
-0.23011;-0.015228;729.19
-0.19907;-0.019260;800.00
-0.21313;-0.027123;764.39
-0.38741;0.88541;16.962
-0.38505;0.90464;8.4326
-0.38268;0.92388;0.0000
-0.40303;0.89677;8.4320
-0.40072;0.91620;0.0000
-0.074794;-0.20296;761.06
-0.073051;-0.22114;724.29
-0.057825;-0.19146;800.00
-0.056034;-0.20865;761.66
-0.039018;-0.19616;800.00
0.66979;-0.69672;16.959
0.67429;-0.71552;8.4306
0.68845;-0.70192;8.4310
0.69309;-0.72086;0.0000
0.70711;-0.70711;0.0000
-0.19616;0.039018;800.00
-0.21104;0.034395;766.77
-0.22593;0.029772;735.11
-0.19907;0.019260;800.00
-0.21296;0.014886;767.59
-0.35235;0.89994;16.960
-0.34923;0.91906;8.4319
-0.34612;0.93819;0.0000
-0.36752;0.91191;8.4312
-0.36443;0.93123;0.0000
-0.024274;-0.23012;727.51
-0.012137;-0.21506;763.14
0.0000;-0.20000;800.00
-0.031646;-0.21314;762.95
-0.019260;-0.19907;800.00
0.69663;-0.66989;16.957
0.70187;-0.68850;8.4300
0.71548;-0.67434;8.4303
0.72085;-0.69309;0.0000
0.73432;-0.67880;0.0000
-0.18478;0.076537;800.00
-0.20190;0.075937;762.42
-0.21902;0.075338;727.02
-0.19146;0.057825;800.00
-0.20759;0.057178;763.32
-0.31675;0.91308;16.959
-0.31289;0.93207;8.4314
-0.30902;0.95106;0.0000
-0.33144;0.92563;8.4308
-0.32759;0.94482;0.0000
0.023405;-0.23060;726.69
0.031212;-0.21338;762.55
0.039018;-0.19616;800.00
0.011703;-0.21530;762.64
0.019260;-0.19907;800.00
0.72240;-0.64202;16.955
0.72836;-0.66041;8.4286
0.74140;-0.64573;8.4289
0.74751;-0.66425;0.0000
0.76041;-0.64945;0.0000
-0.16629;0.11111;800.00
-0.18182;0.11247;766.84
-0.19735;0.11384;735.23
-0.17645;0.094153;800.00
-0.19106;0.095186;767.64
-0.28067;0.92481;16.959
-0.27605;0.94363;8.4313
-0.27144;0.96246;0.0000
-0.29484;0.93793;8.4307
-0.29024;0.95695;0.0000
0.063940;-0.21398;745.16
0.070238;-0.19938;772.47
0.076537;-0.18478;800.00
0.051479;-0.20507;772.38
0.057826;-0.19146;800.00
0.74705;-0.61317;16.952
0.75373;-0.63131;8.4271
0.76618;-0.61613;8.4275
0.77302;-0.63439;0.0000
0.78532;-0.61909;0.0000
-0.14142;0.14142;800.00
-0.15801;0.14787;760.81
-0.17460;0.15433;724.01
-0.15463;0.12684;800.00
-0.17044;0.13272;761.70
-0.24414;0.93511;16.960
-0.23879;0.95374;8.4319
-0.23345;0.97237;0.0000
-0.25779;0.94878;8.4312
-0.25244;0.96761;0.0000
0.10285;-0.20391;734.04
0.10698;-0.18510;766.85
0.11111;-0.16629;800.00
0.089692;-0.19434;766.28
0.094153;-0.17645;800.00
0.77054;-0.58338;16.951
0.77793;-0.60124;8.4268
0.78978;-0.58559;8.4272
0.79733;-0.60355;0.0000
0.80902;-0.58779;0.0000
-0.11111;0.16629;800.00
-0.12491;0.17355;766.78
-0.13870;0.18080;735.11
-0.12684;0.15463;800.00
-0.14006;0.16111;767.58
-0.20723;0.94397;16.962
-0.20116;0.96238;8.4327
-0.19509;0.98079;0.0000
-0.22034;0.95817;8.4321
-0.21425;0.97678;0.0000
0.13861;-0.17695;741.94
0.14001;-0.15919;771.04
0.14142;-0.14142;800.00
0.12486;-0.17162;770.49
0.12684;-0.15463;800.00
0.79283;-0.55270;16.955
0.80092;-0.57024;8.4287
0.81215;-0.55413;8.4293
0.82041;-0.57177;0.0000
0.83147;-0.55557;0.0000
-0.076537;0.18478;800.00
-0.089251;0.19594;763.34
-0.10197;0.20711;728.67
-0.094153;0.17645;800.00
-0.10654;0.18670;764.14
-0.17000;0.95138;16.964
-0.16322;0.96953;8.4336
-0.15643;0.98769;0.0000
-0.18254;0.96608;8.4330
-0.17574;0.98444;0.0000
0.15727;-0.14712;763.23
0.17311;-0.15283;728.52
0.15463;-0.12684;800.00
0.16970;-0.13197;764.11
0.16629;-0.11111;800.00
0.81390;-0.52115;16.963
0.82268;-0.53836;8.4327
0.83327;-0.52182;8.4333
0.84223;-0.53912;0.0000
0.85264;-0.52250;0.0000
-0.039018;0.19616;800.00
-0.048866;0.20812;766.89
-0.058714;0.22008;735.34
-0.057826;0.19146;800.00
-0.067626;0.20243;767.72
-0.13250;0.95732;16.966
-0.12502;0.97519;8.4344
-0.11754;0.99307;0.0000
-0.14447;0.97250;8.4339
-0.13695;0.99058;0.0000
0.18188;-0.11256;766.64
0.19746;-0.11400;734.85
0.17645;-0.094153;800.00
0.19112;-0.095267;767.44
0.18478;-0.076537;800.00
0.83372;-0.48878;16.971
0.84318;-0.50564;8.4368
0.85311;-0.48870;8.4373
0.86275;-0.50564;0.0000
0.87250;-0.48862;0.0000
-0.016446;0.22793;733.72
-0.027732;0.21204;766.72
-0.0082231;0.21396;766.10
-0.019260;0.19907;800.00
0.0000;0.20000;800.00
-0.094795;0.96178;16.967
-0.086627;0.97935;8.4350
-0.078459;0.99692;0.0000
-0.10617;0.97743;8.4346
-0.097948;0.99519;0.0000
0.20239;-0.076154;761.20
0.22000;-0.075771;724.75
0.19146;-0.057825;800.00
0.20808;-0.057394;762.11
0.19616;-0.039018;800.00
0.85227;-0.45565;16.976
0.86238;-0.47214;8.4389
0.87164;-0.45482;8.4394
0.88193;-0.47137;0.0000
0.89101;-0.45399;0.0000
0.027913;0.22406;739.69
0.013956;0.21203;769.91
0.033465;0.21011;769.26
0.019260;0.19907;800.00
0.039018;0.19616;800.00
-0.056958;0.96476;16.966
-0.048109;0.98200;8.4348
-0.039260;0.99923;0.0000
-0.067708;0.98084;8.4344
-0.058798;0.99827;0.0000
0.21128;-0.034585;766.16
0.22640;-0.030153;733.98
0.19907;-0.019260;800.00
0.21320;-0.015076;767.01
0.20000;0.0000;800.00
0.86950;-0.42183;16.976
0.88025;-0.43791;8.4392
0.88882;-0.42024;8.4396
0.89976;-0.43638;0.0000
0.90814;-0.41866;0.0000
0.076537;0.18478;800.00
0.074588;0.20069;766.13
0.072640;0.21660;733.85
0.057825;0.19146;800.00
0.055829;0.20638;766.85
-0.019045;0.96626;16.964
-0.0095224;0.98313;8.4338
0.0000;1.0000;0.0000
-0.029152;0.98274;8.4334
-0.019556;0.99981;0.0000
0.21593;0.0071798;761.65
0.23186;0.014360;725.55
0.19907;0.019260;800.00
0.21401;0.026689;762.51
0.19616;0.039018;800.00
0.20805;0.048984;766.98
0.21994;0.058951;735.49
0.19146;0.057826;800.00
0.20236;0.067744;767.77
0.18478;0.076537;800.00
0.88540;-0.38737;16.976
0.89677;-0.40301;8.4391
0.90464;-0.38502;8.4395
0.91620;-0.40072;0.0000
0.92388;-0.38268;0.0000
0.11147;0.19642;739.57
0.094002;0.19060;769.83
0.11129;0.18136;769.21
0.094153;0.17645;800.00
0.11111;0.16629;800.00
0.17807;0.13772;741.19
0.15974;0.13957;770.74
0.14142;0.14142;800.00
0.17218;0.12442;770.04
0.15463;0.12684;800.00
0.16629;0.11111;800.00
0.14596;0.15694;765.63
0.15049;0.17245;732.93
0.12684;0.15463;800.00
0.13080;0.16937;766.37
0.018893;0.96627;16.963
0.029076;0.98275;8.4329
0.039259;0.99923;0.0000
0.0094466;0.98313;8.4325
0.019556;0.99981;0.0000
0.19677;0.089177;761.68
0.20876;0.10182;725.64
0.17645;0.094153;800.00
0.18753;0.10647;762.57
0.89992;-0.35231;16.976
0.91190;-0.36750;8.4393
0.91905;-0.34921;8.4398
0.93123;-0.36443;0.0000
0.93819;-0.34612;0.0000
0.056805;0.96478;16.962
0.067632;0.98085;8.4327
0.078458;0.99692;0.0000
0.048032;0.98200;8.4324
0.058797;0.99827;0.0000
0.91305;-0.31672;16.976
0.92562;-0.33142;8.4393
0.93205;-0.31287;8.4398
0.94482;-0.32759;0.0000
0.95106;-0.30902;0.0000
0.094634;0.96180;16.965
0.10609;0.97744;8.4339
0.11754;0.99307;0.0000
0.086546;0.97936;8.4335
0.097948;0.99519;0.0000
0.92478;-0.28064;16.974
0.93792;-0.29483;8.4380
0.94362;-0.27604;8.4386
0.95695;-0.29024;0.0000
0.96246;-0.27144;0.0000
0.13232;0.95734;16.970
0.14438;0.97251;8.4366
0.15643;0.98769;0.0000
0.12493;0.97520;8.4362
0.13695;0.99058;0.0000
0.93509;-0.24413;16.969
0.94877;-0.25778;8.4358
0.95373;-0.23879;8.4364
0.96761;-0.25244;0.0000
0.97237;-0.23345;0.0000
0.16979;0.95139;16.978
0.18244;0.96609;8.4406
0.19509;0.98079;0.0000
0.16311;0.96954;8.4402
0.17574;0.98444;0.0000
0.94397;-0.20723;16.965
0.95817;-0.22034;8.4336
0.96238;-0.20116;8.4342
0.97678;-0.21426;0.0000
0.98079;-0.19509;0.0000
0.20700;0.94398;16.986
0.22022;0.95817;8.4445
0.23345;0.97237;0.0000
0.20104;0.96238;8.4439
0.21426;0.97678;0.0000
0.95138;-0.17002;16.963
0.96608;-0.18255;8.4327
0.96953;-0.16323;8.4333
0.98444;-0.17574;0.0000
0.98769;-0.15643;0.0000
0.24390;0.93512;16.989
0.25767;0.94879;8.4460
0.27144;0.96246;0.0000
0.23867;0.95374;8.4454
0.25244;0.96761;0.0000
0.95731;-0.13254;16.967
0.97250;-0.14449;8.4343
0.97519;-0.12504;8.4350
0.99058;-0.13695;0.0000
0.99307;-0.11754;0.0000
0.28044;0.92482;16.987
0.29473;0.93794;8.4451
0.30902;0.95106;0.0000
0.27594;0.94364;8.4447
0.29024;0.95695;0.0000
0.96178;-0.094860;16.967
0.97742;-0.10620;8.4344
0.97935;-0.086659;8.4352
0.99519;-0.097948;0.0000
0.99692;-0.078458;0.0000
0.31656;0.91309;16.985
0.33134;0.92564;8.4437
0.34612;0.93819;0.0000
0.31279;0.93207;8.4434
0.32759;0.94482;0.0000
0.96476;-0.057030;16.968
0.98084;-0.067744;8.4352
0.98199;-0.048145;8.4360
0.99827;-0.058797;0.0000
0.99923;-0.039259;0.0000
0.35218;0.89995;16.984
0.36743;0.91192;8.4433
0.38268;0.92388;0.0000
0.34915;0.91907;8.4431
0.36443;0.93123;0.0000
0.96622;-0.019102;16.982
0.98273;-0.029181;8.4417
0.98311;-0.0095510;8.4424
0.99981;-0.019556;0.0000
1.0000;0.0000;0.0000
0.38725;0.88543;16.986
0.40295;0.89678;8.4443
0.41866;0.90814;0.0000
0.38497;0.90465;8.4441
0.40072;0.91620;0.0000
0.96625;0.018859;16.971
0.98312;0.0094296;8.4367
0.98274;0.029059;8.4372
0.99981;0.019556;0.0000
0.99923;0.039260;0.0000
0.42171;0.86954;16.988
0.43785;0.88027;8.4455
0.45399;0.89101;0.0000
0.42018;0.88884;8.4453
0.43638;0.89976;0.0000
0.96474;0.056797;16.981
0.98199;0.048028;8.4416
0.98083;0.067628;8.4420
0.99827;0.058798;0.0000
0.99692;0.078459;0.0000
0.45553;0.85231;16.988
0.47207;0.86240;8.4452
0.48862;0.87250;0.0000
0.45476;0.87166;8.4451
0.47137;0.88193;0.0000
0.96177;0.094647;16.982
0.97934;0.086553;8.4420
0.97742;0.10609;8.4424
0.99519;0.097948;0.0000
0.99307;0.11754;0.0000
0.48865;0.83377;16.984
0.50557;0.84320;8.4433
0.52250;0.85264;0.0000
0.48864;0.85313;8.4432
0.50564;0.86275;0.0000
0.95731;0.13235;16.980
0.97519;0.12494;8.4413
0.97250;0.14439;8.4416
0.99058;0.13695;0.0000
0.98769;0.15643;0.0000
0.52102;0.81394;16.979
0.53830;0.82271;8.4409
0.55557;0.83147;0.0000
0.52176;0.83329;8.4408
0.53912;0.84223;0.0000
0.95138;0.16983;16.981
0.96953;0.16313;8.4415
0.96608;0.18246;8.4418
0.98444;0.17574;0.0000
0.98079;0.19509;0.0000
0.55258;0.79286;16.977
0.57018;0.80094;8.4399
0.58779;0.80902;0.0000
0.55407;0.81217;8.4398
0.57177;0.82041;0.0000
0.94397;0.20705;16.984
0.96238;0.20107;8.4433
0.95817;0.22025;8.4436
0.97678;0.21425;0.0000
0.97237;0.23345;0.0000
0.58327;0.77056;16.979
0.60118;0.77794;8.4409
0.61909;0.78532;0.0000
0.58553;0.78979;8.4408
0.60355;0.79733;0.0000
0.93510;0.24394;16.990
0.95374;0.23869;8.4460
0.94878;0.25769;8.4463
0.96761;0.25244;0.0000
0.96246;0.27144;0.0000
0.61306;0.74706;16.984
0.63125;0.75373;8.4433
0.64945;0.76041;0.0000
0.61608;0.76619;8.4431
0.63439;0.77302;0.0000
0.92480;0.28045;16.995
0.94363;0.27595;8.4483
0.93793;0.29473;8.4487
0.95695;0.29024;0.0000
0.95106;0.30902;0.0000
0.64191;0.72241;16.990
0.66036;0.72837;8.4462
0.67880;0.73432;0.0000
0.64568;0.74141;8.4461
0.66425;0.74751;0.0000
0.91308;0.31653;16.997
0.93207;0.31277;8.4493
0.92563;0.33132;8.4497
0.94482;0.32759;0.0000
0.93819;0.34612;0.0000
0.66978;0.69663;16.995
0.68844;0.70187;8.4488
0.70711;0.70711;0.0000
0.67429;0.71548;8.4488
0.69309;0.72085;0.0000
0.89995;0.35214;16.996
0.91907;0.34913;8.4489
0.91191;0.36741;8.4493
0.93123;0.36443;0.0000
0.92388;0.38268;0.0000
0.69664;0.66977;16.998
0.71548;0.67429;8.4502
0.73432;0.67880;0.0000
0.70187;0.68844;8.4503
0.72086;0.69309;0.0000
0.88542;0.38721;16.994
0.90465;0.38495;8.4481
0.89678;0.40294;8.4484
0.91620;0.40072;0.0000
0.90814;0.41866;0.0000
0.72242;0.64188;16.999
0.74141;0.64566;8.4505
0.76041;0.64945;0.0000
0.72837;0.66034;8.4507
0.74751;0.66425;0.0000
0.86953;0.42169;16.995
0.88884;0.42018;8.4485
0.88027;0.43784;8.4487
0.89976;0.43638;0.0000
0.89101;0.45399;0.0000
0.74707;0.61300;17.000
0.76619;0.61605;8.4508
0.78532;0.61909;0.0000
0.75374;0.63123;8.4512
0.77302;0.63439;0.0000
0.85229;0.45552;16.999
0.87165;0.45476;8.4503
0.86239;0.47207;8.4505
0.88193;0.47137;0.0000
0.87250;0.48862;0.0000
0.77056;0.58320;17.002
0.78979;0.58549;8.4519
0.80902;0.58778;0.0000
0.77794;0.60115;8.4522
0.79733;0.60355;0.0000
0.83374;0.48863;17.003
0.85312;0.48862;8.4525
0.84319;0.50556;8.4526
0.86275;0.50564;0.0000
0.85264;0.52250;0.0000
0.81391;0.52097;17.005
0.83328;0.52174;8.4536
0.82269;0.53827;8.4537
0.84223;0.53912;0.0000
0.83147;0.55557;0.0000
0.79284;0.55251;17.004
0.81216;0.55404;8.4531
0.80093;0.57015;8.4534
0.82041;0.57177;0.0000
-0.82398;-0.50491;17.002
-0.80351;-0.53688;17.003
-0.78180;-0.56803;17.004
-0.68329;-0.68336;17.007
-0.70959;-0.65601;17.006
-0.75889;-0.59830;17.004
-0.73480;-0.62764;17.005
-0.84317;-0.47217;17.001
-0.86106;-0.43871;17.000
-0.87761;-0.40458;16.999
-0.89281;-0.36983;16.999
-0.91906;-0.29867;17.001
-0.90664;-0.33451;16.999
-0.81492;-0.45632;33.947
-0.83368;-0.45597;25.377
-0.82441;-0.47253;25.378
-0.65595;-0.70964;17.008
-0.62761;-0.73482;17.009
-0.79637;-0.48797;33.950
-0.81513;-0.48835;25.379
-0.80521;-0.50453;25.380
-0.80564;-0.47215;34.045
-0.63394;-0.68585;33.966
-0.65191;-0.69131;25.389
-0.63798;-0.70418;25.390
-0.77658;-0.51888;33.954
-0.79532;-0.51999;25.381
-0.78477;-0.53577;25.382
-0.78647;-0.50342;34.048
-0.75558;-0.54899;33.957
-0.77427;-0.55083;25.383
-0.76311;-0.56619;25.383
-0.76608;-0.53394;34.051
-0.66034;-0.66047;33.964
-0.67852;-0.66521;25.388
-0.66511;-0.67862;25.388
-0.64714;-0.67316;34.060
-0.73342;-0.57826;33.959
-0.75203;-0.58082;25.385
-0.74027;-0.59573;25.385
-0.74450;-0.56363;34.054
-0.68575;-0.63405;33.962
-0.70411;-0.63806;25.387
-0.69123;-0.65200;25.387
-0.67305;-0.64726;34.059
-0.71013;-0.60663;33.961
-0.72863;-0.60992;25.386
-0.71630;-0.62435;25.386
-0.72177;-0.59245;34.056
-0.69794;-0.62034;34.057
-0.93007;-0.26237;17.004
-0.93965;-0.22566;17.008
-0.94777;-0.18860;17.013
-0.95443;-0.15126;17.019
-0.83221;-0.42399;33.945
-0.85094;-0.42290;25.375
-0.84233;-0.43980;25.376
-0.82356;-0.44015;34.042
-0.84820;-0.39101;33.944
-0.86688;-0.38918;25.375
-0.85894;-0.40641;25.375
-0.84021;-0.40750;34.040
-0.89888;-0.25362;33.954
-0.91705;-0.24886;25.383
-0.91190;-0.26712;25.381
-0.88824;-0.28870;33.949
-0.90658;-0.28466;25.379
-0.90072;-0.30271;25.377
-0.89356;-0.27116;34.047
-0.86289;-0.35744;33.944
-0.88148;-0.35488;25.375
-0.87422;-0.37240;25.375
-0.85554;-0.37423;34.040
-0.87624;-0.32332;33.946
-0.89472;-0.32002;25.376
-0.88816;-0.33782;25.375
-0.88224;-0.30601;34.043
-0.86956;-0.34038;34.041
-0.77830;-0.45609;51.216
-0.79661;-0.45621;42.531
-0.78734;-0.47203;42.532
-0.79562;-0.42519;51.211
-0.81391;-0.42459;42.527
-0.80527;-0.44076;42.528
-0.78696;-0.44064;51.310
-0.59830;-0.75887;17.012
-0.56806;-0.78175;17.015
-0.43873;-0.86103;17.008
-0.53692;-0.80345;17.018
-0.50496;-0.82391;17.018
-0.47221;-0.84312;17.015
-0.60657;-0.71016;33.968
-0.62430;-0.71633;25.391
-0.60988;-0.72864;25.392
-0.62025;-0.69800;34.062
-0.57826;-0.73339;33.971
-0.59573;-0.74026;25.394
-0.58083;-0.75200;25.395
-0.59242;-0.72177;34.065
-0.75977;-0.48631;51.223
-0.77807;-0.48714;42.536
-0.76817;-0.50260;42.537
-0.76904;-0.47120;51.316
-0.60287;-0.69222;42.557
-0.59917;-0.67429;51.248
-0.61656;-0.68007;42.556
-0.62953;-0.66807;42.555
-0.62512;-0.65030;51.247
-0.64273;-0.65538;42.554
-0.61215;-0.66229;51.343
-0.74006;-0.51579;51.231
-0.75832;-0.51734;42.541
-0.74782;-0.53239;42.543
-0.74991;-0.50105;51.323
-0.71919;-0.54449;51.237
-0.73739;-0.54674;42.546
-0.72631;-0.56137;42.547
-0.72962;-0.53014;51.330
-0.65524;-0.64288;42.553
-0.65014;-0.62530;51.245
-0.66795;-0.62967;42.552
-0.63763;-0.63780;51.341
-0.69722;-0.57234;51.241
-0.71532;-0.57530;42.549
-0.70368;-0.58949;42.549
-0.70821;-0.55841;51.335
-0.67419;-0.59929;51.243
-0.69216;-0.60296;42.551
-0.67997;-0.61667;42.551
-0.68571;-0.58582;51.338
-0.66217;-0.61230;51.340
-0.95962;-0.11368;17.024
-0.96334;-0.075918;17.027
-0.96557;-0.038037;17.030
-0.96631;-9.0634E-5;17.032
-0.96557;0.037862;17.035
-0.96333;0.075758;17.037
-0.95961;0.11353;17.038
-0.90813;-0.21814;33.961
-0.92610;-0.21267;25.388
-0.92167;-0.23112;25.386
-0.90350;-0.23588;34.053
-0.91597;-0.18234;33.970
-0.93372;-0.17617;25.396
-0.93002;-0.19477;25.392
-0.91205;-0.20024;34.061
-0.92240;-0.14626;33.980
-0.93990;-0.13939;25.404
-0.93693;-0.15813;25.400
-0.91919;-0.16430;34.070
-0.92741;-0.10995;33.989
-0.94463;-0.10239;25.410
-0.94240;-0.12123;25.408
-0.92491;-0.12810;34.080
-0.81169;-0.39365;51.210
-0.82994;-0.39233;42.526
-0.82195;-0.40882;42.527
-0.80365;-0.40942;51.306
-0.87281;-0.22791;51.228
-0.89047;-0.22303;42.544
-0.88584;-0.24076;42.540
-0.82649;-0.36152;51.211
-0.84469;-0.35948;42.526
-0.83735;-0.37627;42.526
-0.81909;-0.37759;51.306
-0.86320;-0.26198;51.221
-0.88104;-0.25780;42.537
-0.87572;-0.27534;42.534
-0.86800;-0.24495;51.320
-0.85227;-0.29565;51.217
-0.87026;-0.29217;42.532
-0.86425;-0.30949;42.530
-0.85774;-0.27882;51.315
-0.84003;-0.32884;51.213
-0.85813;-0.32608;42.528
-0.85146;-0.34314;42.528
-0.84615;-0.31224;51.311
-0.83326;-0.34518;51.307
-0.76039;-0.45549;59.951
-0.75113;-0.47060;59.954
-0.74248;-0.45490;68.793
-0.77770;-0.42529;59.943
-0.76905;-0.44074;59.946
-0.75979;-0.42539;68.783
-0.75114;-0.44015;68.884
-0.79379;-0.39446;59.940
-0.78576;-0.41022;59.941
-0.77590;-0.39526;68.779
-0.76785;-0.41033;68.877
-0.40458;-0.87760;17.002
-0.36981;-0.89282;16.998
-0.33448;-0.90665;16.998
-0.54905;-0.75550;33.976
-0.56623;-0.76305;25.397
-0.55088;-0.77420;25.400
-0.56365;-0.74444;34.069
-0.39101;-0.84818;33.954
-0.40641;-0.85892;25.383
-0.38918;-0.86687;25.379
-0.42403;-0.83215;33.964
-0.43984;-0.84227;25.391
-0.42292;-0.85090;25.387
-0.40752;-0.84017;34.055
-0.51896;-0.77646;33.979
-0.53583;-0.78468;25.401
-0.52005;-0.79523;25.402
-0.53400;-0.76598;34.073
-0.45640;-0.81482;33.974
-0.47258;-0.82433;25.398
-0.45602;-0.83361;25.396
-0.44021;-0.82349;34.065
-0.48806;-0.79625;33.979
-0.50460;-0.80512;25.402
-0.48841;-0.81504;25.401
-0.50351;-0.78636;34.075
-0.47223;-0.80554;34.072
-0.58944;-0.70370;42.558
-0.57528;-0.71531;42.560
-0.57230;-0.69723;51.250
-0.58574;-0.68576;51.345
-0.56140;-0.72625;42.561
-0.54679;-0.73731;42.564
-0.54453;-0.71912;51.253
-0.55842;-0.70818;51.347
-0.74189;-0.48502;59.960
-0.73203;-0.49976;59.964
-0.72401;-0.48372;68.805
-0.73324;-0.46931;68.895
-0.58233;-0.66816;59.988
-0.56890;-0.67964;59.989
-0.56549;-0.66204;68.836
-0.59507;-0.65684;59.987
-0.59097;-0.63940;68.834
-0.60805;-0.64485;59.987
-0.57823;-0.65072;68.930
-0.62034;-0.63304;59.986
-0.61556;-0.61577;68.833
-0.63285;-0.62053;59.985
-0.60327;-0.62759;68.929
-0.71180;-0.52815;59.973
-0.70440;-0.51182;68.816
-0.72223;-0.51380;59.970
-0.71421;-0.49777;68.906
-0.69047;-0.55573;59.978
-0.68371;-0.53913;68.823
-0.70145;-0.54181;59.976
-0.69406;-0.52547;68.916
-0.64469;-0.60823;59.983
-0.63924;-0.59116;68.830
-0.65672;-0.59523;59.983
-0.62740;-0.60346;68.927
-0.66808;-0.58244;59.981
-0.66198;-0.56559;68.827
-0.67960;-0.56897;59.980
-0.67284;-0.55236;68.921
-0.65061;-0.57837;68.924
-0.29863;-0.91908;17.002
-0.26232;-0.93008;17.006
-0.95441;0.15113;17.038
-0.94775;0.18848;17.035
-0.93963;0.22554;17.032
-0.93100;-0.073462;33.996
-0.94791;-0.065232;25.415
-0.94642;-0.084149;25.413
-0.92921;-0.091705;34.088
-0.93315;-0.036853;34.002
-0.94974;-0.027963;25.420
-0.94899;-0.046927;25.418
-0.93208;-0.055158;34.095
-0.93387;-1.7254E-4;34.007
-0.95009;0.0093595;25.423
-0.95009;-0.0096227;25.422
-0.93351;-0.018513;34.100
-0.93315;0.036519;34.012
-0.94899;0.046675;25.427
-0.94973;0.027705;25.425
-0.93351;0.018173;34.106
-0.93099;0.073157;34.016
-0.94641;0.083921;25.430
-0.94790;0.064994;25.429
-0.93207;0.054838;34.110
-0.92739;0.10968;34.019
-0.94238;0.12103;25.432
-0.94461;0.10218;25.431
-0.92919;0.091417;34.114
-0.92236;0.14601;34.020
-0.93691;0.15794;25.431
-0.93987;0.13920;25.432
-0.92487;0.12785;34.115
-0.88106;-0.19349;51.238
-0.89852;-0.18791;42.553
-0.89459;-0.20582;42.548
-0.87693;-0.21070;51.329
-0.90196;-0.17056;42.558
-0.88795;-0.15877;51.250
-0.90518;-0.15251;42.564
-0.88450;-0.17613;51.339
-0.90794;-0.13504;42.570
-0.89347;-0.12382;51.263
-0.91044;-0.11688;42.575
-0.89071;-0.14129;51.352
-0.91252;-0.099307;42.581
-0.89762;-0.088665;51.275
-0.91431;-0.081064;42.585
-0.89554;-0.10624;51.365
-0.80865;-0.36303;59.941
-0.80124;-0.37910;59.941
-0.79080;-0.36454;68.779
-0.78335;-0.37990;68.875
-0.85971;-0.21569;59.964
-0.84662;-0.20346;68.807
-0.86384;-0.19848;59.969
-0.85060;-0.24925;59.957
-0.83800;-0.23652;68.800
-0.85540;-0.23222;59.961
-0.84231;-0.21999;68.899
-0.81548;-0.34740;59.943
-0.80447;-0.33327;68.784
-0.82225;-0.33106;59.945
-0.79763;-0.34891;68.877
-0.84018;-0.28243;59.952
-0.82809;-0.26922;68.795
-0.84564;-0.26560;59.955
-0.83304;-0.25287;68.893
-0.82846;-0.31516;59.947
-0.81690;-0.30148;68.790
-0.83459;-0.29856;59.949
-0.82249;-0.28535;68.888
-0.81068;-0.31738;68.882
-0.72494;-0.45382;77.708
-0.71571;-0.46823;77.714
-0.70741;-0.45274;86.737
-0.74223;-0.42500;77.696
-0.73358;-0.43975;77.701
-0.72467;-0.42460;86.724
-0.71604;-0.43867;86.826
-0.75834;-0.39555;77.690
-0.75029;-0.41062;77.693
-0.74079;-0.39584;86.716
-0.73273;-0.41022;86.816
-0.77327;-0.36552;77.690
-0.76582;-0.38088;77.690
-0.75574;-0.36650;86.716
-0.74826;-0.38117;86.811
-0.35740;-0.86290;33.948
-0.37237;-0.87423;25.376
-0.35484;-0.88149;25.375
-0.37420;-0.85554;34.047
-0.32324;-0.87627;33.947
-0.33776;-0.88818;25.375
-0.31996;-0.89474;25.376
-0.34032;-0.86958;34.043
-0.28860;-0.88827;33.951
-0.30264;-0.90074;25.378
-0.28459;-0.90660;25.381
-0.30592;-0.88227;34.045
-0.51590;-0.73993;51.256
-0.53247;-0.74771;42.565
-0.51743;-0.75820;42.567
-0.53022;-0.72952;51.350
-0.36147;-0.82649;51.225
-0.37624;-0.83734;42.538
-0.35943;-0.84469;42.535
-0.39367;-0.81163;51.234
-0.40885;-0.82189;42.548
-0.39234;-0.82991;42.543
-0.37757;-0.81906;51.325
-0.42526;-0.79551;51.245
-0.44083;-0.80516;42.558
-0.42465;-0.81383;42.554
-0.40947;-0.80357;51.336
-0.48644;-0.75962;51.257
-0.50270;-0.76804;42.567
-0.48725;-0.77793;42.567
-0.50117;-0.74977;51.352
-0.45621;-0.77815;51.253
-0.47213;-0.78720;42.565
-0.45630;-0.79649;42.562
-0.47132;-0.76889;51.351
-0.44074;-0.78683;51.345
-0.55572;-0.69045;59.989
-0.54183;-0.70140;59.991
-0.53913;-0.68368;68.836
-0.55231;-0.67286;68.931
-0.52822;-0.71170;59.991
-0.51391;-0.72211;59.992
-0.51192;-0.70429;68.835
-0.52552;-0.69398;68.931
-0.69672;-0.49601;77.727
-0.68903;-0.48020;86.752
-0.70652;-0.48196;77.721
-0.69822;-0.46647;86.840
-0.54916;-0.65558;77.753
-0.53599;-0.66639;77.753
-0.53284;-0.64911;86.785
-0.57440;-0.63358;77.753
-0.56166;-0.64490;77.754
-0.55783;-0.62776;86.786
-0.54534;-0.63843;86.881
-0.58647;-0.62243;77.752
-0.58197;-0.60545;86.785
-0.59877;-0.61061;77.751
-0.56990;-0.61661;86.881
-0.61040;-0.59898;77.750
-0.60525;-0.58219;86.781
-0.62224;-0.58667;77.748
-0.59361;-0.59382;86.878
-0.67665;-0.52303;77.736
-0.66958;-0.50694;86.763
-0.68699;-0.50938;77.732
-0.67930;-0.49357;86.853
-0.65554;-0.54924;77.741
-0.64910;-0.53289;86.770
-0.66641;-0.53601;77.740
-0.65934;-0.51992;86.863
-0.63344;-0.57457;77.746
-0.62764;-0.55799;86.776
-0.64481;-0.56179;77.745
-0.63837;-0.54544;86.869
-0.61644;-0.57009;86.874
-0.69024;-0.45119;95.852
-0.68105;-0.46492;95.859
-0.67307;-0.44964;105.09
-0.25351;-0.89890;33.959
-0.26704;-0.91192;25.384
-0.24878;-0.91706;25.387
-0.27105;-0.89359;34.051
-0.22560;-0.93965;17.011
-0.21803;-0.90814;33.968
-0.23104;-0.92168;25.391
-0.21259;-0.92611;25.394
-0.23577;-0.90352;34.059
-0.18854;-0.94778;17.015
-0.93005;0.26225;17.030
-0.91592;0.18211;34.017
-0.92999;0.19460;25.428
-0.93369;0.17599;25.429
-0.91914;0.16406;34.114
-0.90808;0.21793;34.013
-0.92164;0.23096;25.424
-0.92606;0.21251;25.426
-0.91200;0.20002;34.110
-0.89883;0.25341;34.009
-0.91187;0.26696;25.422
-0.91701;0.24870;25.422
-0.90345;0.23567;34.106
-0.91569;-0.063414;42.589
-0.90039;-0.053365;51.286
-0.91677;-0.045109;42.593
-0.89900;-0.071015;51.376
-0.91746;-0.027408;42.597
-0.90177;-0.017963;51.294
-0.91782;-0.0090678;42.600
-0.90108;-0.035664;51.386
-0.91782;0.0086562;42.603
-0.90177;0.017485;51.302
-0.91746;0.027002;42.606
-0.90177;-2.3907E-4;51.394
-0.90037;0.052915;51.307
-0.91568;0.063036;42.611
-0.91676;0.044717;42.608
-0.90107;0.035200;51.401
-0.90513;0.15223;42.615
-0.88789;0.15844;51.314
-0.90191;0.17028;42.614
-0.89759;0.088260;51.312
-0.91249;0.098968;42.614
-0.91429;0.080709;42.613
-0.89898;0.070588;51.406
-0.91041;0.11657;42.615
-0.89343;0.12345;51.314
-0.90790;0.13473;42.616
-0.89066;0.14095;51.410
-0.89551;0.10586;51.409
-0.86750;-0.18179;59.974
-0.85393;-0.17009;68.817
-0.87094;-0.16443;59.980
-0.85028;-0.18678;68.908
-0.87394;-0.14762;59.987
-0.85992;-0.13646;68.831
-0.87670;-0.13014;59.994
-0.85693;-0.15328;68.920
-0.87903;-0.11322;60.001
-0.86459;-0.10263;68.848
-0.88110;-0.095647;60.008
-0.86226;-0.11955;68.935
-0.88277;-0.078646;60.015
-0.86792;-0.068626;68.864
-0.88415;-0.060996;60.021
-0.86625;-0.085627;68.951
-0.78015;-0.35058;77.693
-0.76950;-0.33662;86.721
-0.78698;-0.33494;77.695
-0.76262;-0.35156;86.814
-0.83345;-0.19185;77.725
-0.82028;-0.18023;86.758
-0.83711;-0.17516;77.731
-0.82529;-0.22440;77.719
-0.81258;-0.21227;86.752
-0.82960;-0.20787;77.723
-0.81643;-0.19625;86.851
-0.81586;-0.25660;77.713
-0.80364;-0.24399;86.746
-0.82082;-0.24026;77.716
-0.80811;-0.22813;86.845
-0.79327;-0.31974;77.700
-0.78208;-0.30622;86.730
-0.79949;-0.30385;77.703
-0.77579;-0.32142;86.821
-0.80518;-0.28840;77.707
-0.79347;-0.27533;86.738
-0.81078;-0.27227;77.710
-0.79855;-0.25966;86.838
-0.78777;-0.29077;86.830
-0.70746;-0.42372;95.840
-0.69882;-0.43778;95.847
-0.69024;-0.42283;105.08
-0.68165;-0.43623;105.18
-0.72355;-0.39562;95.833
-0.71550;-0.41000;95.837
-0.70632;-0.39541;105.07
-0.69828;-0.40912;105.17
-0.73851;-0.36696;95.833
-0.73103;-0.38163;95.833
-0.72128;-0.36741;105.07
-0.71380;-0.38141;105.17
-0.74542;-0.35269;95.835
-0.73510;-0.33889;105.08
-0.75230;-0.33775;95.838
-0.72819;-0.35315;105.17
-0.91904;0.29856;17.029
-0.32873;-0.84006;51.220
-0.34306;-0.85148;42.533
-0.32599;-0.85816;42.532
-0.34510;-0.83327;51.318
-0.29550;-0.85231;51.220
-0.30937;-0.86429;42.533
-0.29205;-0.87029;42.535
-0.31212;-0.84619;51.316
-0.26182;-0.86324;51.226
-0.27521;-0.87576;42.538
-0.25767;-0.88107;42.541
-0.27866;-0.85778;51.319
-0.49989;-0.73188;59.991
-0.48516;-0.74173;59.992
-0.48388;-0.72384;68.834
-0.49790;-0.71406;68.931
-0.33094;-0.82227;59.956
-0.33315;-0.80449;68.800
-0.34731;-0.81549;59.959
-0.36299;-0.80863;59.962
-0.36451;-0.79076;68.806
-0.37909;-0.80120;59.967
-0.34883;-0.79763;68.899
-0.41029;-0.78565;59.976
-0.39449;-0.79372;59.971
-0.39532;-0.77580;68.815
-0.37991;-0.78328;68.907
-0.44087;-0.76889;59.985
-0.42539;-0.77757;59.981
-0.42552;-0.75964;68.824
-0.41042;-0.76772;68.916
-0.47075;-0.75096;59.990
-0.45564;-0.76023;59.988
-0.45506;-0.74230;68.831
-0.46947;-0.73307;68.928
-0.44029;-0.75097;68.924
-0.52307;-0.67658;77.751
-0.50946;-0.68689;77.751
-0.50701;-0.66949;86.780
-0.51992;-0.65930;86.878
-0.49614;-0.69658;77.748
-0.48212;-0.70635;77.748
-0.48036;-0.68887;86.775
-0.49369;-0.67918;86.873
-0.51702;-0.64231;95.898
-0.50410;-0.65250;95.896
-0.50119;-0.63551;105.13
-0.66220;-0.49135;95.871
-0.65483;-0.47577;105.10
-0.67193;-0.47799;95.865
-0.66395;-0.46270;105.19
-0.54175;-0.62158;95.903
-0.52926;-0.63225;95.903
-0.52568;-0.61539;105.14
-0.51344;-0.62545;105.23
-0.56566;-0.59990;95.904
-0.55359;-0.61106;95.905
-0.54935;-0.59435;105.14
-0.53751;-0.60487;105.24
-0.57708;-0.58893;95.902
-0.57220;-0.57240;105.14
-0.58872;-0.57730;95.900
-0.56077;-0.58338;105.24
-0.59973;-0.56587;95.896
-0.59420;-0.54954;105.13
-0.61092;-0.55377;95.894
-0.58320;-0.56097;105.23
-0.64234;-0.51703;95.881
-0.63557;-0.50117;105.11
-0.65258;-0.50406;95.877
-0.64520;-0.48847;105.20
-0.62149;-0.54189;95.889
-0.61535;-0.52578;105.12
-0.63222;-0.52934;95.886
-0.62546;-0.51348;105.21
-0.60478;-0.53766;105.22
-0.67338;-0.42148;114.40
-0.66480;-0.43488;114.41
-0.65653;-0.42013;123.86
-0.65628;-0.44764;114.40
-0.64716;-0.46070;114.41
-0.63950;-0.44563;123.85
-0.64801;-0.43288;123.95
-0.22775;-0.87283;51.238
-0.24063;-0.88587;42.547
-0.22289;-0.89049;42.552
-0.24478;-0.86804;51.328
-0.18222;-0.91598;33.979
-0.19468;-0.93003;25.399
-0.17607;-0.93373;25.401
-0.20012;-0.91206;34.069
-0.19332;-0.88107;51.254
-0.20567;-0.89460;42.560
-0.18777;-0.89852;42.565
-0.21053;-0.87695;51.342
-0.15119;-0.95444;17.020
-0.14612;-0.92240;33.989
-0.15802;-0.93694;25.406
-0.13928;-0.93990;25.409
-0.16417;-0.91919;34.080
-0.11360;-0.95963;17.025
-0.88819;0.28850;34.007
-0.90069;0.30255;25.421
-0.90655;0.28451;25.420
-0.89351;0.27096;34.103
-0.89846;0.18765;42.613
-0.88099;0.19318;51.311
-0.89453;0.20556;42.611
-0.88444;0.17581;51.408
-0.89040;0.22278;42.609
-0.87273;0.22763;51.307
-0.88578;0.24052;42.607
-0.87686;0.21040;51.405
-0.88098;0.25757;42.605
-0.86313;0.26172;51.304
-0.87566;0.27511;42.604
-0.86793;0.24467;51.402
-0.88515;-0.043933;60.027
-0.86992;-0.034501;68.877
-0.88585;-0.026232;60.032
-0.86892;-0.051564;68.966
-0.88618;-0.0091300;60.038
-0.87058;-2.9704E-4;68.889
-0.88618;0.0085939;60.042
-0.87025;-0.017399;68.979
-0.88584;0.025706;60.045
-0.86991;0.033927;68.896
-0.88514;0.043421;60.048
-0.87025;0.016815;68.989
-0.88414;0.060508;60.050
-0.86790;0.068101;68.901
-0.88274;0.078180;60.053
-0.86890;0.051014;68.995
-0.87088;0.16407;60.055
-0.85386;0.16969;68.903
-0.86743;0.18144;60.053
-0.87665;0.12974;60.055
-0.85986;0.13603;68.904
-0.87388;0.14724;60.055
-0.85686;0.15286;68.999
-0.88107;0.095208;60.053
-0.86455;0.10216;68.903
-0.87899;0.11280;60.055
-0.86221;0.11909;68.999
-0.86622;0.085128;68.998
-0.84032;-0.15900;77.735
-0.82670;-0.14792;86.767
-0.84331;-0.14219;77.743
-0.82349;-0.16407;86.858
-0.84588;-0.12592;77.750
-0.83184;-0.11538;86.782
-0.84821;-0.10900;77.758
-0.82927;-0.13165;86.870
-0.85014;-0.092643;77.767
-0.83569;-0.082659;86.802
-0.85181;-0.075643;77.776
-0.83377;-0.099019;86.888
-0.85309;-0.059214;77.785
-0.83826;-0.049802;86.821
-0.85409;-0.042151;77.793
-0.83698;-0.066230;86.907
-0.75864;-0.32323;95.843
-0.74779;-0.30985;105.09
-0.76493;-0.30803;95.847
-0.74144;-0.32437;105.18
-0.80702;-0.16922;95.883
-0.79376;-0.15820;105.13
-0.81023;-0.15306;95.888
-0.79977;-0.20075;95.876
-0.78695;-0.18923;105.12
-0.80361;-0.18473;95.879
-0.79035;-0.17371;105.22
-0.79129;-0.23198;95.869
-0.77893;-0.21996;105.11
-0.79576;-0.21612;95.873
-0.78294;-0.20459;105.21
-0.78159;-0.26284;95.862
-0.76972;-0.25035;105.11
-0.78668;-0.24717;95.866
-0.77433;-0.23515;105.21
-0.77070;-0.29327;95.853
-0.75933;-0.28033;105.10
-0.77640;-0.27783;95.857
-0.76452;-0.26534;105.20
-0.75356;-0.29509;105.19
-0.68941;-0.39471;114.40
-0.68137;-0.40842;114.41
-0.67251;-0.39401;123.87
-0.66452;-0.40707;123.96
-0.70435;-0.36736;114.41
-0.69687;-0.38136;114.41
-0.68743;-0.36731;123.88
-0.67997;-0.38066;123.97
-0.71818;-0.33949;114.42
-0.71127;-0.35375;114.42
-0.70127;-0.34010;123.89
-0.69435;-0.35371;123.98
-0.72456;-0.32564;114.42
-0.71402;-0.31240;123.90
-0.73090;-0.31112;114.43
-0.70764;-0.32625;123.99
-0.65598;-0.39287;133.40
-0.64799;-0.40593;133.39
-0.63945;-0.39173;143.07
-0.90661;0.33440;17.030
-0.87618;0.32314;34.008
-0.88811;0.33767;25.422
-0.89468;0.31987;25.421
-0.88219;0.30582;34.103
-0.29840;-0.83464;59.954
-0.30130;-0.81696;68.796
-0.31501;-0.82851;59.954
-0.31722;-0.81072;68.894
-0.26541;-0.84570;59.958
-0.26900;-0.82815;68.798
-0.28225;-0.84023;59.956
-0.28515;-0.82255;68.893
-0.23203;-0.85544;59.970
-0.23631;-0.83805;68.809
-0.24907;-0.85064;59.964
-0.25266;-0.83310;68.899
-0.46841;-0.71553;77.745
-0.45400;-0.72476;77.743
-0.45294;-0.70721;86.770
-0.46665;-0.69804;86.868
-0.30366;-0.79954;77.714
-0.30601;-0.78213;86.746
-0.31958;-0.79331;77.716
-0.33483;-0.78699;77.718
-0.33651;-0.76949;86.750
-0.35051;-0.78013;77.721
-0.32126;-0.77581;86.844
-0.38092;-0.76573;77.727
-0.36551;-0.77321;77.723
-0.36651;-0.75566;86.753
-0.35151;-0.76258;86.848
-0.41074;-0.75014;77.734
-0.39564;-0.75822;77.730
-0.39596;-0.74064;86.758
-0.38124;-0.74815;86.852
-0.43993;-0.73339;77.740
-0.42516;-0.74206;77.737
-0.42479;-0.72448;86.764
-0.43887;-0.71585;86.863
-0.41037;-0.73256;86.857
-0.49146;-0.66208;95.891
-0.47814;-0.67177;95.888
-0.47592;-0.65468;105.12
-0.48856;-0.64509;105.22
-0.46511;-0.68086;95.884
-0.45140;-0.69004;95.881
-0.44986;-0.67286;105.11
-0.46289;-0.66377;105.21
-0.48588;-0.62840;114.45
-0.47324;-0.63798;114.45
-0.47057;-0.62128;123.90
-0.51010;-0.60887;114.47
-0.49786;-0.61893;114.46
-0.49452;-0.60235;123.92
-0.48254;-0.61182;124.00
-0.63814;-0.47312;114.41
-0.62851;-0.48582;114.42
-0.62145;-0.47046;123.85
-0.63048;-0.45805;123.95
-0.53352;-0.58844;114.48
-0.52168;-0.59896;114.48
-0.51769;-0.58252;123.94
-0.50610;-0.59244;124.02
-0.55614;-0.56711;114.48
-0.54472;-0.57808;114.48
-0.54009;-0.56182;123.94
-0.52889;-0.57217;124.03
-0.57795;-0.54489;114.46
-0.56695;-0.55632;114.47
-0.56170;-0.54025;123.92
-0.55089;-0.55103;124.03
-0.59892;-0.52180;114.45
-0.58835;-0.53368;114.45
-0.58249;-0.51782;123.90
-0.57210;-0.52903;124.01
-0.61900;-0.49786;114.43
-0.60889;-0.51016;114.43
-0.60243;-0.49454;123.87
-0.61194;-0.48250;123.96
-0.59246;-0.50618;123.98
-0.64009;-0.41836;133.36
-0.63158;-0.43111;133.36
-0.62366;-0.41659;143.00
-0.63156;-0.40416;143.13
-0.62318;-0.44323;133.33
-0.61416;-0.45565;133.33
-0.60686;-0.44083;142.95
-0.61526;-0.42871;143.07
-0.19828;-0.86385;59.986
-0.20325;-0.84664;68.825
-0.21550;-0.85974;59.978
-0.21978;-0.84234;68.913
-0.15858;-0.88795;51.270
-0.17040;-0.90196;42.573
-0.15235;-0.90518;42.578
-0.17595;-0.88451;51.357
-0.16422;-0.87094;60.003
-0.16986;-0.85393;68.844
-0.18159;-0.86750;59.995
-0.18655;-0.85029;68.930
-0.10979;-0.92741;33.999
-0.12112;-0.94241;25.414
-0.10227;-0.94463;25.416
-0.12796;-0.92491;34.090
-0.11670;-0.91044;42.590
-0.12361;-0.89346;51.284
-0.13486;-0.90793;42.585
-0.14110;-0.89070;51.373
-0.075836;-0.96334;17.031
-0.073299;-0.93099;34.008
-0.084027;-0.94642;25.421
-0.065108;-0.94791;25.424
-0.091547;-0.92920;34.099
-0.037956;-0.96556;17.035
-0.87019;0.29195;42.604
-0.85219;0.29540;51.303
-0.86419;0.30927;42.604
-0.85766;0.27856;51.400
-0.86377;0.19814;60.052
-0.84654;0.20309;68.900
-0.85964;0.21536;60.050
-0.85020;0.18639;68.998
-0.85533;0.23191;60.049
-0.83792;0.23619;68.898
-0.85052;0.24895;60.047
-0.84223;0.21964;68.995
-0.84556;0.26531;60.047
-0.82800;0.26891;68.897
-0.84009;0.28215;60.046
-0.83296;0.25255;68.993
-0.85473;-0.025673;77.800
-0.83954;-0.016845;86.838
-0.85506;-0.0085712;77.806
-0.83890;-0.033324;86.926
-0.85506;0.0079341;77.812
-0.83953;0.016165;86.851
-0.85472;0.025046;77.817
-0.83954;-3.4011E-4;86.940
-0.85407;0.041547;77.820
-0.83823;0.049167;86.858
-0.85306;0.058634;77.823
-0.83888;0.032666;86.951
-0.85177;0.075093;77.823
-0.83565;0.082086;86.860
-0.85010;0.092121;77.825
-0.83694;0.065627;86.955
-0.83704;0.17474;77.820
-0.82021;0.17978;86.852
-0.83338;0.19144;77.819
-0.84325;0.14173;77.823
-0.82663;0.14743;86.856
-0.84025;0.15856;77.822
-0.82342;0.16361;86.950
-0.84816;0.10851;77.824
-0.83178;0.11486;86.859
-0.84582;0.12545;77.824
-0.82921;0.13114;86.953
-0.83371;0.098472;86.956
-0.81302;-0.13743;95.893
-0.79933;-0.12694;105.14
-0.81559;-0.12116;95.901
-0.79654;-0.14257;105.23
-0.81775;-0.10544;95.909
-0.80367;-0.095494;105.16
-0.81968;-0.089076;95.919
-0.80150;-0.11122;105.25
-0.82123;-0.073275;95.929
-0.80676;-0.063891;105.18
-0.82251;-0.056846;95.940
-0.80522;-0.079692;105.26
-0.82344;-0.040988;95.950
-0.80861;-0.032174;105.20
-0.82408;-0.024509;95.959
-0.80769;-0.048032;105.29
-0.73674;-0.29704;114.43
-0.72568;-0.28423;123.91
-0.74251;-0.28228;114.44
-0.71985;-0.29832;124.00
-0.78043;-0.14779;114.47
-0.76710;-0.13738;123.95
-0.78321;-0.13216;114.48
-0.77405;-0.17831;114.46
-0.76114;-0.16739;123.93
-0.77745;-0.16279;114.47
-0.76412;-0.15238;124.04
-0.76647;-0.20854;114.45
-0.75400;-0.19713;123.92
-0.77048;-0.19318;114.46
-0.75757;-0.18226;124.02
-0.75771;-0.23845;114.45
-0.74570;-0.22655;123.91
-0.76231;-0.22326;114.45
-0.74985;-0.21184;124.01
-0.74779;-0.26797;114.44
-0.73625;-0.25561;123.91
-0.75298;-0.25298;114.44
-0.74097;-0.24108;124.01
-0.73097;-0.26992;124.00
-0.66337;-0.38015;133.43
-0.65424;-0.36630;143.13
-0.67083;-0.36681;133.43
-0.64685;-0.37901;143.19
-0.67773;-0.35383;133.46
-0.66803;-0.34034;143.18
-0.68465;-0.34022;133.47
-0.66114;-0.35332;143.25
-0.69104;-0.32700;133.48
-0.68082;-0.31390;143.20
-0.69742;-0.31315;133.48
-0.67442;-0.32712;143.28
-0.70330;-0.29972;133.48
-0.69258;-0.28705;143.19
-0.70913;-0.28564;133.48
-0.68670;-0.30048;143.29
-0.62340;-0.39020;152.74
-0.61551;-0.40263;152.70
-0.60736;-0.38866;162.55
-0.63806;-0.36539;152.85
-0.63066;-0.37810;152.82
-0.62188;-0.36448;162.73
-0.61462;-0.37657;162.73
-0.89278;0.36973;17.033
-0.86282;0.35726;34.012
-0.87417;0.37226;25.426
-0.88143;0.35473;25.424
-0.86950;0.34020;34.106
-0.85806;0.32587;42.605
-0.83994;0.32860;51.306
-0.85138;0.34293;42.608
-0.84607;0.31200;51.400
-0.27204;-0.81084;77.716
-0.27507;-0.79354;86.747
-0.28819;-0.80525;77.715
-0.29054;-0.78783;86.843
-0.24002;-0.82088;77.725
-0.24373;-0.80371;86.754
-0.25637;-0.81593;77.719
-0.25940;-0.79862;86.846
-0.20763;-0.82963;77.739
-0.21202;-0.81262;86.767
-0.22416;-0.82534;77.731
-0.22787;-0.80817;86.856
-0.43801;-0.69862;95.879
-0.42393;-0.70725;95.876
-0.42308;-0.69003;105.11
-0.43647;-0.68144;105.21
-0.29303;-0.77075;95.877
-0.27756;-0.77646;95.877
-0.28006;-0.75937;105.13
-0.32309;-0.75865;95.876
-0.30784;-0.76496;95.874
-0.30967;-0.74780;105.12
-0.29486;-0.75359;105.22
-0.35268;-0.74535;95.875
-0.33768;-0.75227;95.873
-0.33884;-0.73505;105.12
-0.32426;-0.74142;105.22
-0.38173;-0.73090;95.875
-0.36701;-0.73840;95.873
-0.36751;-0.72115;105.11
-0.35317;-0.72810;105.21
-0.41020;-0.71531;95.876
-0.39578;-0.72339;95.873
-0.39561;-0.70614;105.11
-0.40934;-0.69808;105.21
-0.38156;-0.71364;105.21
-0.46089;-0.64698;114.44
-0.44786;-0.65607;114.43
-0.44587;-0.63927;123.88
-0.45822;-0.63028;123.99
-0.43514;-0.66458;114.43
-0.42175;-0.67316;114.43
-0.42043;-0.65629;123.88
-0.43315;-0.64778;123.98
-0.47945;-0.59554;133.45
-0.46748;-0.60500;133.43
-0.46438;-0.58873;143.11
-0.45579;-0.61390;133.41
-0.44344;-0.62289;133.41
-0.44101;-0.60651;143.07
-0.45270;-0.59762;143.18
-0.50235;-0.57628;133.48
-0.49077;-0.58620;133.47
-0.48702;-0.57005;143.16
-0.47570;-0.57939;143.23
-0.60524;-0.46741;133.34
-0.59573;-0.47945;133.35
-0.58903;-0.46436;142.96
-0.59794;-0.45259;143.05
-0.52451;-0.55616;133.49
-0.51331;-0.56652;133.49
-0.50893;-0.55051;143.19
-0.49797;-0.56028;143.27
-0.54591;-0.53520;133.48
-0.53511;-0.54599;133.49
-0.53013;-0.53016;143.17
-0.51953;-0.54034;143.27
-0.56654;-0.51342;133.43
-0.55614;-0.52464;133.45
-0.55058;-0.50903;143.11
-0.54035;-0.51960;143.24
-0.58633;-0.49082;133.38
-0.57636;-0.50246;133.39
-0.57023;-0.48710;143.03
-0.57963;-0.47573;143.09
-0.56041;-0.49806;143.16
-0.60778;-0.41446;152.60
-0.59938;-0.42658;152.58
-0.59190;-0.41234;162.35
-0.59963;-0.40050;162.55
-0.59108;-0.43809;152.55
-0.58217;-0.44985;152.55
-0.57531;-0.43534;162.28
-0.58360;-0.42384;162.41
-0.59197;-0.38679;172.25
-0.58424;-0.39863;172.15
-0.57658;-0.38492;182.10
-0.17492;-0.83711;77.757
-0.17998;-0.82029;86.784
-0.19161;-0.83347;77.747
-0.19600;-0.81646;86.871
-0.12991;-0.87669;60.019
-0.13621;-0.85991;68.862
-0.14740;-0.87393;60.012
-0.15304;-0.85692;68.949
-0.14193;-0.84330;77.775
-0.14764;-0.82669;86.802
-0.15875;-0.84031;77.766
-0.16381;-0.82349;86.889
-0.080866;-0.91430;42.601
-0.088433;-0.89760;51.297
-0.099114;-0.91251;42.597
-0.10602;-0.89553;51.386
-0.095390;-0.88109;60.033
-0.10235;-0.86457;68.877
-0.11298;-0.87901;60.027
-0.11928;-0.86224;68.965
-0.036691;-0.93313;34.016
-0.046805;-0.94898;25.427
-0.027843;-0.94972;25.429
-0.054995;-0.93206;34.108
-0.044907;-0.91675;42.610
-0.053124;-0.90036;51.307
-0.063211;-0.91568;42.606
-0.070778;-0.89898;51.397
-1.8805E-5;-0.96630;17.038
-2.8931E-5;-0.93385;34.021
-0.0095119;-0.95008;25.432
0.0094641;-0.95007;25.433
-0.018360;-0.93349;34.114
-0.83450;0.29830;60.047
-0.81680;0.30120;68.898
-0.82837;0.31490;60.048
-0.82240;0.28505;68.993
-0.82953;0.20748;77.817
-0.81252;0.21186;86.849
-0.82522;0.22402;77.816
-0.81637;0.19582;86.946
-0.82075;0.23990;77.816
-0.80358;0.24362;86.848
-0.81579;0.25626;77.815
-0.80805;0.22774;86.944
-0.81069;0.27195;77.816
-0.79338;0.27499;86.850
-0.80509;0.28809;77.817
-0.79848;0.25930;86.945
-0.82438;-0.0086142;95.968
-0.80922;-3.8310E-4;105.22
-0.82438;0.0078910;95.975
-0.80892;-0.016278;105.31
-0.82406;0.023800;95.982
-0.80859;0.031434;105.24
-0.82341;0.040301;95.986
-0.80890;0.015526;105.32
-0.82247;0.056191;95.990
-0.80671;0.063216;105.24
-0.82118;0.072651;95.991
-0.80765;0.047325;105.34
-0.81962;0.088488;95.991
-0.80360;0.094889;105.24
-0.81769;0.10487;95.991
-0.80516;0.079053;105.34
-0.80357;0.18426;95.971
-0.78692;0.18874;105.21
-0.79972;0.20030;95.969
-0.81017;0.15256;95.979
-0.79370;0.15769;105.22
-0.80696;0.16873;95.977
-0.79031;0.17321;105.31
-0.81552;0.12063;95.986
-0.79926;0.12639;105.24
-0.81295;0.13691;95.985
-0.79648;0.14204;105.33
-0.80143;0.11064;105.34
-0.78560;-0.11706;114.49
-0.77186;-0.10717;123.97
-0.78777;-0.10133;114.50
-0.76948;-0.12227;124.06
-0.78955;-0.086148;114.51
-0.77543;-0.076801;124.00
-0.79110;-0.070346;114.52
-0.77364;-0.091985;124.08
-0.79228;-0.055099;114.54
-0.77780;-0.046307;124.03
-0.79321;-0.039240;114.55
-0.77662;-0.061554;124.11
-0.79380;-0.023948;114.56
-0.77899;-0.015722;124.05
-0.79410;-0.0080528;114.57
-0.77840;-0.031015;124.13
-0.71449;-0.27201;133.47
-0.70330;-0.25979;143.17
-0.71977;-0.25770;133.47
-0.69794;-0.27342;143.27
-0.75373;-0.12757;133.51
-0.74037;-0.11775;143.21
-0.75612;-0.11246;133.52
-0.74819;-0.15707;133.48
-0.73524;-0.14676;143.17
-0.75117;-0.14207;133.49
-0.73780;-0.13226;143.29
-0.74147;-0.18632;133.46
-0.72894;-0.17551;143.15
-0.74504;-0.17145;133.47
-0.73209;-0.16114;143.25
-0.73360;-0.21526;133.46
-0.72151;-0.20396;143.14
-0.73775;-0.20054;133.46
-0.72523;-0.18974;143.24
-0.72460;-0.24384;133.46
-0.71296;-0.23207;143.15
-0.72933;-0.22931;133.46
-0.71723;-0.21801;143.24
-0.70813;-0.24593;143.25
-0.68176;-0.27497;152.96
-0.67093;-0.26289;162.88
-0.68712;-0.26134;152.95
-0.64488;-0.35303;152.92
-0.63551;-0.33975;162.86
-0.65177;-0.34005;152.94
-0.62869;-0.35212;162.89
-0.65813;-0.32741;152.99
-0.64822;-0.31449;162.96
-0.66452;-0.31419;153.00
-0.64187;-0.32712;163.00
-0.67043;-0.30136;153.01
-0.66004;-0.28881;162.97
-0.67631;-0.28793;153.01
-0.66548;-0.27585;163.02
-0.65413;-0.30165;163.06
-0.60620;-0.36317;172.58
-0.59894;-0.37527;172.49
-0.59051;-0.36187;182.59
-0.58355;-0.37339;182.44
-0.61288;-0.35147;172.69
-0.60389;-0.33846;182.81
-0.61970;-0.33910;172.76
-0.59720;-0.35016;182.80
-0.87758;0.40448;17.036
-0.84813;0.39084;34.017
-0.85888;0.40627;25.431
-0.86683;0.38905;25.429
-0.85548;0.37405;34.110
-0.86102;0.43861;17.039
-0.84461;0.35928;42.610
-0.82640;0.36129;51.311
-0.83726;0.37606;42.613
-0.83317;0.34495;51.404
-0.82215;0.33080;60.049
-0.80436;0.33300;68.901
-0.81538;0.34714;60.052
-0.81058;0.31710;68.995
-0.84314;0.47207;17.039
-0.24688;-0.78674;95.885
-0.25004;-0.76977;105.14
-0.26256;-0.78165;95.881
-0.26505;-0.76457;105.23
-0.21584;-0.79580;95.896
-0.21965;-0.77897;105.15
-0.23169;-0.79134;95.889
-0.23484;-0.77437;105.24
-0.18445;-0.80362;95.911
-0.18893;-0.78696;105.16
-0.20047;-0.79979;95.903
-0.20429;-0.78296;105.25
-0.40868;-0.68116;114.43
-0.39495;-0.68922;114.43
-0.39429;-0.67230;123.89
-0.40736;-0.66430;123.98
-0.26766;-0.74781;114.49
-0.25266;-0.75300;114.50
-0.25527;-0.73624;123.99
-0.29684;-0.73673;114.48
-0.28203;-0.74252;114.49
-0.28400;-0.72567;123.97
-0.26964;-0.73095;124.08
-0.32558;-0.72451;114.47
-0.31099;-0.73089;114.47
-0.31231;-0.71398;123.95
-0.29816;-0.71982;124.06
-0.35384;-0.71117;114.45
-0.33951;-0.71811;114.46
-0.34017;-0.70118;123.92
-0.32624;-0.70758;124.03
-0.38156;-0.69671;114.44
-0.36751;-0.70421;114.44
-0.36752;-0.68728;123.90
-0.38091;-0.67979;123.99
-0.35385;-0.69423;124.01
-0.47220;-0.56355;152.88
-0.46089;-0.57289;152.86
-0.45739;-0.55706;162.75
-0.43139;-0.63131;133.40
-0.41867;-0.63982;133.40
-0.41691;-0.62335;143.05
-0.42896;-0.61493;143.15
-0.40626;-0.64776;133.40
-0.39319;-0.65576;133.41
-0.39210;-0.63923;143.06
-0.40450;-0.63129;143.15
-0.42681;-0.59890;152.75
-0.41475;-0.60732;152.75
-0.41260;-0.59130;162.58
-0.44987;-0.58168;152.80
-0.43818;-0.59058;152.78
-0.43535;-0.57464;162.64
-0.44637;-0.56585;162.79
-0.42398;-0.58297;162.71
-0.49384;-0.54456;152.95
-0.48288;-0.55433;152.93
-0.47875;-0.53862;162.85
-0.46807;-0.54784;162.90
-0.57332;-0.46094;152.61
-0.56392;-0.47231;152.64
-0.55761;-0.45752;162.40
-0.56646;-0.44643;162.44
-0.51482;-0.52477;152.95
-0.50422;-0.53494;152.96
-0.49951;-0.51938;162.88
-0.48913;-0.52900;162.96
-0.53509;-0.50424;152.88
-0.52487;-0.51481;152.91
-0.51961;-0.49945;162.79
-0.50956;-0.50941;162.93
-0.55461;-0.48298;152.74
-0.54479;-0.49395;152.79
-0.53899;-0.47886;162.61
-0.54830;-0.46819;162.60
-0.52930;-0.48915;162.80
-0.57672;-0.40998;171.93
-0.56843;-0.42148;171.89
-0.56154;-0.40762;181.65
-0.56906;-0.39627;181.97
-0.55124;-0.44337;172.05
-0.54487;-0.42923;181.83
-0.56009;-0.43229;171.98
-0.55321;-0.41843;181.84
-0.57528;-0.36009;192.66
-0.56831;-0.37161;192.41
-0.56005;-0.35831;202.90
-0.56229;-0.38312;191.40
-0.55477;-0.39447;191.17
-0.54800;-0.38132;200.84
-0.55402;-0.36981;201.96
-0.15277;-0.81021;95.928
-0.15790;-0.79374;105.18
-0.16894;-0.80701;95.919
-0.17341;-0.79035;105.26
0.037919;-0.96556;17.039
-0.10871;-0.84819;77.791
-0.11507;-0.83182;86.819
-0.12564;-0.84586;77.783
-0.13136;-0.82925;86.906
-0.12084;-0.81557;95.942
-0.12661;-0.79931;105.19
-0.13713;-0.81300;95.933
-0.14226;-0.79653;105.28
-0.060723;-0.88413;60.044
-0.068322;-0.86790;68.889
-0.078377;-0.88275;60.039
-0.085335;-0.86623;68.979
-0.075318;-0.85179;77.803
-0.082314;-0.83568;86.832
-0.092330;-0.85012;77.797
-0.098691;-0.83375;86.921
-0.0088839;-0.91779;42.616
-0.017739;-0.90174;51.314
-0.027215;-0.91744;42.614
-0.035431;-0.90105;51.406
-0.025971;-0.88582;60.052
-0.034204;-0.86990;68.898
-0.043664;-0.88513;60.049
-0.051263;-0.86890;68.990
0.036634;-0.93313;34.022
0.027796;-0.94971;25.433
0.046758;-0.94897;25.433
0.018302;-0.93349;34.117
0.0088205;-0.91779;42.618
0.027152;-0.91743;42.619
0.017670;-0.90174;51.318
-3.4490E-5;-0.90174;51.412
-0.79317;0.31945;77.820
-0.79939;0.30355;77.819
-0.78198;0.30590;86.854
-0.78768;0.29045;86.948
-0.79572;0.21569;95.965
-0.77891;0.21951;105.20
-0.79124;0.23156;95.965
-0.78291;0.20413;105.30
-0.78663;0.24678;95.965
-0.76968;0.24994;105.20
-0.78153;0.26246;95.966
-0.77430;0.23473;105.30
-0.77062;0.29294;95.971
-0.77633;0.27748;95.969
-0.75927;0.27997;105.21
-0.76448;0.26496;105.30
-0.76645;0.20807;114.54
-0.77046;0.19268;114.54
-0.75400;0.19662;124.00
-0.79410;0.0072603;114.58
-0.77898;0.014904;124.06
-0.79378;0.023169;114.58
-0.77898;-4.0935E-4;124.15
-0.79318;0.038481;114.59
-0.77777;0.045528;124.08
-0.79224;0.054372;114.60
-0.77837;0.030216;124.17
-0.79103;0.069657;114.60
-0.77536;0.076098;124.09
-0.78948;0.085493;114.60
-0.77656;0.060813;124.18
-0.78769;0.10072;114.60
-0.77177;0.10655;124.08
-0.78552;0.11647;114.59
-0.77357;0.091323;124.18
-0.77401;0.17779;114.55
-0.77740;0.16227;114.56
-0.76110;0.16685;124.03
-0.75755;0.18174;124.11
-0.78037;0.14725;114.57
-0.78315;0.13160;114.58
-0.76703;0.13681;124.06
-0.76407;0.15183;124.14
-0.76940;0.12168;124.16
-0.75810;-0.097880;133.55
-0.74434;-0.088592;143.27
-0.75988;-0.082697;133.56
-0.74235;-0.10317;143.34
-0.72703;-0.10855;152.98
-0.71368;-0.099340;162.90
-0.72901;-0.093966;153.01
-0.76129;-0.068049;133.59
-0.74716;-0.059297;143.32
-0.76248;-0.052802;133.61
-0.74575;-0.073945;143.39
-0.76333;-0.038096;133.62
-0.74885;-0.029886;143.36
-0.76392;-0.022804;133.63
-0.74801;-0.044592;143.44
-0.76421;0.0072431;133.65
-0.76421;-0.0080700;133.64
-0.74944;-4.1753E-4;143.37
-0.74914;-0.015152;143.46
-0.69207;-0.24817;152.89
-0.68083;-0.23656;162.76
-0.69689;-0.23432;152.88
-0.67588;-0.24973;162.91
-0.72232;-0.13704;152.90
-0.70940;-0.12732;162.78
-0.72489;-0.12254;152.93
-0.71154;-0.11333;162.94
-0.71643;-0.16531;152.87
-0.70392;-0.15510;162.73
-0.71958;-0.15093;152.88
-0.70666;-0.14121;162.85
-0.70940;-0.19325;152.87
-0.69730;-0.18255;162.74
-0.71312;-0.17903;152.87
-0.70061;-0.16883;162.83
-0.70129;-0.22089;152.87
-0.68962;-0.20971;162.74
-0.70557;-0.20683;152.87
-0.69346;-0.19613;162.83
-0.68523;-0.22313;162.84
-0.66018;-0.25135;172.76
-0.64943;-0.23980;182.80
-0.66513;-0.23818;172.70
-0.65503;-0.26380;172.94
-0.64959;-0.27676;172.99
-0.63914;-0.26470;183.16
-0.64428;-0.25225;183.08
-0.62596;-0.32707;172.87
-0.61640;-0.31438;183.04
-0.63231;-0.31443;172.92
-0.61015;-0.32642;183.02
-0.64407;-0.28924;173.03
-0.63816;-0.30208;173.02
-0.62810;-0.28967;183.24
-0.63362;-0.27719;183.30
-0.62225;-0.30202;183.24
-0.58861;-0.33744;192.82
-0.58193;-0.34915;192.70
-0.57334;-0.33642;202.97
-0.56669;-0.34736;203.03
-0.59476;-0.32613;192.94
-0.58562;-0.31381;203.23
-0.60101;-0.31410;193.06
-0.57948;-0.32512;203.20
-0.83214;0.42381;34.021
-0.84227;0.43966;25.433
-0.85089;0.42276;25.432
-0.84013;0.40733;34.115
-0.82986;0.39213;42.616
-0.81158;0.39343;51.317
-0.82186;0.40862;42.618
-0.81899;0.37736;51.409
-0.81486;0.45615;34.023
-0.82437;0.47239;25.434
-0.83363;0.45583;25.434
-0.82350;0.43998;34.118
-0.80854;0.36279;60.054
-0.79067;0.36428;68.906
-0.80113;0.37885;60.058
-0.79752;0.34864;68.999
-0.78002;0.35031;77.825
-0.78687;0.33466;77.822
-0.76937;0.33633;86.858
-0.77568;0.32112;86.952
-0.79632;0.48778;34.022
-0.81510;0.48820;25.433
-0.80559;0.47196;34.118
-0.80519;0.50438;25.433
-0.82396;0.50481;17.038
-0.23810;-0.75772;114.51
-0.22291;-0.76232;114.51
-0.22617;-0.74567;124.01
-0.24072;-0.74095;124.09
-0.19282;-0.77045;114.53
-0.19672;-0.75394;124.03
-0.20818;-0.76645;114.52
-0.21144;-0.74980;124.11
-0.16243;-0.77740;114.54
-0.16697;-0.76105;124.04
-0.17795;-0.77400;114.54
-0.18184;-0.75749;124.13
-0.38046;-0.66321;133.42
-0.36707;-0.67070;133.43
-0.36663;-0.65412;143.09
-0.37936;-0.64667;143.17
-0.24345;-0.72452;133.59
-0.22890;-0.72924;133.60
-0.23163;-0.71281;143.33
-0.27175;-0.71443;133.57
-0.25739;-0.71971;133.57
-0.25951;-0.70319;143.30
-0.24557;-0.70800;143.41
-0.29965;-0.70324;133.53
-0.28549;-0.70908;133.55
-0.28698;-0.69250;143.26
-0.27324;-0.69784;143.38
-0.32709;-0.69098;133.49
-0.31316;-0.69738;133.50
-0.31401;-0.68077;143.20
-0.30050;-0.68663;143.32
-0.35405;-0.67763;133.45
-0.34037;-0.68458;133.46
-0.34058;-0.66798;143.13
-0.35360;-0.66105;143.21
-0.32730;-0.67438;143.26
-0.44316;-0.55039;172.61
-0.43215;-0.55918;172.55
-0.42894;-0.54372;182.61
-0.46418;-0.53248;172.77
-0.45349;-0.54170;172.72
-0.44960;-0.52634;182.84
-0.43927;-0.53503;182.82
-0.40303;-0.61517;152.74
-0.39062;-0.62311;152.75
-0.38915;-0.60700;162.58
-0.40088;-0.59915;162.68
-0.37855;-0.63049;152.77
-0.36581;-0.63794;152.78
-0.36500;-0.62176;162.61
-0.37708;-0.61438;162.69
-0.39907;-0.58353;172.39
-0.38734;-0.59138;172.39
-0.38553;-0.57575;182.35
-0.42148;-0.56748;172.43
-0.41011;-0.57581;172.40
-0.40761;-0.56032;182.36
-0.41828;-0.55202;182.58
-0.39657;-0.56804;182.45
-0.48465;-0.51373;172.87
-0.47428;-0.52335;172.85
-0.46980;-0.50808;183.01
-0.45970;-0.51721;183.02
-0.53305;-0.46441;172.36
-0.52710;-0.44996;182.26
-0.54236;-0.45374;172.26
-0.53599;-0.43960;182.14
-0.50459;-0.49428;172.81
-0.49454;-0.50425;172.85
-0.48957;-0.48912;182.98
-0.47969;-0.49860;183.09
-0.51413;-0.48463;172.67
-0.50866;-0.46981;182.70
-0.52383;-0.47434;172.57
-0.51788;-0.45988;182.57
-0.49912;-0.47946;182.93
-0.53866;-0.41583;191.34
-0.53245;-0.40242;200.99
-0.54699;-0.40502;191.25
-0.54023;-0.39187;201.01
-0.52114;-0.43621;191.99
-0.51518;-0.42246;201.86
-0.53003;-0.42585;191.77
-0.52382;-0.41244;201.52
-0.55205;-0.34763;212.31
-0.54405;-0.33696;221.87
-0.55870;-0.33669;212.37
-0.53452;-0.37883;210.20
-0.52675;-0.38938;210.29
-0.52104;-0.37634;219.71
-0.53848;-0.36019;215.78
-0.54926;-0.35925;209.32
-0.54324;-0.37075;208.27
-0.54127;-0.34857;218.89
-0.52976;-0.36826;217.82
-0.13179;-0.78317;114.55
-0.13698;-0.76702;124.04
-0.14744;-0.78038;114.54
-0.15197;-0.76404;124.14
0.075800;-0.96333;17.037
0.073244;-0.93097;34.020
0.065063;-0.94789;25.432
0.083981;-0.94641;25.431
0.054939;-0.93205;34.117
0.11356;-0.95962;17.034
-0.088720;-0.81967;95.952
-0.095126;-0.80366;105.19
-0.10510;-0.81774;95.945
-0.11087;-0.80148;105.29
-0.10095;-0.78775;114.54
-0.10677;-0.77183;124.02
-0.11669;-0.78557;114.54
-0.12187;-0.76943;124.13
-0.041826;-0.85407;77.813
-0.049449;-0.83824;86.842
-0.058886;-0.85307;77.808
-0.065881;-0.83696;86.932
-0.056477;-0.82250;95.961
-0.063504;-0.80676;105.20
-0.072909;-0.82122;95.956
-0.079315;-0.80521;105.29
-0.0088912;-0.88615;60.055
0.0088132;-0.88615;60.058
-4.3516E-5;-0.87056;68.905
-0.017124;-0.87023;68.997
-0.025367;-0.85471;77.818
-0.0082866;-0.85504;77.821
-0.016530;-0.83952;86.851
-0.032989;-0.83888;86.942
0.044845;-0.91674;42.619
0.063150;-0.91566;42.618
0.053057;-0.90035;51.318
0.035363;-0.90104;51.414
0.025894;-0.88581;60.060
0.043588;-0.88511;60.060
0.034119;-0.86988;68.909
0.017038;-0.87022;69.003
-0.75853;0.32293;95.977
-0.76483;0.30772;95.975
-0.74769;0.30954;105.22
-0.75348;0.29475;105.31
-0.75770;0.23802;114.53
-0.76231;0.22280;114.53
-0.74571;0.22610;123.99
-0.74986;0.21136;124.09
-0.74776;0.26759;114.54
-0.75297;0.25258;114.53
-0.73625;0.25521;123.99
-0.74098;0.24065;124.09
-0.73667;0.29672;114.54
-0.74246;0.28193;114.54
-0.72566;0.28390;124.00
-0.73096;0.26955;124.09
-0.74147;0.18581;133.55
-0.74502;0.17092;133.56
-0.72893;0.17500;143.23
-0.73363;0.21480;133.52
-0.73777;0.20007;133.53
-0.72155;0.20351;143.20
-0.72524;0.18925;143.31
-0.76393;0.021975;133.65
-0.74888;0.029045;143.37
-0.76332;0.037286;133.65
-0.74916;0.014314;143.47
-0.76245;0.052003;133.66
-0.74714;0.058477;143.38
-0.76125;0.067288;133.66
-0.74801;0.043761;143.47
-0.75981;0.081980;133.66
-0.74426;0.087862;143.38
-0.75802;0.097205;133.66
-0.74570;0.073170;143.47
-0.75365;0.12697;133.63
-0.75602;0.11184;133.64
-0.74027;0.11713;143.34
-0.74226;0.10250;143.46
-0.74814;0.15652;133.59
-0.75110;0.14150;133.60
-0.73517;0.14619;143.29
-0.73205;0.16060;143.35
-0.73772;0.13166;143.41
-0.69871;-0.10417;172.75
-0.69657;-0.11816;172.69
-0.68373;-0.10900;182.74
-0.73059;-0.079912;153.08
-0.71684;-0.071232;163.03
-0.73200;-0.065265;153.11
-0.71526;-0.085286;163.06
-0.70039;-0.090762;172.88
-0.68709;-0.082183;183.01
-0.70197;-0.076708;172.95
-0.68541;-0.095593;182.97
-0.73304;-0.051128;153.16
-0.71893;-0.042958;163.14
-0.73389;-0.036422;153.18
-0.71789;-0.057095;163.18
-0.73472;-0.0074955;153.20
-0.73443;-0.022230;153.20
-0.72001;-0.014574;163.18
-0.71947;-0.028766;163.26
-0.73449;0.021416;153.17
-0.73477;0.0066845;153.17
-0.72011;0.013787;163.13
-0.72006;-3.9350E-4;163.25
-0.66974;-0.22555;172.56
-0.65864;-0.21454;182.50
-0.67413;-0.21212;172.55
-0.65403;-0.22717;182.75
-0.69158;-0.14552;172.54
-0.67924;-0.13593;182.50
-0.69432;-0.13162;172.57
-0.68149;-0.12247;182.72
-0.68526;-0.17249;172.60
-0.67321;-0.16243;182.62
-0.68857;-0.15877;172.60
-0.67623;-0.14918;182.66
-0.68181;-0.18550;172.63
-0.67797;-0.19908;172.63
-0.66632;-0.18845;182.68
-0.66977;-0.17544;182.74
-0.66248;-0.20149;182.69
-0.63890;-0.22916;192.61
-0.62837;-0.21852;202.57
-0.64351;-0.21653;192.46
-0.63396;-0.24059;193.11
-0.62882;-0.25304;193.30
-0.61850;-0.24138;203.59
-0.62344;-0.22995;203.17
-0.62339;-0.26510;193.60
-0.61787;-0.27758;193.64
-0.60764;-0.26549;204.21
-0.61307;-0.25344;204.00
-0.60670;-0.30223;193.31
-0.59699;-0.29008;203.74
-0.61254;-0.28987;193.41
-0.60231;-0.27779;204.07
-0.59131;-0.30195;203.58
-0.56454;-0.32504;213.04
-0.55574;-0.31367;223.28
-0.57068;-0.31374;213.18
-0.54990;-0.32531;222.68
-0.57613;-0.30244;213.60
-0.56664;-0.29106;224.15
-0.58181;-0.29057;213.87
-0.56119;-0.30236;223.81
-0.66930;-0.11311;192.58
-0.66706;-0.12657;192.46
-0.65487;-0.11722;202.58
-0.81382;0.42439;42.619
-0.79551;0.42497;51.320
-0.80518;0.44056;42.620
-0.80354;0.40920;51.414
-0.79367;0.39422;60.060
-0.77577;0.39501;68.911
-0.78564;0.40999;60.062
-0.78322;0.37965;69.004
-0.79654;0.45600;42.621
-0.77821;0.45586;51.321
-0.78727;0.47182;42.621
-0.78686;0.44042;51.417
-0.77313;0.36526;77.827
-0.75559;0.36624;86.862
-0.76568;0.38063;77.829
-0.76248;0.35128;86.956
-0.74527;0.35243;95.982
-0.75217;0.33747;95.981
-0.73496;0.33861;105.22
-0.74132;0.32407;105.32
-0.77656;0.51868;34.020
-0.79531;0.51983;25.431
-0.78644;0.50323;34.117
-0.77802;0.48692;42.620
-0.75972;0.48607;51.320
-0.76814;0.50237;42.619
-0.76897;0.47096;51.417
-0.78476;0.53561;25.431
-0.80351;0.53677;17.037
-0.20004;-0.73761;133.64
-0.20337;-0.72128;143.39
-0.21477;-0.73347;133.63
-0.21750;-0.71704;143.46
-0.17090;-0.74485;133.67
-0.17483;-0.72865;143.44
-0.18577;-0.74129;133.66
-0.18910;-0.72497;143.51
-0.14154;-0.75100;133.66
-0.14611;-0.73498;143.42
-0.15654;-0.74801;133.66
-0.16047;-0.73182;143.53
-0.35341;-0.64484;152.81
-0.34039;-0.65177;152.84
-0.34020;-0.63556;162.68
-0.35260;-0.62866;162.74
-0.20620;-0.70523;153.21
-0.20902;-0.68917;163.17
-0.22032;-0.70099;153.18
-0.24784;-0.69184;153.11
-0.23390;-0.69665;153.13
-0.23618;-0.68049;163.07
-0.22260;-0.68483;163.22
-0.27493;-0.68161;153.06
-0.26119;-0.68695;153.09
-0.26288;-0.67072;163.02
-0.24953;-0.67561;163.14
-0.30156;-0.67038;152.99
-0.28804;-0.67624;153.02
-0.28910;-0.65998;162.93
-0.27599;-0.66535;163.07
-0.32772;-0.65815;152.89
-0.31444;-0.66454;152.92
-0.31487;-0.64831;162.79
-0.32753;-0.64194;162.83
-0.30198;-0.65415;162.95
-0.41544;-0.53687;192.55
-0.40478;-0.54517;192.42
-0.40195;-0.53003;202.64
-0.43567;-0.52012;192.81
-0.42534;-0.52881;192.69
-0.42175;-0.51390;202.94
-0.41185;-0.52196;202.88
-0.44523;-0.51147;193.08
-0.44086;-0.49659;203.50
-0.45533;-0.50234;193.17
-0.43131;-0.50525;203.31
-0.37597;-0.59864;172.41
-0.36389;-0.60603;172.43
-0.36278;-0.59029;182.39
-0.37416;-0.58302;182.46
-0.35210;-0.61288;172.47
-0.33970;-0.61978;172.51
-0.33920;-0.60400;182.48
-0.35099;-0.59715;182.53
-0.37281;-0.56768;192.32
-0.36143;-0.57495;192.35
-0.36008;-0.55960;202.46
-0.38326;-0.56084;192.22
-0.38099;-0.54594;202.24
-0.39430;-0.55313;192.23
-0.39147;-0.53798;202.54
-0.37054;-0.55277;202.44
-0.47499;-0.48372;193.21
-0.46511;-0.49321;193.22
-0.46041;-0.47833;203.60
-0.45064;-0.48746;203.65
-0.50297;-0.45580;192.60
-0.49727;-0.44179;202.66
-0.51219;-0.44588;192.38
-0.50622;-0.43213;202.35
-0.49402;-0.46470;192.99
-0.48448;-0.47435;193.14
-0.47938;-0.45959;203.46
-0.48832;-0.45069;203.15
-0.46990;-0.46896;203.63
-0.53077;-0.31608;239.42
-0.54325;-0.31487;231.32
-0.53741;-0.32652;230.59
-0.50962;-0.41000;211.02
-0.50405;-0.39754;220.32
-0.51825;-0.39998;210.58
-0.51255;-0.38694;220.12
-0.49168;-0.41738;218.01
-0.50343;-0.41992;209.89
-0.49447;-0.42959;210.31
-0.49786;-0.40746;219.24
-0.49689;-0.37455;235.82
-0.50897;-0.37545;227.72
-0.50047;-0.38605;228.04
-0.52485;-0.35231;227.99
-0.51121;-0.34443;240.50
-0.52763;-0.34069;231.19
-0.52099;-0.33025;240.15
-0.51613;-0.36038;230.06
-0.50405;-0.35949;238.33
-0.11200;-0.75604;133.61
-0.11722;-0.74025;143.35
-0.12710;-0.75364;133.62
-0.13167;-0.73761;143.48
0.15115;-0.95442;17.031
0.10974;-0.92739;34.015
0.10223;-0.94461;25.428
0.12107;-0.94239;25.426
0.091492;-0.92918;34.113
0.080804;-0.91427;42.617
0.099052;-0.91248;42.615
0.088365;-0.89757;51.317
0.070711;-0.89896;51.414
0.14605;-0.92237;34.012
0.13923;-0.93988;25.425
0.15797;-0.93692;25.423
0.12790;-0.92488;34.109
-0.069947;-0.79110;114.54
-0.076391;-0.77544;124.02
-0.085758;-0.78955;114.54
-0.091579;-0.77364;124.12
-0.097448;-0.75811;133.58
-0.082259;-0.75991;133.58
-0.088128;-0.74438;143.28
-0.10268;-0.74231;143.41
-0.024170;-0.82406;95.973
-0.031809;-0.80860;105.22
-0.040629;-0.82342;95.968
-0.047657;-0.80768;105.30
-0.038859;-0.79321;114.56
-0.045908;-0.77782;124.03
-0.054706;-0.79229;114.55
-0.061149;-0.77663;124.12
0.0081826;-0.85503;77.825
0.025264;-0.85470;77.828
0.016409;-0.83951;86.860
-6.0500E-5;-0.83952;86.951
-0.0083064;-0.82436;95.980
0.0081628;-0.82436;95.985
-8.3074E-5;-0.80920;105.23
-0.015946;-0.80890;105.32
0.060647;-0.88410;60.062
0.078301;-0.88272;60.062
0.068238;-0.86786;68.914
0.051178;-0.86887;69.008
0.041726;-0.85404;77.833
0.058786;-0.85303;77.835
0.049334;-0.83820;86.871
0.032871;-0.83886;86.961
0.18849;-0.94776;17.029
-0.72446;0.32537;114.55
-0.73082;0.31083;114.55
-0.71395;0.31213;124.01
-0.71981;0.29801;124.10
-0.72463;0.24345;133.52
-0.72936;0.22889;133.52
-0.71301;0.23168;143.19
-0.71728;0.21759;143.29
-0.71451;0.27169;133.53
-0.71980;0.25735;133.53
-0.70335;0.25948;143.20
-0.70818;0.24558;143.29
-0.70329;0.29949;133.54
-0.70914;0.28537;133.54
-0.69263;0.28685;143.21
-0.69799;0.27317;143.30
-0.71640;0.16481;152.96
-0.71952;0.15041;152.99
-0.70386;0.15463;162.84
-0.70945;0.19287;152.91
-0.71314;0.17861;152.93
-0.69735;0.18223;162.76
-0.70061;0.16843;162.90
-0.70136;0.22057;152.89
-0.70563;0.20648;152.89
-0.68971;0.20945;162.73
-0.69353;0.19584;162.84
-0.73312;0.050274;153.15
-0.73398;0.035558;153.14
-0.71909;0.042071;163.07
-0.71960;0.027929;163.19
-0.73200;0.064399;153.16
-0.71686;0.070321;163.08
-0.73056;0.079091;153.16
-0.71798;0.056196;163.17
-0.72692;0.10786;153.12
-0.72892;0.093225;153.14
-0.71358;0.098589;163.04
-0.71522;0.084455;163.16
-0.72222;0.13646;153.04
-0.72477;0.12193;153.07
-0.70928;0.12673;162.94
-0.70657;0.14068;162.99
-0.71143;0.11266;163.09
-0.67260;-0.087108;193.01
-0.67092;-0.10052;192.87
-0.65810;-0.092032;203.16
-0.65649;-0.10462;202.96
-0.70315;-0.063159;173.06
-0.68945;-0.055087;183.26
-0.70419;-0.049023;173.12
-0.68827;-0.068635;183.23
-0.67389;-0.074300;193.19
-0.66068;-0.066417;203.53
-0.67507;-0.060752;193.31
-0.65939;-0.079224;203.44
-0.70487;-0.035324;173.22
-0.69082;-0.027689;183.46
-0.70541;-0.021131;173.24
-0.69014;-0.041388;183.45
-0.70577;0.0067676;173.19
-0.70572;-0.0074124;173.22
-0.69143;-2.5125E-4;183.42
-0.69112;-0.013970;183.53
-0.70571;0.020336;173.05
-0.69132;0.026885;183.12
-0.70520;0.034478;173.02
-0.69137;0.013317;183.36
-0.65127;-0.19073;192.71
-0.64743;-0.20378;192.62
-0.63622;-0.19302;202.90
-0.63230;-0.20577;202.83
-0.66137;-0.15328;192.51
-0.64952;-0.14412;202.55
-0.66438;-0.14002;192.45
-0.65220;-0.13067;202.67
-0.65462;-0.17844;192.80
-0.64292;-0.16843;203.08
-0.65807;-0.16543;192.77
-0.64622;-0.15628;202.90
-0.63957;-0.18073;203.08
-0.61414;-0.19975;217.35
-0.62518;-0.19638;210.09
-0.62126;-0.20913;209.93
-0.61425;-0.21867;212.59
-0.60931;-0.23010;213.13
-0.60013;-0.21882;222.79
-0.60713;-0.20928;220.14
-0.60237;-0.24116;215.01
-0.59694;-0.25321;215.34
-0.58624;-0.24093;226.66
-0.59318;-0.22987;224.82
-0.59225;-0.26584;214.76
-0.58692;-0.27814;214.52
-0.57686;-0.26619;225.49
-0.58155;-0.25356;226.19
-0.57175;-0.27863;224.93
-0.54473;-0.30271;235.07
-0.53372;-0.29175;247.12
-0.55018;-0.29141;235.55
-0.53224;-0.30392;243.34
-0.55091;-0.27085;242.54
-0.56389;-0.26852;233.98
-0.55877;-0.28096;233.28
-0.54231;-0.28130;244.94
-0.64295;-0.11056;212.31
-0.63103;-0.10391;222.20
-0.64456;-0.097973;212.63
-0.63202;-0.12624;218.35
-0.64344;-0.12173;210.43
-0.64077;-0.13518;210.42
-0.63152;-0.11508;220.34
-0.69142;0.14497;172.73
-0.69412;0.13103;172.78
-0.67897;0.13532;182.77
-0.75560;0.54877;34.018
-0.77428;0.55066;25.430
-0.76608;0.53372;34.115
-0.77759;0.42506;60.063
-0.75966;0.42515;68.914
-0.76894;0.44051;60.064
-0.76771;0.41008;69.008
-0.75820;0.39531;77.831
-0.74063;0.39560;86.865
-0.75015;0.41037;77.833
-0.74811;0.38092;86.959
-0.76030;0.45525;60.064
-0.74238;0.45464;68.915
-0.75105;0.47036;60.064
-0.75102;0.43990;69.011
-0.73087;0.38139;95.987
-0.73835;0.36671;95.985
-0.72111;0.36718;105.23
-0.72803;0.35289;105.32
-0.71112;0.35353;114.56
-0.71805;0.33925;114.56
-0.70114;0.33988;124.03
-0.70755;0.32600;124.12
-0.75831;0.51710;42.618
-0.74005;0.51553;51.318
-0.74782;0.53215;42.617
-0.74988;0.50080;51.415
-0.74184;0.48476;60.064
-0.72396;0.48344;68.915
-0.73200;0.49949;60.063
-0.73317;0.46904;69.011
-0.76313;0.56602;25.430
-0.78181;0.56791;17.036
-0.17818;-0.71267;153.31
-0.18153;-0.69669;163.32
-0.19245;-0.70899;153.28
-0.19527;-0.69293;163.34
-0.15002;-0.71911;153.32
-0.15394;-0.70324;163.37
-0.16438;-0.71594;153.33
-0.16773;-0.69996;163.44
-0.12181;-0.72461;153.19
-0.12640;-0.70896;163.19
-0.13626;-0.72197;153.23
-0.14017;-0.70610;163.37
-0.18446;-0.68116;173.26
-0.18739;-0.66563;183.36
-0.19821;-0.67740;173.19
-0.32756;-0.62618;172.57
-0.31490;-0.63256;172.63
-0.31492;-0.61680;182.61
-0.32706;-0.61040;182.64
-0.21148;-0.67348;173.12
-0.21393;-0.65779;183.22
-0.22505;-0.66914;173.07
-0.20066;-0.66171;183.39
-0.25144;-0.65977;173.01
-0.23809;-0.66466;173.04
-0.23999;-0.64882;183.16
-0.22696;-0.65330;183.29
-0.27731;-0.64942;172.94
-0.26420;-0.65479;172.99
-0.26551;-0.63886;183.12
-0.25275;-0.64384;183.24
-0.30262;-0.63834;172.74
-0.28974;-0.64418;172.81
-0.29037;-0.62838;182.84
-0.30265;-0.62259;182.82
-0.27794;-0.63362;183.08
-0.38053;-0.52241;216.96
-0.39124;-0.52622;209.77
-0.38076;-0.53417;209.57
-0.43607;-0.48222;214.01
-0.43128;-0.46786;224.71
-0.44585;-0.47309;214.07
-0.39804;-0.51729;212.07
-0.39413;-0.50455;221.65
-0.40794;-0.50922;212.24
-0.38733;-0.51348;219.37
-0.41705;-0.49947;213.60
-0.41235;-0.48504;224.46
-0.42661;-0.49082;213.90
-0.42181;-0.47645;224.69
-0.40324;-0.49479;223.16
-0.32689;-0.59497;192.54
-0.31475;-0.60137;192.61
-0.31458;-0.58594;202.75
-0.35026;-0.58192;192.29
-0.33847;-0.58877;192.34
-0.33774;-0.57354;202.34
-0.34891;-0.56657;202.50
-0.32616;-0.57974;202.64
-0.33837;-0.54808;218.65
-0.34923;-0.55384;210.51
-0.33806;-0.56081;210.46
-0.36880;-0.53779;212.52
-0.35834;-0.54463;212.65
-0.35661;-0.52965;222.99
-0.36857;-0.52603;220.05
-0.34749;-0.53887;220.91
-0.46546;-0.45383;214.06
-0.45598;-0.46320;214.14
-0.45155;-0.44807;224.85
-0.44141;-0.45797;224.90
-0.48311;-0.43579;213.65
-0.47417;-0.44469;214.08
-0.46895;-0.42979;224.87
-0.48031;-0.42358;221.52
-0.46025;-0.43893;224.95
-0.42682;-0.44425;240.78
-0.43918;-0.44616;232.79
-0.42905;-0.45605;232.71
-0.51823;-0.31236;249.72
-0.50845;-0.32653;250.39
-0.50569;-0.30864;260.23
-0.51970;-0.30020;253.77
-0.48230;-0.40634;229.15
-0.47094;-0.41255;232.77
-0.47292;-0.39531;240.53
-0.48849;-0.39643;230.37
-0.48491;-0.38493;238.33
-0.48607;-0.36684;246.55
-0.47408;-0.37722;249.10
-0.47524;-0.35912;257.51
-0.49323;-0.35177;249.12
-0.49249;-0.31764;265.62
-0.49525;-0.33553;255.40
-0.47929;-0.32664;270.76
-0.47726;-0.34288;264.24
-0.10796;-0.72698;153.07
-0.093413;-0.72904;153.04
-0.098698;-0.71370;162.95
-0.11255;-0.71133;163.16
0.18213;-0.91593;34.012
0.17601;-0.93370;25.423
0.19461;-0.93000;25.424
0.16409;-0.91915;34.108
0.11663;-0.91040;42.615
0.13479;-0.90789;42.613
0.12353;-0.89341;51.317
0.10595;-0.89549;51.413
0.095309;-0.88104;60.065
0.11289;-0.87896;60.065
0.10225;-0.86450;68.920
0.085245;-0.86618;69.013
0.15227;-0.90512;42.615
0.17031;-0.90190;42.615
0.15848;-0.88787;51.320
0.14101;-0.89064;51.414
0.21792;-0.90808;34.015
0.20002;-0.91200;34.109
0.21251;-0.92607;25.425
-0.067627;-0.76136;133.57
-0.052386;-0.76255;133.58
-0.058864;-0.74728;143.27
-0.073496;-0.74583;143.37
-0.079430;-0.73078;152.99
-0.064798;-0.73223;152.98
-0.070731;-0.71717;162.84
-0.084715;-0.71544;162.99
-0.0077294;-0.79409;114.58
-0.015376;-0.77898;124.05
-0.023593;-0.79379;114.57
-0.030642;-0.77840;124.14
-0.022445;-0.76397;133.61
-0.029514;-0.74896;143.30
-0.037711;-0.76339;133.60
-0.044189;-0.74812;143.38
0.024028;-0.82404;95.992
0.040491;-0.82338;95.997
0.031648;-0.80856;105.25
0.015782;-0.80888;105.33
0.0075442;-0.79408;114.59
0.023410;-0.79376;114.59
0.015171;-0.77896;124.07
-1.0219E-4;-0.77897;124.16
0.075217;-0.85173;77.841
0.092225;-0.85005;77.844
0.082197;-0.83560;86.883
0.065765;-0.83690;86.972
0.056341;-0.82244;96.004
0.072772;-0.82114;96.011
0.063347;-0.80667;105.26
0.047497;-0.80762;105.35
0.23095;-0.92164;25.426
0.22554;-0.93963;17.030
-0.69099;0.32682;133.56
-0.69739;0.31295;133.55
-0.68083;0.31377;143.23
-0.68673;0.30031;143.31
-0.69214;0.24791;152.91
-0.69696;0.23401;152.90
-0.68092;0.23634;162.76
-0.68532;0.22289;162.84
-0.68186;0.27485;152.93
-0.68722;0.26116;152.92
-0.67109;0.26284;162.79
-0.67600;0.24959;162.87
-0.67057;0.30134;152.92
-0.67647;0.28789;152.92
-0.66031;0.28892;162.77
-0.66570;0.27588;162.87
-0.68531;0.17226;172.61
-0.68857;0.15845;172.65
-0.67327;0.16228;182.61
-0.67612;0.14880;182.79
-0.67809;0.19899;172.57
-0.68191;0.18538;172.59
-0.66647;0.18852;182.56
-0.66987;0.17540;182.68
-0.66982;0.22541;172.54
-0.67422;0.21196;172.52
-0.65872;0.21447;182.47
-0.66259;0.20150;182.61
-0.70450;0.048015;172.95
-0.68991;0.053959;182.99
-0.70339;0.062140;172.96
-0.69062;0.040422;183.15
-0.70192;0.075665;173.06
-0.68698;0.081010;183.19
-0.70028;0.089799;173.04
-0.68845;0.067484;183.19
-0.69646;0.11763;172.82
-0.69861;0.10356;172.87
-0.68365;0.10853;182.85
-0.68131;0.12193;182.91
-0.68531;0.094771;183.12
-0.64593;-0.085415;212.94
-0.63377;-0.078799;222.89
-0.64722;-0.072608;213.15
-0.63240;-0.091356;222.64
-0.67586;-0.047576;193.51
-0.66227;-0.040065;203.92
-0.67654;-0.033877;193.61
-0.66148;-0.053241;203.82
-0.64778;-0.059656;213.73
-0.63487;-0.052895;224.12
-0.64857;-0.046480;213.95
-0.63432;-0.065847;223.60
-0.67703;-0.0067294;193.85
-0.67673;-0.020448;193.87
-0.66263;-0.013208;204.46
-0.66245;-0.026636;204.29
-0.67752;0.032669;192.94
-0.66373;0.038453;202.91
-0.67682;0.046206;192.87
-0.67737;0.020100;193.41
-0.67743;0.0065317;193.56
-0.66342;0.013315;203.87
-0.66357;0.025884;203.48
-0.66303;5.3546E-5;204.26
-0.62538;-0.18428;212.63
-0.61455;-0.17554;222.51
-0.62873;-0.17199;212.73
-0.61434;-0.18764;220.01
-0.63466;-0.14570;213.24
-0.63135;-0.15786;213.53
-0.61979;-0.14728;224.13
-0.62590;-0.13676;221.32
-0.61717;-0.16141;223.45
-0.50363;-0.29490;267.68
-0.50157;-0.28116;275.07
-0.51764;-0.28646;260.91
-0.60172;-0.19561;227.52
-0.58931;-0.19146;237.91
-0.60193;-0.18350;230.23
-0.59472;-0.20514;230.37
-0.58531;-0.21655;234.35
-0.57836;-0.22760;236.39
-0.57049;-0.21428;246.19
-0.57990;-0.20287;242.16
-0.56939;-0.24226;238.59
-0.55255;-0.24359;250.73
-0.56152;-0.22894;248.65
-0.56470;-0.25489;237.96
-0.55173;-0.25722;246.72
-0.53761;-0.26652;253.87
-0.52432;-0.26220;265.46
-0.53843;-0.25289;258.19
-0.52902;-0.27697;256.29
-0.51294;-0.27168;270.38
-0.61221;-0.091853;238.37
-0.62299;-0.085326;230.61
-0.62162;-0.097883;230.23
-0.61844;-0.12246;229.31
-0.60486;-0.11868;240.51
-0.61795;-0.11129;231.33
-0.60854;-0.10526;239.56
-0.61233;-0.13298;232.35
-0.66624;0.12712;192.97
-0.66858;0.11373;193.03
-0.65352;0.11893;203.35
-0.66160;0.15305;192.38
-0.66445;0.13957;192.47
-0.64992;0.14382;202.30
-0.65172;0.13137;202.92
-0.73346;0.57802;34.019
-0.75206;0.58064;25.430
-0.74453;0.56340;34.114
-0.73742;0.54648;42.616
-0.71923;0.54419;51.317
-0.72635;0.56111;42.617
-0.72964;0.52986;51.414
-0.74210;0.42476;77.834
-0.72453;0.42436;86.868
-0.73346;0.43950;77.835
-0.73258;0.40998;86.962
-0.71533;0.40978;95.990
-0.72338;0.39540;95.989
-0.70614;0.39519;105.23
-0.71362;0.38118;105.33
-0.72485;0.45356;77.835
-0.70731;0.45248;86.870
-0.71563;0.46796;77.835
-0.71592;0.43842;86.965
-0.69669;0.38116;114.57
-0.70417;0.36715;114.57
-0.68724;0.36713;124.04
-0.69419;0.35351;124.13
-0.67760;0.35368;133.58
-0.68455;0.34006;133.57
-0.66796;0.34023;143.25
-0.67440;0.32700;143.33
-0.72223;0.51351;60.063
-0.70442;0.51150;68.915
-0.71183;0.52785;60.062
-0.71419;0.49747;69.011
-0.70648;0.48167;77.836
-0.68899;0.47990;86.872
-0.69671;0.49570;77.837
-0.69815;0.46619;86.967
-0.74031;0.59555;25.432
-0.75891;0.59817;17.038
-0.71019;0.60637;34.026
-0.72867;0.60972;25.435
-0.72183;0.59220;34.118
-0.15720;-0.68756;173.54
-0.16046;-0.67188;183.89
-0.17099;-0.68429;173.52
-0.17392;-0.66875;183.72
-0.13022;-0.69344;173.36
-0.13403;-0.67791;183.70
-0.14398;-0.69057;173.46
-0.14724;-0.67490;183.89
-0.11712;-0.69620;173.06
-0.10327;-0.69857;172.94
-0.10784;-0.68343;183.09
-0.12093;-0.68067;183.49
-0.19004;-0.65040;193.46
-0.19269;-0.63517;203.72
-0.20331;-0.64648;193.39
-0.16316;-0.65659;194.22
-0.16586;-0.64131;204.73
-0.17662;-0.65347;193.96
-0.17927;-0.63824;204.33
-0.29034;-0.61345;192.66
-0.29032;-0.59852;202.63
-0.30262;-0.60766;192.54
-0.30245;-0.59223;202.79
-0.22915;-0.63815;193.13
-0.21611;-0.64264;193.16
-0.21830;-0.62748;203.26
-0.20549;-0.63133;203.59
-0.25433;-0.62813;193.41
-0.24157;-0.63311;193.43
-0.24315;-0.61740;203.87
-0.23073;-0.62244;203.66
-0.27896;-0.61801;193.13
-0.26653;-0.62325;193.28
-0.26754;-0.60764;203.59
-0.27893;-0.60308;203.19
-0.25535;-0.61252;203.83
-0.37381;-0.51234;226.35
-0.36709;-0.50227;235.92
-0.38061;-0.50341;228.80
-0.36185;-0.51596;229.50
-0.41854;-0.46182;235.01
-0.40907;-0.47042;234.90
-0.40579;-0.45579;245.49
-0.41631;-0.45002;243.22
-0.39672;-0.47934;235.84
-0.38761;-0.48910;234.37
-0.38109;-0.47365;247.39
-0.39344;-0.46472;246.59
-0.37409;-0.48796;241.76
-0.29253;-0.57374;218.73
-0.30355;-0.57984;210.71
-0.29142;-0.58613;210.64
-0.31340;-0.57001;213.76
-0.31222;-0.55408;224.96
-0.32498;-0.56381;213.55
-0.32530;-0.55108;221.89
-0.30237;-0.56391;221.94
-0.33186;-0.53595;229.37
-0.32534;-0.52383;240.32
-0.34097;-0.52674;231.66
-0.31878;-0.53895;232.69
-0.34384;-0.50543;244.64
-0.35022;-0.51754;233.70
-0.33459;-0.51463;242.58
-0.35546;-0.50385;240.33
-0.45433;-0.42369;236.63
-0.43970;-0.41759;248.64
-0.45631;-0.40645;244.82
-0.44562;-0.43283;236.63
-0.43326;-0.43092;244.83
-0.41740;-0.43553;251.23
-0.40799;-0.42682;261.89
-0.42385;-0.42220;255.37
-0.40689;-0.44131;253.70
-0.47685;-0.29707;286.60
-0.49127;-0.30285;273.24
-0.47807;-0.31185;278.72
-0.48921;-0.28912;280.94
-0.44346;-0.37845;268.21
-0.45819;-0.38688;254.18
-0.44158;-0.39802;258.50
-0.45935;-0.36879;263.05
-0.44670;-0.34348;285.12
-0.46097;-0.35130;271.13
-0.44508;-0.36096;276.75
-0.46299;-0.33506;278.09
-0.46235;-0.30439;293.96
-0.46357;-0.31917;285.71
-0.44786;-0.31170;301.11
-0.44728;-0.32759;293.19
-0.090029;-0.70065;172.76
-0.076046;-0.70239;172.70
-0.081360;-0.68760;182.72
-0.094600;-0.68552;183.00
0.25339;-0.89882;34.017
0.23565;-0.90345;34.111
0.24868;-0.91701;25.427
0.18766;-0.89845;42.617
0.20555;-0.89452;42.618
0.19319;-0.88096;51.324
0.17583;-0.88442;51.418
0.12981;-0.87661;60.069
0.14729;-0.87384;60.070
0.13610;-0.85981;68.928
0.11917;-0.86216;69.020
0.10859;-0.84811;77.851
0.12551;-0.84576;77.855
0.11493;-0.83171;86.895
0.098563;-0.83365;86.985
0.16410;-0.87084;60.073
0.18145;-0.86738;60.076
0.16972;-0.85380;68.935
0.15291;-0.85681;69.027
0.22276;-0.89039;42.619
0.24049;-0.88576;42.620
0.22760;-0.87270;51.327
0.21039;-0.87683;51.421
-0.050726;-0.73330;153.00
-0.036050;-0.73415;153.02
-0.042587;-0.71933;162.88
-0.056659;-0.71825;162.95
-0.062700;-0.70374;172.68
-0.048628;-0.70481;172.70
-0.054669;-0.69030;182.67
-0.068014;-0.68895;182.79
0.0075258;-0.76422;133.64
-1.1976E-4;-0.74948;143.34
-0.0077478;-0.76423;133.63
-0.014817;-0.74922;143.42
-0.0072083;-0.73490;153.09
-0.014297;-0.72031;162.98
-0.021905;-0.73464;153.07
-0.028442;-0.71982;163.03
0.038678;-0.79315;114.60
0.054527;-0.79221;114.61
0.045708;-0.77774;124.09
0.030440;-0.77835;124.18
0.037495;-0.76331;133.65
0.029281;-0.74889;143.36
0.022226;-0.76392;133.65
0.014581;-0.74918;143.44
0.088578;-0.81957;96.019
0.10494;-0.81762;96.025
0.094960;-0.80354;105.28
0.079153;-0.80511;105.36
0.069770;-0.79100;114.62
0.085576;-0.78943;114.62
0.076192;-0.77532;124.10
0.060950;-0.77653;124.19
0.26694;-0.91186;25.427
0.26224;-0.93005;17.032
-0.65819;0.32742;152.95
-0.66463;0.31418;152.94
-0.64842;0.31460;162.80
-0.65436;0.30176;162.88
-0.66026;0.25148;172.68
-0.66517;0.23822;172.67
-0.64943;0.24011;182.72
-0.65407;0.22729;182.69
-0.65001;0.27713;172.61
-0.65540;0.26409;172.62
-0.63970;0.26534;182.61
-0.64457;0.25272;182.76
-0.63864;0.30238;172.62
-0.64459;0.28954;172.61
-0.62887;0.29015;182.59
-0.63428;0.27774;182.70
-0.65476;0.17885;192.62
-0.65816;0.16573;192.65
-0.64305;0.16919;202.84
-0.64649;0.15650;202.67
-0.65158;0.19103;192.43
-0.63668;0.19353;202.45
-0.64770;0.20400;192.38
-0.63987;0.18136;202.74
-0.63880;0.22960;192.57
-0.64345;0.21678;192.44
-0.62818;0.21909;202.57
-0.63243;0.20631;202.62
-0.67383;0.073883;193.26
-0.67530;0.060357;193.17
-0.66068;0.066756;203.50
-0.66220;0.052604;203.32
-0.67106;0.10039;192.78
-0.67272;0.086629;192.96
-0.65847;0.092248;202.87
-0.65599;0.10559;203.21
-0.65957;0.079502;203.28
-0.61973;-0.072641;234.44
-0.60569;-0.066482;246.25
-0.62028;-0.059689;235.10
-0.60895;-0.079168;242.39
-0.64213;0.050347;218.66
-0.65140;0.058551;211.06
-0.65293;0.044400;210.75
-0.64841;-0.019328;215.12
-0.64823;-0.032757;214.85
-0.63419;-0.025448;225.96
-0.63453;-0.039172;225.15
-0.61262;-0.040162;242.51
-0.62341;-0.032805;234.21
-0.62374;-0.046529;233.25
-0.60915;-0.053322;244.49
-0.64815;-0.0061568;215.52
-0.63367;8.9399E-4;226.77
-0.64855;0.0071043;215.21
-0.63393;-0.012277;226.48
-0.65049;0.032823;213.12
-0.65034;0.020254;213.63
-0.63725;0.027194;223.52
-0.63969;0.038770;221.16
-0.63546;0.014044;225.25
-0.60026;-0.16524;235.55
-0.58764;-0.17320;243.56
-0.58597;-0.15494;248.88
-0.60288;-0.15111;236.39
-0.59542;-0.13681;244.94
-0.47674;-0.27287;297.79
-0.48915;-0.27702;286.31
-0.47679;-0.28497;292.25
-0.48442;-0.26367;295.79
-0.49210;-0.25448;293.56
-0.49683;-0.26782;284.30
-0.50821;-0.25834;279.32
-0.57377;-0.18672;251.12
-0.56436;-0.19812;255.47
-0.55823;-0.18197;264.69
-0.57210;-0.16845;256.92
-0.54730;-0.19493;269.93
-0.55343;-0.21109;260.32
-0.53638;-0.20790;274.85
-0.54446;-0.22575;262.77
-0.51438;-0.23213;284.38
-0.51935;-0.24716;274.93
-0.50324;-0.24330;289.13
-0.52538;-0.22001;279.77
-0.53346;-0.23786;267.27
-0.59897;-0.091793;249.00
-0.59529;-0.10520;250.19
-0.58573;-0.091733;259.86
-0.59571;-0.079108;253.14
-0.57718;-0.10648;264.87
-0.58675;-0.11996;254.84
-0.56864;-0.12124;269.55
-0.57731;-0.13809;259.25
-0.62631;0.15142;218.46
-0.63468;0.16030;210.62
-0.63812;0.14762;210.34
-0.63518;0.10267;219.19
-0.64435;0.11080;211.23
-0.64682;0.097459;210.99
-0.63907;0.12274;213.55
-0.62463;0.12655;223.92
-0.63728;0.13518;213.02
-0.62547;0.13898;221.27
-0.62990;0.11461;221.65
-0.71538;0.57502;42.619
-0.69730;0.57201;51.322
-0.70375;0.58919;42.623
-0.70827;0.55810;51.415
-0.70151;0.54148;60.064
-0.68379;0.53876;68.919
-0.69054;0.55539;60.067
-0.69410;0.52513;69.013
-0.67429;0.59893;51.335
-0.69224;0.60265;42.629
-0.68580;0.58547;51.424
-0.69869;0.43754;95.992
-0.70730;0.42348;95.991
-0.69007;0.42261;105.24
-0.69811;0.40890;105.33
-0.68118;0.40822;114.58
-0.68921;0.39451;114.57
-0.67228;0.39384;124.04
-0.67976;0.38048;124.14
-0.68097;0.46463;95.995
-0.69013;0.45092;95.994
-0.67295;0.44937;105.24
-0.68151;0.43599;105.33
-0.66316;0.38002;133.59
-0.67064;0.36667;133.59
-0.65404;0.36621;143.27
-0.66100;0.35322;143.36
-0.64474;0.35304;152.99
-0.65170;0.34005;152.98
-0.63545;0.33988;162.85
-0.64194;0.32724;162.92
-0.68702;0.50904;77.839
-0.66961;0.50657;86.877
-0.67670;0.52267;77.841
-0.67930;0.49324;86.971
-0.66220;0.49100;96.000
-0.67189;0.47767;95.997
-0.65478;0.47543;105.24
-0.66387;0.46240;105.34
-0.69801;0.62007;34.128
-0.68006;0.61635;42.635
-0.68582;0.63377;34.038
-0.71635;0.62415;25.438
-0.73483;0.62750;17.042
-0.70416;0.63785;25.444
-0.099503;-0.67107;192.87
-0.086263;-0.67316;192.68
-0.091166;-0.65871;202.80
-0.13697;-0.66217;194.50
-0.13991;-0.64642;205.49
-0.15018;-0.65915;194.60
-0.15288;-0.64387;205.21
-0.12464;-0.66570;193.70
-0.11155;-0.66846;193.38
-0.11525;-0.65348;203.86
-0.12758;-0.64995;204.77
-0.10321;-0.65610;203.41
-0.19537;-0.62162;212.91
-0.19805;-0.60806;222.22
-0.20817;-0.61777;212.67
-0.18310;-0.62371;214.10
-0.16968;-0.62678;214.63
-0.17351;-0.61226;224.66
-0.18578;-0.61016;223.53
-0.15725;-0.62754;216.47
-0.14428;-0.63010;216.88
-0.14865;-0.61378;228.46
-0.16108;-0.61302;226.65
-0.28048;-0.58838;212.75
-0.26909;-0.59294;213.26
-0.27064;-0.57824;223.05
-0.28158;-0.57599;220.96
-0.23273;-0.60734;213.82
-0.22030;-0.61238;213.52
-0.22230;-0.59727;223.94
-0.21017;-0.60267;223.19
-0.25640;-0.59600;215.04
-0.24421;-0.60088;215.19
-0.24526;-0.58436;226.72
-0.25795;-0.58130;224.98
-0.23378;-0.59082;225.43
-0.34603;-0.49280;252.13
-0.34822;-0.48017;259.63
-0.35766;-0.49122;247.63
-0.36466;-0.47691;253.63
-0.39356;-0.44780;257.10
-0.38133;-0.43981;268.96
-0.39466;-0.43332;265.56
-0.38121;-0.45673;258.14
-0.35154;-0.46577;267.74
-0.35486;-0.45136;275.80
-0.36798;-0.46250;261.40
-0.36810;-0.44559;272.51
-0.28639;-0.56260;228.64
-0.28026;-0.55147;238.74
-0.29624;-0.55277;231.92
-0.27545;-0.56485;230.90
-0.28848;-0.53671;246.25
-0.29671;-0.52194;253.60
-0.30446;-0.53801;239.07
-0.31102;-0.52289;247.01
-0.33034;-0.49829;255.70
-0.31685;-0.49114;266.94
-0.33254;-0.48566;263.46
-0.32109;-0.50749;253.47
-0.30678;-0.50654;260.42
-0.41195;-0.39480;278.90
-0.42771;-0.38663;273.73
-0.42583;-0.40620;263.54
-0.40997;-0.41081;270.44
-0.39517;-0.41773;275.04
-0.38235;-0.40865;288.54
-0.39715;-0.40173;283.88
-0.38184;-0.42423;278.74
-0.44995;-0.28140;314.92
-0.46340;-0.28923;300.56
-0.44890;-0.29655;308.12
-0.46334;-0.27713;306.38
-0.41484;-0.36080;297.35
-0.42915;-0.36963;282.57
-0.41340;-0.37780;288.18
-0.43077;-0.35214;291.43
-0.41639;-0.32754;315.79
-0.43154;-0.33551;300.23
-0.41561;-0.34417;306.64
-0.43212;-0.31962;308.61
-0.43389;-0.28785;324.39
-0.43284;-0.30300;317.12
-0.41782;-0.29430;333.66
-0.41711;-0.31092;324.82
-0.059864;-0.67625;192.51
-0.065059;-0.66220;202.50
-0.073210;-0.67490;192.53
-0.078113;-0.66046;202.74
-0.075679;-0.64047;218.03
-0.083422;-0.64959;210.38
-0.070369;-0.65133;210.23
0.28847;-0.88818;34.016
0.27093;-0.89350;34.112
0.28448;-0.90654;25.427
0.25753;-0.88096;42.620
0.27507;-0.87564;42.620
0.26167;-0.86310;51.326
0.24463;-0.86790;51.422
0.19813;-0.86372;60.077
0.21534;-0.85959;60.079
0.20308;-0.84648;68.939
0.18640;-0.85014;69.033
0.14179;-0.84318;77.860
0.15860;-0.84017;77.864
0.14747;-0.82654;86.907
0.13120;-0.82912;86.997
0.12068;-0.81544;96.033
0.13695;-0.81285;96.039
0.12643;-0.79916;105.29
0.11069;-0.80135;105.38
0.17475;-0.83695;77.867
0.19143;-0.83329;77.869
0.17979;-0.82011;86.913
0.16363;-0.82332;87.006
0.23187;-0.85528;60.078
0.24890;-0.85048;60.078
0.23614;-0.83786;68.938
0.21961;-0.84217;69.034
-0.020883;-0.70601;172.82
-0.027470;-0.69172;182.81
-0.035029;-0.70553;172.77
-0.041069;-0.69101;182.84
-0.047737;-0.67703;192.64
-0.034137;-0.67774;192.72
-0.040805;-0.66377;202.77
-0.052932;-0.66298;202.72
0.021656;-0.73456;153.12
0.014030;-0.72024;163.03
0.0069553;-0.73486;153.11
-1.3326E-4;-0.72028;163.10
0.0069597;-0.70608;172.97
-1.1109E-4;-0.69192;183.06
-0.0072040;-0.70612;172.94
-0.013791;-0.69182;183.03
0.067420;-0.76124;133.66
0.058647;-0.74716;143.36
0.052177;-0.76245;133.65
0.043964;-0.74802;143.45
0.050496;-0.73316;153.11
0.042344;-0.71917;163.00
0.035813;-0.73403;153.11
0.028187;-0.71970;163.11
0.10077;-0.78762;114.63
0.11650;-0.78543;114.64
0.10657;-0.77170;124.12
0.091383;-0.77351;124.21
0.097251;-0.75798;133.68
0.087928;-0.74426;143.37
0.082060;-0.75979;133.67
0.073288;-0.74571;143.46
0.30253;-0.90068;25.427
0.29855;-0.91904;17.032
0.32311;-0.87618;34.015
0.30579;-0.88218;34.111
0.31985;-0.89468;25.426
-0.62610;0.32732;172.70
-0.63258;0.31468;172.68
-0.61675;0.31476;182.70
-0.62281;0.30245;182.75
-0.63435;0.24151;192.60
-0.61926;0.24292;202.64
-0.62948;0.25413;192.55
-0.62372;0.23100;202.70
-0.61906;0.27861;192.53
-0.62448;0.26620;192.54
-0.60926;0.26707;202.62
-0.61426;0.25500;202.72
-0.61378;0.29018;192.49
-0.59870;0.29021;202.54
-0.60772;0.30248;192.55
-0.60398;0.27864;202.67
-0.62411;0.18381;213.65
-0.62730;0.17164;213.86
-0.61155;0.17409;225.07
-0.61893;0.16276;221.86
-0.61203;0.20039;218.74
-0.62010;0.20974;210.61
-0.62436;0.19696;210.56
-0.61179;0.18724;221.99
-0.61451;0.21971;212.14
-0.60085;0.22032;221.86
-0.61006;0.23162;212.18
-0.60644;0.21035;220.37
-0.64583;0.071442;214.30
-0.63098;0.076129;225.30
-0.64473;0.084189;213.98
-0.63308;0.089400;222.33
-0.63656;0.063238;222.08
-0.57890;-0.080030;267.00
-0.57208;-0.068327;274.08
-0.58889;-0.067405;259.97
-0.59869;-0.041185;253.83
-0.59523;-0.054345;255.82
-0.58477;-0.042208;265.41
-0.57842;-0.055267;269.86
-0.62933;0.049070;228.68
-0.62689;0.037494;231.23
-0.61653;0.047794;238.91
-0.62376;0.061961;232.17
-0.60808;-0.026969;246.77
-0.59416;-0.027991;258.23
-0.60355;-0.013775;250.85
-0.61887;-0.019612;238.27
-0.61861;-0.0064407;238.70
-0.60939;0.019213;245.95
-0.62153;0.010053;236.33
-0.60647;0.0027187;248.58
-0.62332;0.023203;234.62
-0.61296;0.033503;242.55
-0.55232;-0.16550;273.70
-0.54642;-0.14904;282.58
-0.56620;-0.15199;265.45
-0.55753;-0.13514;276.22
-0.46940;-0.26227;308.40
-0.45601;-0.26654;317.28
-0.46207;-0.25168;319.19
-0.47708;-0.25308;306.24
-0.47075;-0.23898;317.52
-0.47943;-0.22628;315.44
-0.48576;-0.24038;304.46
-0.49690;-0.22920;299.69
-0.52923;-0.19159;285.69
-0.52208;-0.17528;296.52
-0.54015;-0.17863;280.35
-0.53425;-0.16216;289.70
-0.50042;-0.20037;307.17
-0.50740;-0.21625;295.76
-0.48993;-0.21332;311.51
-0.51125;-0.18782;302.01
-0.51840;-0.20413;290.75
-0.53435;-0.11885;299.51
-0.55150;-0.12004;284.31
-0.54039;-0.13394;291.11
-0.55452;-0.094184;286.03
-0.56158;-0.10771;277.83
-0.54443;-0.10652;292.89
-0.57012;-0.092959;272.78
-0.56330;-0.081256;280.17
-0.61434;0.14868;228.02
-0.60238;0.14595;237.77
-0.60696;0.16002;231.48
-0.61350;0.13625;230.89
-0.62173;0.10109;229.75
-0.60829;0.099505;240.53
-0.61646;0.11303;232.25
-0.61964;0.087817;232.97
-0.59682;0.12353;246.13
-0.61072;0.12504;234.90
-0.60255;0.11152;243.44
-0.59960;0.13474;242.01
-0.65025;0.62490;51.354
-0.66803;0.62933;42.644
-0.66227;0.61191;51.440
-0.67970;0.56859;60.071
-0.66210;0.56518;68.929
-0.66820;0.58205;60.078
-0.67294;0.55197;69.020
-0.66649;0.53561;77.846
-0.64920;0.53246;86.887
-0.65565;0.54882;77.851
-0.65940;0.51952;86.978
-0.65684;0.59481;60.086
-0.63938;0.59070;68.946
-0.64482;0.60780;60.096
-0.65074;0.57794;69.033
-0.66462;0.43465;114.58
-0.67319;0.42127;114.58
-0.65630;0.41993;124.05
-0.66429;0.40688;124.14
-0.64771;0.40578;133.60
-0.65571;0.39273;133.60
-0.63913;0.39162;143.28
-0.64658;0.37892;143.37
-0.64705;0.46040;114.58
-0.65613;0.44737;114.58
-0.63931;0.44536;124.05
-0.64780;0.43265;124.14
-0.63032;0.37813;153.01
-0.63777;0.36543;153.01
-0.62151;0.36464;162.89
-0.62848;0.35226;162.97
-0.61259;0.35181;172.75
-0.61956;0.33943;172.74
-0.60366;0.33899;182.77
-0.61020;0.32687;182.83
-0.64240;0.51661;96.010
-0.65261;0.50367;96.005
-0.63561;0.50076;105.25
-0.64519;0.48809;105.35
-0.62847;0.48543;114.59
-0.63806;0.47276;114.58
-0.62134;0.47010;124.05
-0.63032;0.45773;124.15
-0.67311;0.64697;34.141
-0.65533;0.64254;42.652
-0.66040;0.66017;34.052
-0.62521;0.64991;51.372
-0.64281;0.65504;42.660
-0.63773;0.63740;51.459
-0.69128;0.65178;25.448
-0.70962;0.65586;17.048
-0.67857;0.66498;25.454
-0.093639;-0.64491;212.85
-0.096111;-0.63111;223.09
-0.10568;-0.64229;213.42
-0.085895;-0.63579;220.62
-0.13056;-0.63515;215.33
-0.11823;-0.63868;214.48
-0.12122;-0.62389;225.30
-0.13493;-0.61883;227.01
-0.10866;-0.62750;224.30
-0.18281;-0.59242;237.63
-0.19043;-0.60024;229.88
-0.17816;-0.60234;231.14
-0.20045;-0.58540;238.61
-0.21138;-0.59133;231.26
-0.19925;-0.59673;230.36
-0.19163;-0.58891;238.18
-0.12705;-0.59988;243.11
-0.13785;-0.60683;235.78
-0.12413;-0.61188;234.14
-0.16837;-0.60025;234.88
-0.15594;-0.60101;236.89
-0.16324;-0.58824;245.32
-0.17302;-0.59033;241.51
-0.14240;-0.58817;249.66
-0.15282;-0.58820;247.55
-0.14552;-0.60097;238.95
-0.13472;-0.59402;246.42
-0.24812;-0.56966;236.53
-0.25098;-0.55496;246.45
-0.26081;-0.56660;234.62
-0.26562;-0.55321;242.71
-0.23131;-0.57407;238.48
-0.21736;-0.56378;250.42
-0.23417;-0.55937;248.63
-0.21983;-0.58053;237.01
-0.20891;-0.57459;244.57
-0.33654;-0.46941;272.84
-0.32086;-0.47490;276.69
-0.32486;-0.45865;286.40
-0.33986;-0.45500;281.23
-0.36874;-0.41541;292.26
-0.36823;-0.43099;282.14
-0.35513;-0.42218;295.65
-0.35500;-0.43677;285.69
-0.33471;-0.43451;298.54
-0.34479;-0.44293;287.05
-0.32979;-0.44658;292.53
-0.34492;-0.42834;297.21
-0.27149;-0.53786;251.85
-0.25685;-0.53960;255.90
-0.26273;-0.52424;265.32
-0.27972;-0.52309;259.59
-0.28812;-0.50742;267.76
-0.27113;-0.50857;273.92
-0.27954;-0.49290;282.34
-0.29820;-0.49202;274.78
-0.30928;-0.46105;292.51
-0.30528;-0.47730;282.41
-0.29371;-0.46345;298.36
-0.28662;-0.47818;290.43
-0.39764;-0.38564;293.63
-0.38332;-0.37649;308.79
-0.39908;-0.36864;303.27
-0.38283;-0.39257;298.67
-0.36835;-0.40022;302.69
-0.35435;-0.39179;317.21
-0.36883;-0.38414;313.20
-0.35474;-0.40698;306.39
-0.43603;-0.26784;333.03
-0.41996;-0.27429;342.95
-0.42211;-0.25427;351.78
-0.44209;-0.25297;335.33
-0.38355;-0.35998;319.33
-0.38378;-0.34347;329.82
-0.39931;-0.35214;313.33
-0.40008;-0.33551;323.00
-0.38384;-0.32683;340.45
-0.38390;-0.31018;351.00
-0.40014;-0.31886;333.09
-0.40086;-0.30224;342.52
-0.40106;-0.28566;352.17
-0.38429;-0.27701;371.37
-0.40320;-0.26564;361.90
-0.38410;-0.29359;361.27
-0.058357;-0.64895;212.93
-0.046230;-0.64974;213.07
-0.051655;-0.63571;223.54
-0.063667;-0.63809;220.86
-0.074331;-0.62805;227.75
-0.072982;-0.61563;237.67
-0.084547;-0.62337;230.39
-0.062319;-0.62567;230.64
0.29190;-0.87018;42.618
0.30922;-0.86418;42.618
0.29534;-0.85217;51.323
0.27850;-0.85764;51.420
0.26525;-0.84553;60.076
0.28209;-0.84006;60.074
0.26883;-0.82796;68.934
0.25248;-0.83291;69.031
0.32856;-0.83993;51.321
0.31195;-0.84605;51.417
0.32583;-0.85806;42.616
0.20745;-0.82945;77.869
0.22398;-0.82514;77.869
0.21183;-0.81242;86.914
0.19581;-0.81626;87.009
0.15259;-0.81005;96.044
0.16874;-0.80684;96.048
0.15770;-0.79357;105.30
0.14206;-0.79637;105.39
0.14725;-0.78023;114.66
0.13680;-0.76689;124.14
0.13161;-0.78303;114.65
0.12168;-0.76930;124.23
0.18425;-0.80343;96.050
0.20027;-0.79959;96.050
0.18872;-0.78676;105.31
0.17321;-0.79017;105.40
0.23984;-0.82067;77.867
0.25618;-0.81572;77.866
0.24354;-0.80349;86.912
0.22768;-0.80795;87.009
-0.0065264;-0.67800;193.14
-0.012942;-0.66407;203.39
-0.020206;-0.67790;193.02
-0.026873;-0.66392;203.19
-0.027266;-0.64436;218.02
-0.034035;-0.65406;210.36
-0.020104;-0.65421;210.68
-0.039460;-0.64003;220.87
0.034775;-0.70526;172.96
0.027206;-0.69136;183.08
0.020618;-0.70580;172.98
0.013547;-0.69164;183.17
0.0063814;-0.67781;193.28
0.020040;-0.67753;193.29
0.012874;-0.66370;203.67
-3.3890E-5;-0.66388;203.62
0.079245;-0.73063;153.10
0.070563;-0.71700;162.97
0.064605;-0.73208;153.09
0.056454;-0.71808;163.08
0.062539;-0.70348;172.87
0.054515;-0.68996;182.92
0.048430;-0.70456;172.89
0.040860;-0.69066;183.10
0.12693;-0.75354;133.70
0.11707;-0.74018;143.41
0.11182;-0.75594;133.69
0.10250;-0.74222;143.49
0.10782;-0.72690;153.14
0.098565;-0.71361;163.02
0.093246;-0.72893;153.13
0.084564;-0.71530;163.09
0.34018;-0.86950;34.111
0.35725;-0.86282;34.015
0.34290;-0.85138;42.616
0.36127;-0.82638;51.322
0.34491;-0.83316;51.417
0.35926;-0.84460;42.617
0.33765;-0.88811;25.426
0.33439;-0.90661;17.032
0.35472;-0.88144;25.426
-0.59448;0.32686;192.86
-0.60102;0.31474;192.84
-0.58529;0.31473;203.13
-0.59200;0.30247;202.94
-0.57406;0.29250;218.52
-0.57968;0.30362;210.79
-0.58638;0.29135;210.49
-0.59931;0.25614;212.80
-0.60431;0.24406;212.81
-0.58935;0.24520;223.14
-0.59510;0.23276;222.61
-0.58890;0.27976;212.63
-0.59417;0.26819;212.68
-0.57909;0.26931;222.88
-0.57657;0.28091;220.78
-0.58422;0.25726;223.11
-0.59099;0.15522;244.86
-0.57960;0.16449;251.86
-0.59557;0.16929;238.29
-0.59746;0.19764;230.22
-0.58289;0.19489;241.96
-0.59187;0.20760;231.86
-0.59722;0.18449;233.57
-0.58124;0.17969;247.02
-0.57699;0.22318;238.70
-0.58317;0.23419;230.90
-0.58892;0.22175;230.23
-0.57994;0.20903;240.46
-0.60608;0.060688;246.43
-0.59562;0.073583;253.79
-0.61330;0.074856;239.34
-0.60195;0.086544;247.22
-0.54481;-0.070627;297.74
-0.55844;-0.069477;285.77
-0.54966;-0.082406;291.95
-0.54774;-0.058626;296.38
-0.55068;-0.046626;294.78
-0.56138;-0.057476;284.40
-0.56772;-0.044417;279.89
-0.56395;-0.017882;284.46
-0.57436;-0.030045;274.94
-0.55732;-0.032254;289.77
-0.58375;-0.015829;267.38
-0.60054;0.044891;252.08
-0.59696;0.030601;255.78
-0.58454;0.041989;265.61
-0.59008;0.057786;259.83
-0.57528;0.011825;274.72
-0.58942;-9.7515E-4;262.76
-0.56962;-0.0030286;279.74
-0.57991;0.026907;270.31
-0.59233;0.015519;260.14
-0.51609;-0.15978;306.05
-0.51009;-0.14428;315.48
-0.52826;-0.14666;298.76
-0.52222;-0.13157;307.63
-0.44380;-0.22253;348.07
-0.45293;-0.23711;333.49
-0.43295;-0.23840;350.29
-0.46162;-0.22441;331.52
-0.46377;-0.19664;340.84
-0.47160;-0.21146;328.08
-0.45379;-0.20959;344.69
-0.48210;-0.19851;323.74
-0.48620;-0.17030;329.69
-0.49331;-0.18533;318.42
-0.47499;-0.18347;335.49
-0.50414;-0.17279;312.84
-0.49814;-0.15729;322.77
-0.42476;-0.21943;366.82
-0.41391;-0.23530;368.87
-0.40571;-0.21633;386.22
-0.50414;-0.12829;324.85
-0.49819;-0.11230;334.02
-0.51627;-0.11558;316.47
-0.52364;-0.088208;314.63
-0.52900;-0.10353;307.18
-0.51091;-0.10025;324.42
-0.53908;-0.091196;300.12
-0.53422;-0.079418;306.20
-0.58608;0.12939;253.75
-0.57535;0.13524;261.40
-0.58886;0.14060;249.45
-0.57748;0.14987;256.73
-0.58550;0.11355;256.90
-0.57418;0.10357;267.82
-0.57477;0.11941;264.77
-0.59123;0.10154;254.01
-0.58490;0.088577;260.95
-0.63297;0.62010;60.107
-0.61569;0.61530;68.969
-0.62045;0.63260;60.117
-0.62754;0.60300;69.053
-0.64494;0.56134;77.859
-0.62778;0.55751;86.904
-0.63358;0.57411;77.868
-0.63849;0.54498;86.991
-0.62161;0.54140;96.027
-0.63232;0.52888;96.019
-0.61544;0.52529;105.27
-0.62552;0.51302;105.36
-0.62239;0.58619;77.878
-0.60540;0.58168;86.925
-0.61055;0.59849;77.890
-0.61659;0.56959;87.010
-0.59106;0.63895;68.990
-0.60813;0.64443;60.127
-0.60338;0.62713;69.075
-0.63129;0.43089;133.59
-0.63978;0.41817;133.59
-0.62326;0.41642;143.28
-0.63120;0.40402;143.38
-0.61498;0.40260;153.01
-0.62291;0.39021;153.02
-0.60669;0.38879;162.89
-0.61410;0.37671;162.99
-0.61390;0.45532;133.59
-0.62288;0.44296;133.59
-0.60646;0.44055;143.27
-0.61486;0.42848;143.37
-0.59821;0.37565;172.78
-0.60562;0.36357;172.79
-0.58974;0.36250;182.83
-0.59670;0.35075;182.90
-0.58144;0.34999;192.69
-0.58840;0.33823;192.66
-0.57314;0.33747;202.70
-0.57922;0.32610;203.01
-0.60893;0.50969;114.60
-0.61901;0.49742;114.60
-0.60241;0.49409;124.07
-0.61187;0.48209;124.16
-0.59557;0.47903;133.60
-0.60504;0.46703;133.59
-0.58874;0.46397;143.27
-0.59760;0.45226;143.37
-0.61221;0.66191;51.474
-0.59514;0.65643;60.134
-0.59922;0.67391;51.385
-0.64719;0.67287;34.153
-0.62960;0.66773;42.666
-0.63398;0.68556;34.062
-0.61660;0.67973;42.672
-0.66515;0.67839;25.457
-0.68332;0.68320;17.054
-0.65194;0.69108;25.462
-0.11369;-0.59926;245.74
-0.11077;-0.61127;236.64
-0.10033;-0.59865;248.15
-0.086657;-0.60714;243.02
-0.098221;-0.61488;235.48
-0.19108;-0.57542;248.71
-0.18172;-0.56544;258.97
-0.19954;-0.56461;254.88
-0.18227;-0.57893;248.20
-0.17248;-0.57684;252.20
-0.12486;-0.58740;253.48
-0.11150;-0.58679;256.17
-0.12267;-0.57492;264.07
-0.13253;-0.58154;256.86
-0.15681;-0.57613;256.33
-0.15039;-0.56401;267.59
-0.16605;-0.56473;263.42
-0.14639;-0.57609;258.58
-0.13653;-0.56947;265.99
-0.24631;-0.52596;270.10
-0.24044;-0.54132;260.32
-0.22990;-0.52768;274.56
-0.22363;-0.54573;262.46
-0.21280;-0.52934;278.97
-0.20654;-0.54739;266.45
-0.19571;-0.53099;282.99
-0.18871;-0.54822;270.95
-0.31632;-0.44542;300.51
-0.30074;-0.44782;306.81
-0.30778;-0.43219;315.04
-0.32124;-0.43335;306.81
-0.32918;-0.40874;320.47
-0.34176;-0.40026;319.04
-0.34215;-0.41546;307.93
-0.33194;-0.42163;309.41
-0.31848;-0.42046;317.96
-0.25315;-0.50959;280.28
-0.23674;-0.51131;285.15
-0.24357;-0.49493;295.70
-0.26156;-0.49392;289.19
-0.25071;-0.47923;305.50
-0.25785;-0.46353;315.18
-0.26869;-0.47822;298.49
-0.27578;-0.46349;306.90
-0.29014;-0.43204;324.64
-0.28311;-0.44767;315.88
-0.27251;-0.43189;334.04
-0.26518;-0.44771;324.71
-0.36818;-0.35142;335.70
-0.36795;-0.36793;324.72
-0.35258;-0.35937;341.12
-0.35347;-0.37558;329.12
-0.33804;-0.36732;345.34
-0.33892;-0.38352;332.93
-0.32350;-0.37526;349.08
-0.32634;-0.39200;334.64
-0.39273;-0.22870;392.00
-0.40093;-0.24767;373.97
-0.37975;-0.24107;397.13
-0.38202;-0.25904;384.30
-0.35190;-0.34274;353.34
-0.35122;-0.32611;365.59
-0.36750;-0.33479;347.40
-0.36756;-0.31814;358.53
-0.35032;-0.30914;378.25
-0.34942;-0.29218;390.90
-0.36666;-0.30118;370.56
-0.36686;-0.28459;381.36
-0.36544;-0.25088;404.40
-0.36771;-0.26885;390.86
-0.35113;-0.26069;411.11
-0.35027;-0.27644;401.11
-0.027767;-0.63395;226.08
-0.028268;-0.62353;234.28
-0.039961;-0.62962;228.96
-0.036882;-0.61378;241.73
-0.045497;-0.60403;249.19
-0.048576;-0.61987;236.20
-0.059240;-0.60983;243.51
-0.070802;-0.59972;250.71
-0.068621;-0.58381;264.10
-0.084476;-0.59123;256.21
-0.057059;-0.59392;256.70
0.29823;-0.83447;60.073
0.31483;-0.82835;60.072
0.30111;-0.81677;68.931
0.28497;-0.82236;69.028
0.27185;-0.81064;77.865
0.28799;-0.80504;77.864
0.27487;-0.79331;86.911
0.25921;-0.79840;87.007
0.33075;-0.82213;60.072
0.34710;-0.81535;60.074
0.33294;-0.80432;68.933
0.31702;-0.81055;69.028
0.21563;-0.79558;96.051
0.23149;-0.79112;96.050
0.21944;-0.77875;105.31
0.20408;-0.78276;105.40
0.17776;-0.77384;114.66
0.16680;-0.76092;124.15
0.16225;-0.77724;114.66
0.15180;-0.76390;124.24
0.14141;-0.75094;133.71
0.15641;-0.74795;133.72
0.14603;-0.73499;143.43
0.13155;-0.73759;143.51
0.20799;-0.76626;114.67
0.19653;-0.75378;124.15
0.19263;-0.77027;114.67
0.18166;-0.75735;124.25
0.24668;-0.78651;96.050
0.26235;-0.78143;96.050
0.24982;-0.76954;105.31
0.23463;-0.77414;105.41
0.36426;-0.79062;68.938
0.34860;-0.79747;69.031
0.36277;-0.80850;60.076
-0.0078003;-0.64938;214.56
0.0051076;-0.64920;214.73
-0.0026588;-0.63470;225.97
-0.014962;-0.63953;222.07
-0.015463;-0.62912;230.21
0.047072;-0.67653;193.04
0.039629;-0.66310;203.33
0.033417;-0.67723;193.13
0.026251;-0.66340;203.60
0.019067;-0.65201;212.38
0.032445;-0.65171;212.20
0.025260;-0.64033;221.19
0.011301;-0.63751;223.69
0.090010;-0.70057;172.82
0.081455;-0.68754;182.76
0.076009;-0.70227;172.79
0.067985;-0.68875;182.93
0.073693;-0.67455;192.75
0.065932;-0.66156;202.91
0.060223;-0.67576;192.84
0.052780;-0.66233;203.22
0.12175;-0.72465;153.17
0.13623;-0.72206;153.18
0.12642;-0.70913;163.08
0.11249;-0.71137;163.15
0.10325;-0.69848;173.00
0.11718;-0.69624;173.03
0.10794;-0.68336;183.13
0.094697;-0.68545;183.04
0.37735;-0.81897;51.422
0.39344;-0.81155;51.329
0.37885;-0.80108;60.080
0.37404;-0.85548;34.112
0.39084;-0.84813;34.017
0.37606;-0.83726;42.619
0.39214;-0.82984;42.622
0.37225;-0.87418;25.426
0.36972;-0.89279;17.032
0.38905;-0.86683;25.427
-0.56965;0.31336;214.01
-0.55401;0.31200;225.09
-0.56358;0.32473;213.79
-0.56404;0.30225;221.90
-0.56279;0.28596;228.66
-0.56531;0.27437;230.95
-0.55153;0.27943;239.00
-0.55277;0.29571;232.12
-0.56786;0.25730;234.87
-0.55664;0.24528;247.10
-0.55408;0.26235;243.22
-0.57299;0.24524;235.00
-0.56681;0.23423;243.01
-0.56367;0.14317;269.43
-0.55199;0.15109;277.42
-0.56579;0.15779;264.48
-0.56644;0.17222;260.55
-0.55328;0.17995;269.22
-0.56808;0.18742;255.41
-0.55263;0.16552;273.44
-0.55324;0.19539;265.03
-0.55320;0.21083;260.57
-0.56805;0.20286;251.29
-0.56510;0.21700;249.52
-0.55492;0.22805;253.95
-0.57872;0.070765;268.18
-0.57318;0.054968;274.37
-0.56182;0.067947;282.98
-0.56800;0.085759;275.55
-0.53338;-0.063727;308.90
-0.52279;-0.072517;317.65
-0.52195;-0.056827;320.26
-0.53631;-0.051726;307.39
-0.54071;-0.036042;304.53
-0.52634;-0.041142;317.51
-0.53074;-0.025458;314.31
-0.54735;-0.021670;299.18
-0.53946;0.0049762;306.76
-0.55171;-0.0064531;295.59
-0.53510;-0.010241;310.73
-0.55737;0.0084006;290.49
-0.55032;0.035911;295.82
-0.56280;0.023868;285.28
-0.54489;0.020444;301.46
-0.56743;0.038950;280.49
-0.55607;0.051929;289.55
-0.47962;-0.15500;340.53
-0.47305;-0.13971;351.30
-0.49157;-0.14200;333.07
-0.48562;-0.12600;342.85
-0.42751;-0.19080;377.26
-0.43565;-0.20666;362.57
-0.41661;-0.20356;382.03
-0.44564;-0.19372;358.74
-0.44907;-0.16663;365.88
-0.45642;-0.18164;353.33
-0.43829;-0.17871;371.79
-0.46764;-0.16847;347.48
-0.46106;-0.15317;358.82
-0.37435;-0.22479;411.88
-0.36895;-0.20850;426.74
-0.38733;-0.21241;406.11
-0.39146;-0.18501;416.08
-0.39859;-0.20067;401.07
-0.38021;-0.19676;421.71
-0.40948;-0.18790;396.32
-0.46690;-0.12423;361.58
-0.46075;-0.10876;371.70
-0.47947;-0.11053;352.51
-0.49261;-0.093015;343.24
-0.47389;-0.091243;362.16
-0.48702;-0.073729;351.98
-0.50533;-0.080969;332.97
-0.50448;-0.065278;335.98
-0.56126;0.12904;274.29
-0.56067;0.11320;277.68
-0.54716;0.12283;287.52
-0.54957;0.13696;282.58
-0.54344;0.10755;293.58
-0.55695;0.097922;283.36
-0.53971;0.092273;299.39
-0.55077;0.080110;291.27
-0.59890;0.61013;77.900
-0.58210;0.60495;86.947
-0.58658;0.62195;77.911
-0.59375;0.59332;87.032
-0.59987;0.56534;96.049
-0.61106;0.55326;96.039
-0.59434;0.54901;105.30
-0.60489;0.53715;105.38
-0.58844;0.53315;114.63
-0.59899;0.52129;114.62
-0.58254;0.51730;124.09
-0.59248;0.50569;124.18
-0.57721;0.58841;96.073
-0.58886;0.57677;96.062
-0.57232;0.57186;105.32
-0.58333;0.56043;105.40
-0.56553;0.66162;69.003
-0.58237;0.66777;60.140
-0.57829;0.65029;69.092
-0.57448;0.63312;77.920
-0.55790;0.62729;86.966
-0.56171;0.64446;77.927
-0.57000;0.61612;87.052
-0.59874;0.42641;153.00
-0.60714;0.41434;153.00
-0.59102;0.41227;162.87
-0.59886;0.40053;162.98
-0.58303;0.39887;172.76
-0.59087;0.38713;172.77
-0.57505;0.38546;182.80
-0.58239;0.37398;182.91
-0.58162;0.44951;152.99
-0.59048;0.43780;152.99
-0.57451;0.43505;162.84
-0.58277;0.42366;162.95
-0.56650;0.37269;193.09
-0.57385;0.36121;193.12
-0.55795;0.35991;203.56
-0.56555;0.34869;203.24
-0.54762;0.33819;219.02
-0.55279;0.34905;211.26
-0.56038;0.33783;210.82
-0.55082;0.32509;222.15
-0.53606;0.33180;229.31
-0.53926;0.31871;232.51
-0.52451;0.32541;239.82
-0.57632;0.50197;133.62
-0.58626;0.49036;133.61
-0.57010;0.48664;143.29
-0.57942;0.47530;143.38
-0.56361;0.47190;152.98
-0.57293;0.46056;152.97
-0.55713;0.45716;162.82
-0.56582;0.44610;162.93
-0.58577;0.68540;51.484
-0.56892;0.67926;60.143
-0.57232;0.69689;51.391
-0.53913;0.68330;69.008
-0.55572;0.69009;60.145
-0.55233;0.67246;69.101
-0.62029;0.69772;34.161
-0.60291;0.69190;42.675
-0.60660;0.70989;34.068
-0.58946;0.70339;42.678
-0.63802;0.70396;25.464
-0.65598;0.70948;17.058
-0.62432;0.71612;25.466
-0.081142;-0.57256;272.24
-0.093664;-0.56132;280.21
-0.096997;-0.57998;263.92
-0.10817;-0.56812;272.20
-0.17894;-0.53211;286.98
-0.17195;-0.54933;274.54
-0.16218;-0.53322;290.58
-0.15628;-0.54862;279.03
-0.13687;-0.55034;281.94
-0.12334;-0.53667;296.57
-0.14276;-0.53495;293.86
-0.12300;-0.55580;280.07
-0.10850;-0.54900;288.55
-0.22635;-0.49607;301.46
-0.21951;-0.51245;290.45
-0.20913;-0.49721;306.84
-0.20242;-0.51410;294.90
-0.19221;-0.49811;311.92
-0.18550;-0.51501;299.53
-0.17529;-0.49902;316.60
-0.16873;-0.51612;303.53
-0.30760;-0.38557;351.31
-0.31045;-0.40231;336.49
-0.29171;-0.39588;352.81
-0.29975;-0.41403;333.58
-0.28211;-0.41388;343.66
-0.21574;-0.48086;318.36
-0.22234;-0.46452;329.86
-0.23296;-0.47973;312.49
-0.24010;-0.46403;322.70
-0.22887;-0.44903;340.59
-0.23540;-0.43354;351.22
-0.24662;-0.44854;332.88
-0.25395;-0.43272;342.82
-0.26053;-0.41735;352.57
-0.24855;-0.40282;371.79
-0.27013;-0.39935;362.63
-0.24197;-0.41818;361.59
-0.33635;-0.33330;371.59
-0.33703;-0.34994;358.82
-0.32148;-0.34050;377.12
-0.32249;-0.35788;363.03
-0.30654;-0.34798;381.96
-0.30755;-0.36536;367.35
-0.29161;-0.35546;386.24
-0.29166;-0.37567;369.41
-0.35762;-0.21906;431.94
-0.36302;-0.23534;416.48
-0.34629;-0.22961;436.56
-0.34871;-0.24515;423.85
-0.32063;-0.32344;390.95
-0.31978;-0.30638;404.86
-0.33550;-0.31624;384.85
-0.33460;-0.29928;398.12
-0.32651;-0.24494;445.41
-0.33640;-0.23728;441.17
-0.33882;-0.25281;427.97
-0.31872;-0.28856;419.58
-0.31765;-0.27074;434.32
-0.33354;-0.28146;412.14
-0.32208;-0.25784;440.07
-0.33439;-0.26572;422.86
-0.020099;-0.61139;244.30
-0.011930;-0.59924;254.45
-0.028713;-0.60163;252.00
-0.0072942;-0.61697;240.02
-0.041545;-0.58886;262.00
-0.024761;-0.58646;264.82
-0.037592;-0.57369;275.14
-0.053107;-0.57875;269.76
-0.077660;-0.55544;287.46
-0.065139;-0.56668;279.05
-0.061656;-0.54956;294.46
-0.049624;-0.56162;284.84
0.39503;-0.77568;68.948
0.37965;-0.78315;69.039
0.39424;-0.79362;60.085
0.30345;-0.79934;77.865
0.31936;-0.79312;77.865
0.30579;-0.78191;86.913
0.29033;-0.78761;87.008
0.27735;-0.77623;96.051
0.29280;-0.77053;96.053
0.27982;-0.75914;105.31
0.26482;-0.76434;105.41
0.33460;-0.78681;77.868
0.35026;-0.77996;77.871
0.33625;-0.76929;86.919
0.32102;-0.77560;87.012
0.23789;-0.75751;114.67
0.22595;-0.74549;124.15
0.22270;-0.76212;114.67
0.21124;-0.74963;124.25
0.17078;-0.74480;133.72
0.18565;-0.74123;133.72
0.17477;-0.72869;143.43
0.16040;-0.73184;143.52
0.15009;-0.71931;153.17
0.16445;-0.71616;153.18
0.15414;-0.70363;163.07
0.14028;-0.70638;163.17
0.21460;-0.73338;133.72
0.20326;-0.72127;143.42
0.19989;-0.73752;133.72
0.18901;-0.72498;143.52
0.26743;-0.74759;114.67
0.25503;-0.73604;124.16
0.25243;-0.75279;114.67
0.24049;-0.74076;124.25
0.38062;-0.76558;77.881
0.36621;-0.75548;86.928
0.36524;-0.77305;77.876
0.35123;-0.76239;87.019
0.024623;-0.62450;233.63
0.023985;-0.60868;246.39
0.010663;-0.62169;236.19
0.0060278;-0.60396;250.62
0.059202;-0.64652;214.72
0.052472;-0.63149;226.78
0.046050;-0.64729;214.95
0.038866;-0.63591;224.10
0.038229;-0.62008;236.61
0.099580;-0.67155;192.51
0.091221;-0.65974;202.03
0.086338;-0.67364;192.32
0.078576;-0.66065;202.56
0.084439;-0.64906;210.68
0.077658;-0.63838;219.44
0.071795;-0.64997;211.14
0.065065;-0.63494;223.19
0.13057;-0.69400;172.93
0.14443;-0.69125;172.92
0.13472;-0.67887;182.93
0.12133;-0.68111;183.12
0.11135;-0.66927;192.82
0.12474;-0.66703;192.73
0.11477;-0.65518;202.67
0.10299;-0.65746;202.43
0.40922;-0.80350;51.431
0.42501;-0.79545;51.340
0.41002;-0.78557;60.090
0.40734;-0.84012;34.117
0.42384;-0.83212;34.024
0.40864;-0.82183;42.626
0.42442;-0.81378;42.631
0.40628;-0.85888;25.429
0.40449;-0.87758;17.034
0.42278;-0.85088;25.432
-0.53674;0.28783;246.48
-0.52195;0.29623;253.79
-0.53798;0.30411;239.23
-0.52323;0.31082;246.85
-0.53762;0.27042;252.43
-0.54017;0.25335;256.71
-0.52371;0.26142;266.22
-0.52283;0.27883;260.14
-0.52401;0.24438;272.32
-0.54047;0.23631;262.37
-0.52431;0.22735;278.12
-0.53876;0.21909;269.40
-0.52966;0.13996;299.12
-0.54082;0.14553;288.16
-0.53841;0.13140;293.37
-0.52827;0.15200;297.44
-0.52687;0.16404;295.52
-0.53943;0.15757;286.46
-0.54007;0.17200;282.21
-0.52599;0.17920;292.06
-0.52511;0.19435;288.28
-0.53920;0.18715;278.76
-0.52471;0.21085;283.36
-0.53916;0.20259;274.24
-0.53844;0.048131;305.75
-0.52656;0.060352;315.57
-0.54419;0.064149;299.01
-0.53314;0.076313;307.60
-0.49479;-0.036311;348.41
-0.50837;-0.046569;334.21
-0.49091;-0.055020;350.56
-0.51277;-0.030885;331.11
-0.50418;-0.0041850;340.39
-0.51746;-0.014822;327.28
-0.49949;-0.020248;344.64
-0.52182;3.9556E-4;323.31
-0.51449;0.028059;329.61
-0.52697;0.016518;318.18
-0.50933;0.011937;335.21
-0.53240;0.031985;312.43
-0.52053;0.044206;322.76
-0.44162;-0.15130;378.67
-0.43417;-0.13597;391.46
-0.45361;-0.13784;370.99
-0.44746;-0.12236;381.80
-0.41276;-0.16030;404.94
-0.42013;-0.17555;391.06
-0.40211;-0.17265;410.79
-0.43092;-0.16346;385.04
-0.42347;-0.14813;398.43
-0.34054;-0.21509;452.02
-0.33478;-0.20057;467.70
-0.35187;-0.20454;446.84
-0.35572;-0.17842;458.00
-0.36234;-0.19346;442.28
-0.34525;-0.18950;463.18
-0.37359;-0.18172;436.63
-0.37819;-0.15571;444.41
-0.38483;-0.17036;430.20
-0.36696;-0.16706;451.50
-0.39548;-0.15800;424.31
-0.42345;-0.10631;411.95
-0.44210;-0.10754;391.43
-0.42881;-0.12114;401.81
-0.44261;-0.077498;397.63
-0.45168;-0.093127;384.71
-0.43303;-0.091906;405.07
-0.46482;-0.075613;374.32
-0.45668;-0.044880;387.20
-0.47185;-0.059304;369.45
-0.44965;-0.061189;392.74
-0.47574;-0.040595;367.46
-0.53219;0.11982;301.24
-0.52847;0.10454;307.48
-0.51722;0.11680;315.35
-0.52344;0.12838;307.25
-0.51024;0.10102;324.91
-0.52149;0.088750;316.53
-0.50326;0.085226;334.29
-0.51491;0.072789;325.02
-0.55366;0.61057;96.093
-0.56576;0.59940;96.083
-0.54942;0.59385;105.34
-0.56087;0.58285;105.43
-0.56705;0.55578;114.66
-0.57806;0.54435;114.65
-0.56178;0.53970;124.13
-0.57216;0.52850;124.21
-0.55617;0.52412;133.66
-0.56655;0.51292;133.65
-0.55056;0.50854;143.34
-0.56033;0.49759;143.41
-0.54479;0.57757;114.68
-0.55623;0.56658;114.67
-0.54015;0.56129;124.15
-0.55096;0.55050;124.24
-0.54919;0.65515;77.933
-0.53284;0.64868;86.978
-0.53599;0.66599;77.936
-0.54537;0.63799;87.068
-0.54179;0.62111;96.100
-0.52569;0.61493;105.36
-0.52927;0.63181;96.106
-0.53756;0.60439;105.44
-0.50696;0.66910;86.981
-0.52305;0.67620;77.937
-0.51990;0.65889;87.075
-0.56708;0.42135;172.71
-0.57534;0.40995;172.73
-0.55966;0.40764;182.73
-0.56735;0.39655;182.86
-0.55240;0.39466;192.50
-0.56010;0.38358;192.54
-0.54515;0.38169;202.43
-0.55155;0.37080;203.08
-0.55031;0.44310;172.68
-0.55900;0.43205;172.70
-0.54349;0.42905;182.69
-0.55158;0.41834;182.81
-0.54324;0.35806;213.65
-0.52853;0.35621;223.89
-0.53684;0.36895;213.06
-0.53807;0.34720;221.55
-0.52652;0.34081;231.88
-0.50387;0.34251;246.31
-0.51620;0.34936;234.97
-0.51419;0.33396;243.16
-0.49762;0.32918;256.70
-0.50794;0.32063;253.36
-0.49138;0.31585;267.24
-0.50666;0.30604;260.66
-0.54469;0.49353;153.03
-0.55446;0.48258;153.00
-0.53881;0.47852;162.86
-0.54797;0.46784;162.93
-0.53280;0.46419;172.60
-0.54195;0.45351;172.58
-0.52678;0.44986;182.48
-0.53514;0.43945;182.68
-0.52551;0.69362;69.102
-0.50943;0.68652;77.936
-0.51189;0.70394;69.005
-0.55843;0.70785;51.487
-0.54183;0.70105;60.146
-0.54453;0.71881;51.392
-0.52821;0.71137;60.144
-0.59244;0.72152;34.164
-0.57530;0.71501;42.679
-0.57828;0.73314;34.069
-0.56140;0.72597;42.679
-0.60990;0.72844;25.467
-0.62763;0.73467;17.060
-0.59574;0.74006;25.467
0.012060;-0.58164;269.25
6.5019E-5;-0.59044;261.90
0.018022;-0.59516;257.71
-0.073389;-0.53717;304.30
-0.085123;-0.52478;314.04
-0.089393;-0.54305;296.84
-0.10423;-0.53073;305.49
-0.15821;-0.49968;321.12
-0.15166;-0.51678;307.61
-0.14113;-0.50033;325.19
-0.13224;-0.51850;310.82
-0.095848;-0.51121;324.94
-0.10657;-0.49763;335.75
-0.11496;-0.51715;315.79
-0.12385;-0.49898;330.70
-0.20517;-0.46532;336.12
-0.19857;-0.48167;324.10
-0.18800;-0.46613;341.95
-0.18164;-0.48257;329.24
-0.17138;-0.46695;347.13
-0.16502;-0.48340;333.93
-0.15475;-0.46777;351.85
-0.14794;-0.48405;338.46
-0.27497;-0.36169;392.14
-0.27502;-0.38190;374.64
-0.25833;-0.36793;397.40
-0.25344;-0.38537;384.65
-0.19400;-0.45065;353.95
-0.20000;-0.43516;365.95
-0.21117;-0.44984;347.59
-0.21770;-0.43435;358.80
-0.24173;-0.37147;404.48
-0.23685;-0.38892;391.03
-0.22514;-0.37501;411.02
-0.20556;-0.41926;378.55
-0.21113;-0.40335;391.13
-0.22326;-0.41845;370.79
-0.21814;-0.38918;401.19
-0.22984;-0.40308;381.68
-0.30499;-0.31340;411.14
-0.30584;-0.33046;396.62
-0.29019;-0.32042;416.86
-0.29090;-0.33794;401.46
-0.27546;-0.32715;422.21
-0.27616;-0.34467;406.21
-0.26072;-0.33388;426.95
-0.25952;-0.35090;412.12
-0.31716;-0.22163;471.99
-0.32597;-0.21110;470.15
-0.33172;-0.22562;454.00
-0.32183;-0.23328;458.59
-0.28974;-0.30460;430.75
-0.28928;-0.28877;444.71
-0.30453;-0.29757;424.41
-0.30347;-0.27976;439.87
-0.31375;-0.24382;458.77
-0.30098;-0.24270;472.34
-0.30907;-0.23216;472.46
-0.30932;-0.25672;453.01
-0.28718;-0.26254;469.19
-0.30242;-0.26664;451.52
-0.28823;-0.27565;456.92
-0.29408;-0.25262;471.00
-0.068727;-0.51930;321.40
-0.056994;-0.53169;311.16
-0.052331;-0.51382;328.42
-0.0089396;-0.56419;284.44
-0.023266;-0.56894;279.92
-0.010435;-0.58171;269.22
0.0015600;-0.57292;276.87
-0.019781;-0.55195;295.08
-0.030623;-0.53972;305.75
-0.034107;-0.55670;290.21
-0.041477;-0.52677;317.08
-0.046140;-0.54464;300.26
0.42519;-0.75955;68.961
0.41011;-0.76762;69.050
0.42510;-0.77750;60.096
0.41040;-0.75002;77.893
0.39560;-0.74049;86.940
0.39532;-0.75809;77.887
0.38091;-0.74798;87.030
0.30760;-0.76474;96.055
0.32283;-0.75843;96.058
0.30940;-0.74756;105.32
0.29461;-0.75335;105.41
0.29656;-0.73651;114.68
0.28372;-0.72546;124.16
0.28177;-0.74230;114.67
0.26938;-0.73075;124.26
0.35237;-0.74515;96.067
0.33852;-0.73482;105.33
0.33739;-0.75206;96.063
0.32396;-0.74119;105.42
0.24324;-0.72439;133.72
0.23144;-0.71273;143.42
0.22870;-0.72911;133.72
0.21735;-0.71700;143.52
0.17823;-0.71286;153.17
0.19247;-0.70915;153.17
0.18168;-0.69703;163.07
0.16791;-0.70033;163.16
0.15764;-0.68828;172.98
0.17141;-0.68498;172.98
0.16113;-0.67292;183.04
0.14792;-0.67590;183.08
0.22023;-0.70105;153.15
0.20902;-0.68938;163.04
0.20614;-0.70532;153.16
0.19535;-0.69320;163.15
0.27149;-0.71427;133.72
0.25925;-0.70309;143.42
0.25714;-0.71956;133.72
0.24534;-0.70791;143.52
0.38136;-0.73071;96.080
0.36711;-0.72093;105.34
0.36666;-0.73820;96.074
0.35282;-0.72788;105.43
0.023369;-0.58094;269.56
0.029332;-0.59446;257.92
0.034679;-0.58024;269.67
0.045573;-0.58776;262.67
0.040226;-0.60198;251.17
0.056466;-0.59529;255.61
0.054469;-0.61339;240.99
0.078026;-0.62573;229.21
0.078394;-0.61308;239.16
0.065433;-0.62228;233.05
0.067430;-0.60418;247.38
0.10717;-0.64379;212.10
0.099574;-0.63240;221.68
0.095397;-0.64607;211.78
0.088616;-0.63539;220.64
0.088984;-0.62274;230.40
0.13822;-0.66420;192.85
0.15143;-0.66122;192.91
0.14173;-0.64952;202.93
0.12825;-0.65235;202.91
0.12231;-0.63266;218.45
0.11854;-0.64392;210.52
0.13202;-0.64109;210.67
0.11094;-0.63253;220.14
0.45591;-0.77812;51.353
0.44055;-0.76883;60.103
0.44046;-0.78678;51.442
0.45468;-0.74225;68.973
0.43993;-0.75090;69.063
0.45529;-0.76018;60.109
0.44001;-0.82346;34.125
0.45619;-0.81481;34.035
0.44060;-0.80513;42.636
0.45605;-0.79647;42.642
0.43969;-0.84226;25.435
0.43863;-0.86102;17.037
0.45586;-0.83360;25.440
-0.49357;0.27806;282.47
-0.50776;0.28714;267.92
-0.50864;0.26974;274.43
-0.49247;0.29695;275.01
-0.50928;0.23476;287.51
-0.49425;0.24218;296.81
-0.50898;0.25180;281.28
-0.49391;0.26012;289.79
-0.49492;0.22507;302.90
-0.50995;0.21765;293.15
-0.49559;0.20795;308.64
-0.51035;0.20115;298.47
-0.51680;0.14216;309.99
-0.51058;0.13058;318.39
-0.50394;0.14435;321.04
-0.51540;0.15420;308.15
-0.51258;0.16967;306.35
-0.50111;0.15983;319.36
-0.49829;0.17530;317.25
-0.49694;0.19162;313.14
-0.51170;0.18482;302.57
-0.50243;0.039613;340.59
-0.49038;0.051166;351.51
-0.50847;0.055759;333.22
-0.49682;0.068196;343.08
-0.46819;-0.012790;377.03
-0.48149;-0.024551;362.65
-0.46244;-0.028835;382.40
-0.48618;-0.0084873;358.39
-0.47859;0.017824;365.95
-0.49138;0.0068193;353.13
-0.47339;0.0025170;371.72
-0.49654;0.022941;347.47
-0.48448;0.034495;358.96
-0.38759;-0.14171;439.94
-0.39699;-0.12771;434.74
-0.40488;-0.14400;419.83
-0.41558;-0.13184;412.63
-0.41022;-0.11701;423.48
-0.36588;-0.13271;469.06
-0.38144;-0.13021;451.69
-0.37204;-0.14421;456.69
-0.30930;-0.20789;490.63
-0.30144;-0.19416;509.82
-0.31811;-0.19737;488.38
-0.32055;-0.17217;502.52
-0.32767;-0.18637;484.95
-0.31100;-0.18317;506.55
-0.33814;-0.17530;479.81
-0.34633;-0.15009;484.29
-0.35103;-0.16426;471.17
-0.33344;-0.16113;493.76
-0.36226;-0.15290;463.97
-0.35611;-0.14140;476.85
-0.39500;-0.10077;446.04
-0.40923;-0.10354;428.70
-0.39600;-0.11424;440.59
-0.40124;-0.090141;441.69
-0.40747;-0.079511;436.98
-0.41546;-0.092912;424.48
-0.42504;-0.078505;416.94
-0.42016;-0.051620;427.29
-0.43139;-0.064559;412.41
-0.41381;-0.065566;432.42
-0.43842;-0.048250;406.88
-0.43175;-0.021503;416.88
-0.44421;-0.033191;401.96
-0.42595;-0.036561;422.39
-0.44997;-0.017146;396.59
-0.49819;0.11620;333.17
-0.49121;0.10041;343.18
-0.47917;0.11559;351.64
-0.49155;0.12997;336.21
-0.48488;0.080196;353.10
-0.46650;0.075167;372.64
-0.47284;0.095378;362.39
-0.47844;0.063166;362.16
-0.48030;0.68850;86.977
-0.49610;0.69622;77.934
-0.49363;0.67880;87.075
-0.52169;0.59848;114.70
-0.53356;0.58794;114.69
-0.51769;0.58203;124.17
-0.52892;0.57166;124.26
-0.53516;0.54548;133.70
-0.54597;0.53469;133.68
-0.53017;0.52968;143.38
-0.54037;0.51911;143.45
-0.52488;0.51439;153.10
-0.53508;0.50382;153.08
-0.51960;0.49910;162.96
-0.52920;0.48881;163.01
-0.52456;0.55567;133.71
-0.50897;0.55004;143.40
-0.51333;0.56603;133.72
-0.51957;0.53986;143.48
-0.51699;0.64188;96.111
-0.50114;0.63507;105.37
-0.50405;0.65209;96.112
-0.51341;0.62500;105.46
-0.51006;0.60840;114.71
-0.49444;0.60188;124.18
-0.49779;0.61848;114.71
-0.50607;0.59195;124.27
-0.49139;0.66168;96.114
-0.47581;0.65426;105.37
-0.47805;0.67138;96.112
-0.48847;0.64467;105.46
-0.53606;0.41572;192.90
-0.54415;0.40501;192.92
-0.52863;0.40239;203.27
-0.53689;0.39204;202.95
-0.52010;0.38006;218.61
-0.52437;0.39123;210.90
-0.53263;0.38087;210.48
-0.52431;0.36813;221.33
-0.52879;0.42567;192.56
-0.51408;0.42229;202.57
-0.52043;0.43607;192.45
-0.52136;0.41234;203.01
-0.51029;0.37288;228.08
-0.51451;0.36095;230.85
-0.50049;0.36569;237.73
-0.50218;0.35410;242.07
-0.46346;0.29261;298.89
-0.47742;0.30423;282.81
-0.47851;0.28533;290.77
-0.49172;0.34411;253.77
-0.48548;0.33079;264.42
-0.47957;0.34572;261.26
-0.49003;0.35571;249.36
-0.45849;0.32414;286.88
-0.47493;0.32000;277.08
-0.46097;0.30837;293.02
-0.46903;0.33493;273.91
-0.51409;0.48442;172.80
-0.52370;0.47412;172.74
-0.50858;0.46973;182.78
-0.51768;0.45979;182.72
-0.50289;0.45604;192.52
-0.51199;0.44610;192.38
-0.49719;0.44235;202.42
-0.50564;0.43232;202.59
-0.49788;0.71372;69.097
-0.48208;0.70600;77.930
-0.48386;0.72351;68.998
-0.53021;0.72922;51.485
-0.51389;0.72179;60.142
-0.51590;0.73964;51.387
-0.49988;0.73157;60.138
-0.56367;0.74421;34.164
-0.54679;0.73704;42.679
-0.54906;0.75528;34.068
-0.53248;0.74746;42.676
-0.58085;0.75181;25.468
-0.59831;0.75873;17.061
-0.56624;0.76288;25.467
0.017407;-0.56881;280.22
0.022754;-0.55597;291.38
0.0069073;-0.56008;288.10
0.028717;-0.56811;280.43
-0.062750;-0.50175;338.95
-0.073169;-0.48968;349.42
-0.079146;-0.50723;331.42
-0.089871;-0.49366;342.78
-0.13839;-0.46785;356.73
-0.13158;-0.48413;342.86
-0.12202;-0.46793;361.14
-0.11430;-0.48278;348.41
-0.082157;-0.47756;360.12
-0.091146;-0.46544;370.79
-0.098860;-0.48153;352.99
-0.10658;-0.46668;366.18
-0.18354;-0.43595;372.13
-0.17754;-0.45143;359.60
-0.16707;-0.43673;377.85
-0.16091;-0.45225;364.81
-0.15085;-0.43726;383.24
-0.14469;-0.45278;369.68
-0.13463;-0.43780;388.12
-0.12833;-0.45286;374.56
-0.24647;-0.33919;432.05
-0.24528;-0.35622;416.64
-0.23223;-0.34451;436.60
-0.22868;-0.35976;423.82
-0.17288;-0.42114;391.16
-0.17868;-0.40555;404.52
-0.18934;-0.42036;384.88
-0.19491;-0.40445;398.06
-0.20825;-0.35127;445.17
-0.22024;-0.34789;441.07
-0.21670;-0.36314;427.81
-0.18443;-0.38875;419.18
-0.19017;-0.37196;433.87
-0.20065;-0.38765;412.05
-0.19921;-0.36162;439.73
-0.20766;-0.37349;422.60
-0.27473;-0.29483;451.76
-0.27518;-0.31065;437.15
-0.26017;-0.30088;458.24
-0.26045;-0.31738;442.50
-0.24642;-0.30708;463.32
-0.24669;-0.32358;446.97
-0.23266;-0.31328;467.76
-0.23244;-0.32890;452.06
-0.29305;-0.20529;510.87
-0.30091;-0.21903;491.29
-0.28466;-0.21642;511.16
-0.29282;-0.22956;491.43
-0.26127;-0.28614;471.27
-0.26236;-0.27140;484.26
-0.27582;-0.28009;464.11
-0.27477;-0.26697;476.90
-0.27111;-0.23998;504.98
-0.27789;-0.22820;508.41
-0.28605;-0.24134;488.52
-0.27915;-0.25126;486.78
-0.26674;-0.25569;494.89
-0.057557;-0.48414;357.08
-0.047138;-0.49621;346.09
-0.041945;-0.47859;364.39
-0.021163;-0.50373;340.41
-0.031554;-0.49116;352.38
-0.036747;-0.50877;334.60
-0.025893;-0.52172;322.79
0.0011494;-0.52968;315.88
-0.010007;-0.51670;328.12
-0.014737;-0.53470;311.00
-0.0038951;-0.54693;299.93
0.011952;-0.54282;303.57
0.42477;-0.74196;77.900
0.43952;-0.73331;77.906
0.42436;-0.72436;86.954
0.40998;-0.73243;87.042
0.39536;-0.72321;96.088
0.40974;-0.71515;96.096
0.39512;-0.70594;105.36
0.38112;-0.71344;105.45
0.45245;-0.70713;86.967
0.43840;-0.71575;87.056
0.45356;-0.72469;77.912
0.32525;-0.72428;114.68
0.31198;-0.71375;124.17
0.31069;-0.73066;114.68
0.29785;-0.71960;124.26
0.29930;-0.70306;133.73
0.28663;-0.69237;143.42
0.28518;-0.70891;133.72
0.27294;-0.69773;143.52
0.35343;-0.71094;114.70
0.33974;-0.70094;124.18
0.33913;-0.71788;114.69
0.32586;-0.70734;124.27
0.24763;-0.69186;153.15
0.23601;-0.68063;163.02
0.23372;-0.69668;153.15
0.22251;-0.68500;163.13
0.18470;-0.68158;172.93
0.19837;-0.67775;172.92
0.18772;-0.66613;182.95
0.17443;-0.66953;183.10
0.16397;-0.65764;193.33
0.17727;-0.65424;193.29
0.16681;-0.64235;203.79
0.15427;-0.64594;203.46
0.22500;-0.66945;172.87
0.21399;-0.65828;182.87
0.21151;-0.67383;172.88
0.20085;-0.66220;183.01
0.27459;-0.68158;153.16
0.26255;-0.67079;163.05
0.26090;-0.68694;153.16
0.24928;-0.67571;163.13
0.36704;-0.70398;114.71
0.38104;-0.69649;114.72
0.36696;-0.68703;124.21
0.35335;-0.69399;124.29
0.046405;-0.56994;277.82
0.058131;-0.55964;285.87
0.040443;-0.55780;288.86
0.057299;-0.57746;270.51
0.072754;-0.58857;259.71
0.089042;-0.58184;263.44
0.073587;-0.57074;274.67
0.083718;-0.59746;251.19
0.11686;-0.61968;229.19
0.11141;-0.60669;240.16
0.10549;-0.61955;230.88
0.094903;-0.60989;239.85
0.10023;-0.59427;251.72
0.14331;-0.63300;214.88
0.15585;-0.62942;215.33
0.14490;-0.61648;227.08
0.13360;-0.62457;222.84
0.12815;-0.61159;233.73
0.46906;-0.73303;69.074
0.48345;-0.72381;68.983
0.46795;-0.71547;77.918
0.47101;-0.76886;51.454
0.48610;-0.75960;51.363
0.47039;-0.75092;60.114
0.48478;-0.74171;60.119
0.47201;-0.80553;34.136
0.48783;-0.79625;34.045
0.47187;-0.78718;42.647
0.48696;-0.77793;42.652
0.47242;-0.82433;25.443
0.47209;-0.84312;17.043
0.48824;-0.81504;25.448
-0.47892;0.24952;306.27
-0.46359;0.25686;315.59
-0.47858;0.26746;298.76
-0.46352;0.27473;307.37
-0.48017;0.21470;319.36
-0.46474;0.22144;330.04
-0.47950;0.23181;313.15
-0.46417;0.23915;322.99
-0.46587;0.20439;335.93
-0.48129;0.19765;324.76
-0.46700;0.18735;341.39
-0.48264;0.18132;329.29
-0.48758;0.14904;334.84
-0.47519;0.13466;350.64
-0.47122;0.15373;348.87
-0.46911;0.17054;345.39
-0.48475;0.16452;332.84
-0.46572;0.029096;378.88
-0.45286;0.040368;391.80
-0.47162;0.045767;371.26
-0.45968;0.057768;382.44
-0.44263;0.0094868;405.00
-0.45541;-0.0016515;390.97
-0.43719;-0.0060080;411.22
-0.46061;0.013655;385.11
-0.44774;0.024927;398.64
-0.36834;-0.12077;471.07
-0.37079;-0.10882;472.62
-0.38389;-0.11827;453.36
-0.38290;-0.10480;459.23
-0.27567;-0.20197;533.71
-0.26667;-0.18751;557.15
-0.28406;-0.19083;533.02
-0.35384;-0.12502;487.17
-0.34407;-0.13371;495.37
-0.34180;-0.11733;505.93
-0.35630;-0.11307;489.12
-0.28385;-0.16428;554.16
-0.29265;-0.17922;531.64
-0.27526;-0.17589;556.14
-0.30220;-0.16823;527.73
-0.29442;-0.14962;550.70
-0.30499;-0.13495;545.82
-0.31277;-0.15356;524.06
-0.32566;-0.14252;514.10
-0.32340;-0.12614;525.93
-0.38637;-0.092149;458.94
-0.37426;-0.096175;472.63
-0.37773;-0.083528;472.06
-0.39260;-0.081519;454.25
-0.38179;-0.070433;470.30
-0.38585;-0.057339;467.94
-0.39666;-0.068425;452.34
-0.40300;-0.054479;447.24
-0.39661;-0.028988;458.37
-0.40839;-0.040304;442.74
-0.39123;-0.043164;463.47
-0.41418;-0.025246;437.22
-0.40903;3.7529E-4;444.37
-0.42039;-0.010564;430.59
-0.40282;-0.014306;451.66
-0.42583;0.0049310;424.32
-0.43206;0.063672;411.79
-0.44928;0.069420;391.84
-0.44246;0.052020;401.90
-0.45541;0.14321;367.53
-0.45939;0.12414;369.13
-0.43961;0.13269;386.86
-0.43914;0.097308;397.14
-0.45282;0.086237;384.95
-0.43560;0.080490;404.73
-0.43937;0.11500;392.32
-0.45916;0.10645;373.89
-0.45290;0.70684;86.969
-0.46838;0.71517;77.926
-0.46660;0.69767;87.069
-0.46502;0.68047;96.111
-0.44974;0.67245;105.37
-0.45132;0.68964;96.107
-0.46278;0.66335;105.46
-0.49071;0.58574;133.73
-0.50233;0.57581;133.72
-0.48697;0.56959;143.41
-0.49797;0.55982;143.50
-0.51490;0.52436;153.11
-0.49962;0.51904;162.99
-0.50429;0.53454;153.12
-0.50961;0.50907;163.07
-0.50466;0.49406;172.88
-0.48973;0.48903;182.94
-0.49468;0.50403;172.89
-0.49915;0.47938;182.96
-0.49391;0.54417;153.11
-0.47886;0.53829;162.97
-0.48292;0.55394;153.12
-0.48924;0.52866;163.08
-0.48578;0.62794;114.71
-0.47043;0.62081;124.19
-0.47312;0.63754;114.72
-0.48243;0.61135;124.29
-0.47934;0.59506;133.73
-0.46423;0.58824;143.42
-0.46733;0.60453;133.74
-0.47560;0.57892;143.51
-0.46074;0.64653;114.72
-0.44567;0.63880;124.20
-0.44771;0.65562;114.72
-0.45805;0.62980;124.30
-0.44774;0.26441;325.06
-0.43190;0.27195;334.32
-0.44768;0.28228;316.29
-0.51358;0.39877;213.96
-0.49853;0.39515;224.84
-0.50630;0.40872;213.60
-0.50931;0.38761;221.81
-0.49951;0.38042;231.34
-0.48909;0.41938;218.53
-0.49314;0.43087;210.43
-0.50159;0.42084;210.51
-0.49381;0.40727;221.77
-0.48667;0.37000;244.60
-0.47285;0.37431;251.38
-0.48569;0.38473;237.93
-0.47621;0.36001;256.42
-0.43196;0.30665;315.82
-0.44771;0.29963;307.46
-0.43193;0.28930;325.18
-0.44522;0.31540;301.14
-0.45101;0.35318;276.94
-0.46529;0.34945;269.14
-0.45475;0.33866;282.04
-0.46193;0.36375;264.00
-0.43462;0.33404;298.83
-0.44656;0.32909;292.92
-0.43329;0.32035;307.34
-0.44282;0.34361;287.77
-0.48492;0.47495;192.60
-0.49435;0.46530;192.52
-0.48012;0.46086;202.41
-0.48865;0.45161;202.50
-0.48426;0.43805;211.85
-0.47132;0.43375;221.42
-0.47572;0.44731;211.85
-0.48021;0.42657;220.05
-0.46947;0.73274;69.088
-0.45399;0.72440;77.921
-0.45508;0.74197;68.987
-0.42480;0.72409;86.960
-0.43994;0.73303;77.916
-0.43885;0.71547;87.060
-0.50118;0.74949;51.479
-0.48516;0.74142;60.134
-0.48646;0.75934;51.379
-0.47077;0.75065;60.129
-0.53402;0.76577;34.162
-0.51744;0.75795;42.675
-0.51898;0.77626;34.065
-0.50272;0.76780;42.670
-0.55089;0.77403;25.468
-0.56807;0.78164;17.061
-0.53585;0.78452;25.465
0.018294;-0.52485;320.13
0.029096;-0.53799;307.41
0.035439;-0.52002;323.88
0.046785;-0.53983;304.59
-0.051912;-0.46822;374.15
-0.061879;-0.45784;383.83
-0.067524;-0.47376;366.34
-0.076512;-0.46164;377.49
-0.11926;-0.43821;392.36
-0.11295;-0.45327;378.34
-0.10388;-0.43861;396.09
-0.097512;-0.45203;383.38
-0.079355;-0.44092;399.13
-0.085251;-0.45318;384.77
-0.070617;-0.44938;391.54
-0.091616;-0.43977;397.79
-0.16252;-0.40675;410.33
-0.15671;-0.42234;396.39
-0.14636;-0.40795;415.59
-0.14050;-0.42287;401.80
-0.13057;-0.40896;420.32
-0.12471;-0.42389;406.00
-0.11478;-0.40998;424.46
-0.10933;-0.42430;410.17
-0.20825;-0.32569;472.43
-0.22046;-0.31949;470.39
-0.22024;-0.33510;454.22
-0.20825;-0.33848;458.68
-0.15186;-0.39304;429.60
-0.15737;-0.37813;443.71
-0.16803;-0.39184;423.75
-0.17377;-0.37505;439.14
-0.19686;-0.34523;458.68
-0.18547;-0.33919;472.41
-0.19686;-0.33244;472.71
-0.18782;-0.35558;452.81
-0.16546;-0.35256;468.74
-0.17782;-0.36226;451.07
-0.16141;-0.36534;456.19
-0.17547;-0.34587;470.81
-0.24645;-0.27644;493.75
-0.24536;-0.29118;479.95
-0.23055;-0.28147;502.56
-0.23160;-0.29738;484.99
-0.21755;-0.28788;506.68
-0.21860;-0.30378;488.52
-0.20455;-0.29429;510.06
-0.20640;-0.30999;490.98
-0.25865;-0.20004;555.66
-0.26764;-0.21450;531.89
-0.25062;-0.21257;553.15
-0.26087;-0.22628;528.51
-0.24961;-0.18389;582.10
-0.24159;-0.19642;579.98
-0.23255;-0.18027;608.09
-0.23074;-0.26157;523.54
-0.23094;-0.24168;544.68
-0.24665;-0.25654;513.55
-0.25103;-0.24083;524.87
-0.24078;-0.22713;549.58
-0.047300;-0.45143;392.62
-0.037333;-0.46181;382.42
-0.032721;-0.44502;401.10
-0.012079;-0.46905;376.14
-0.022400;-0.45704;388.60
-0.027012;-0.47382;370.47
-0.016621;-0.48639;357.97
0.0094969;-0.49458;349.87
-0.0012909;-0.48181;362.96
-0.0058330;-0.49915;345.35
0.0053231;-0.51213;332.60
0.022468;-0.50730;336.85
0.42343;-0.70712;96.103
0.43748;-0.69850;96.110
0.42250;-0.68987;105.38
0.40881;-0.69791;105.46
0.39436;-0.68901;114.73
0.40806;-0.68098;114.74
0.39361;-0.67208;124.23
0.38029;-0.67956;124.31
0.47985;-0.68882;86.976
0.46615;-0.69797;87.067
0.48165;-0.70631;77.922
0.45084;-0.68994;96.116
0.46454;-0.68078;96.121
0.44924;-0.67274;105.39
0.43587;-0.68131;105.48
0.32664;-0.69077;133.73
0.31354;-0.68061;143.42
0.31276;-0.69718;133.73
0.30009;-0.68649;143.52
0.30106;-0.67034;153.15
0.28859;-0.66007;163.01
0.28761;-0.67622;153.15
0.27557;-0.66543;163.13
0.33984;-0.68435;133.75
0.35345;-0.67740;133.76
0.33994;-0.66777;143.45
0.32674;-0.67419;143.53
0.25115;-0.66007;172.88
0.23976;-0.64935;182.87
0.23788;-0.66499;172.87
0.22687;-0.65381;182.96
0.20363;-0.64715;192.85
0.19328;-0.63602;202.99
0.19050;-0.65107;192.89
0.18005;-0.63918;203.49
0.17475;-0.61763;220.38
0.17078;-0.62999;212.05
0.18402;-0.62682;211.63
0.15983;-0.61705;223.85
0.22895;-0.63876;192.76
0.21815;-0.62817;202.81
0.21607;-0.64322;192.77
0.20571;-0.63209;202.99
0.27679;-0.64961;172.97
0.26500;-0.63915;183.07
0.26377;-0.65497;172.99
0.25238;-0.64425;183.07
0.36639;-0.67046;133.78
0.37971;-0.66298;133.79
0.36582;-0.65388;143.50
0.35288;-0.66082;143.57
0.058038;-0.49832;342.86
0.046738;-0.50917;333.42
0.064939;-0.50996;330.74
0.053639;-0.52081;321.65
0.071840;-0.52159;318.86
0.064986;-0.54061;302.16
0.084638;-0.53441;305.30
0.077784;-0.55344;289.21
0.097437;-0.54724;291.91
0.093239;-0.56454;277.51
0.10948;-0.57945;262.52
0.12992;-0.57706;261.00
0.11368;-0.56215;276.34
0.12067;-0.59188;250.57
0.13741;-0.59677;243.76
0.17110;-0.60326;231.99
0.16745;-0.58889;243.88
0.15617;-0.60269;235.54
0.14868;-0.58297;252.56
0.49747;-0.71404;69.082
0.51148;-0.70427;68.989
0.49566;-0.69654;77.925
0.50082;-0.74976;51.462
0.51554;-0.73992;51.370
0.49950;-0.73187;60.123
0.51351;-0.72210;60.125
0.50327;-0.78636;34.144
0.51871;-0.77647;34.052
0.50240;-0.76804;42.656
0.51712;-0.75820;42.659
0.50442;-0.80513;25.451
0.50483;-0.82392;17.049
0.51986;-0.79524;25.454
-0.44917;0.22818;340.77
-0.43361;0.23492;351.39
-0.44860;0.24589;333.17
-0.43275;0.25344;343.05
-0.45108;0.19342;353.77
-0.43517;0.19949;366.17
-0.44995;0.21046;347.79
-0.43439;0.21720;359.00
-0.43705;0.16619;377.86
-0.45414;0.15996;363.30
-0.43833;0.14944;382.65
-0.43611;0.18284;372.26
-0.45203;0.17677;359.31
-0.40310;0.24879;371.41
-0.41750;0.26037;352.52
-0.41835;0.24186;361.50
-0.41244;0.016716;439.82
-0.41586;0.033057;434.57
-0.42925;0.021272;419.77
-0.43436;0.036713;412.73
-0.42396;0.048365;423.33
-0.34372;-0.10399;509.07
-0.34563;-0.090651;511.54
-0.35821;-0.099736;491.75
-0.36168;-0.087089;491.50
-0.23973;-0.16880;609.86
-0.24691;-0.15733;610.57
-0.25679;-0.17242;583.27
-0.26538;-0.16081;581.68
-0.32736;-0.10850;529.17
-0.31292;-0.099668;553.49
-0.32927;-0.095160;532.24
-0.30895;-0.11731;550.37
-0.26515;-0.13521;602.39
-0.27450;-0.14975;577.87
-0.25603;-0.14627;607.04
-0.28507;-0.13508;573.49
-0.27649;-0.10812;603.65
-0.29074;-0.12154;574.02
-0.27082;-0.12167;603.63
-0.29470;-0.10390;578.20
-0.35247;-0.063777;510.33
-0.36510;-0.073652;490.92
-0.34905;-0.077214;511.31
-0.36916;-0.060558;488.74
-0.38968;0.017584;467.95
-0.40277;0.025321;451.05
-0.39935;0.0089795;456.14
-0.36190;-0.036656;502.67
-0.37387;-0.046998;485.14
-0.35719;-0.050216;506.87
-0.37926;-0.032822;480.08
-0.37762;-0.0073850;483.98
-0.38712;-0.018187;471.19
-0.36976;-0.022021;493.65
-0.39332;-0.0035049;463.81
-0.38365;0.0050993;476.16
-0.40369;0.058132;445.80
-0.41787;0.060902;428.51
-0.40977;0.045595;440.40
-0.42367;0.13894;401.50
-0.40774;0.14518;416.27
-0.42240;0.15568;396.72
-0.40545;0.070286;441.38
-0.40721;0.082440;436.60
-0.41963;0.073056;424.22
-0.42317;0.089874;416.50
-0.40838;0.11283;426.87
-0.42376;0.10507;411.95
-0.40779;0.097634;432.02
-0.40806;0.12900;421.87
-0.42399;0.12276;406.50
-0.43794;0.69822;96.105
-0.42298;0.68960;105.36
-0.42389;0.70685;96.100
-0.43636;0.68102;105.46
-0.43498;0.66413;114.72
-0.42022;0.65580;124.21
-0.42160;0.67270;114.72
-0.43294;0.64730;124.30
-0.46078;0.57247;153.12
-0.47215;0.56315;153.11
-0.45734;0.55670;162.97
-0.46810;0.54749;163.07
-0.48498;0.51352;172.82
-0.47033;0.50800;182.79
-0.47459;0.52314;172.81
-0.48003;0.49851;182.96
-0.47584;0.48370;192.78
-0.46194;0.47838;202.78
-0.46614;0.49319;192.71
-0.47103;0.46962;202.68
-0.45355;0.54144;172.83
-0.46431;0.53224;172.84
-0.44977;0.52618;182.85
-0.46005;0.51709;182.92
-0.45560;0.61339;133.75
-0.44077;0.60597;143.45
-0.44322;0.62238;133.76
-0.45250;0.59711;143.53
-0.44969;0.58117;153.15
-0.43514;0.57410;163.03
-0.43796;0.59004;153.17
-0.44624;0.56540;163.09
-0.43113;0.63079;133.77
-0.41659;0.62279;143.48
-0.41840;0.63930;133.78
-0.42868;0.61438;143.56
-0.41409;0.28174;343.70
-0.39969;0.27016;362.32
-0.39628;0.29153;352.60
-0.41412;0.29909;333.89
-0.47672;0.41136;229.93
-0.46434;0.40333;241.60
-0.46783;0.41854;231.46
-0.48143;0.39924;233.28
-0.46859;0.38882;246.59
-0.45726;0.37682;260.15
-0.44168;0.37933;268.88
-0.45301;0.39133;255.05
-0.44634;0.36626;273.02
-0.42060;0.31754;318.40
-0.40276;0.30998;336.43
-0.40924;0.32842;320.55
-0.42193;0.33123;309.60
-0.42864;0.34409;297.47
-0.41595;0.34128;308.09
-0.42266;0.35415;295.88
-0.43683;0.35367;286.39
-0.43217;0.36674;282.21
-0.45693;0.46516;212.57
-0.46602;0.45640;212.39
-0.45192;0.45193;222.52
-0.46162;0.44284;222.07
-0.44787;0.42835;237.83
-0.44990;0.44014;230.15
-0.45960;0.43105;229.58
-0.45611;0.41584;239.85
-0.39558;0.70569;105.36
-0.41019;0.71489;96.097
-0.40928;0.69765;105.46
-0.41042;0.73216;87.053
-0.39581;0.72296;96.094
-0.39604;0.74022;86.954
-0.36756;0.72069;105.35
-0.38180;0.73045;96.092
-0.38157;0.71319;105.45
-0.44034;0.75062;69.079
-0.42520;0.74169;77.912
-0.42560;0.75928;68.980
-0.41082;0.74975;77.909
-0.47136;0.76861;51.471
-0.45567;0.75992;60.126
-0.45627;0.77787;51.372
-0.44093;0.76858;60.122
-0.50354;0.78615;34.158
-0.48728;0.77770;42.668
-0.48809;0.79605;34.060
-0.47218;0.78696;42.664
-0.52007;0.79507;25.465
-0.53694;0.80334;17.061
-0.50463;0.80497;25.462
0.069546;-0.49459;345.08
0.076446;-0.50622;332.79
0.081053;-0.49086;347.03
0.036076;-0.48445;358.87
0.022787;-0.48951;354.54
0.035757;-0.50224;341.07
0.047057;-0.49139;350.91
0.062719;-0.47736;363.32
0.060379;-0.48784;353.00
0.071886;-0.48411;355.17
0.049397;-0.48091;361.29
-0.054918;-0.42772;418.09
-0.058399;-0.44278;400.67
-0.043820;-0.43637;409.71
-0.067137;-0.43432;408.68
-0.084685;-0.41490;427.14
-0.099732;-0.41244;426.11
-0.094281;-0.42676;411.43
-0.082020;-0.42791;412.97
-0.069802;-0.42131;422.93
-0.14139;-0.37888;450.02
-0.13589;-0.39379;435.28
-0.12542;-0.37963;455.70
-0.12010;-0.39480;439.96
-0.10950;-0.38029;460.78
-0.10418;-0.39546;444.45
-0.093585;-0.38095;465.15
-0.089135;-0.39792;445.88
-0.19259;-0.30136;511.10
-0.19444;-0.31706;491.62
-0.18063;-0.30843;511.39
-0.18305;-0.32381;491.57
-0.13177;-0.36539;470.06
-0.13812;-0.35115;484.45
-0.14775;-0.36464;463.69
-0.15179;-0.35185;476.79
-0.15916;-0.32492;505.34
-0.16989;-0.31667;508.70
-0.17232;-0.33206;488.73
-0.16231;-0.33874;486.72
-0.14864;-0.33803;495.19
-0.17790;-0.29164;533.88
-0.17517;-0.27485;557.26
-0.18986;-0.28457;533.20
-0.20011;-0.25980;554.20
-0.20233;-0.27705;531.79
-0.18764;-0.26733;556.22
-0.21552;-0.25074;550.12
-0.21533;-0.27064;527.76
-0.21545;-0.20529;602.45
-0.22400;-0.19278;605.91
-0.23304;-0.20893;577.40
-0.22319;-0.22349;572.86
-0.20455;-0.17925;647.21
-0.21855;-0.17976;627.49
-0.21000;-0.19227;624.43
-0.22137;-0.16707;637.50
-0.21018;-0.15387;668.66
-0.22855;-0.15560;639.03
-0.20736;-0.16656;658.30
-0.19719;-0.24276;577.76
-0.19428;-0.22572;602.10
-0.21261;-0.23370;572.73
-0.20486;-0.21551;602.88
-0.040279;-0.41906;430.04
-0.029180;-0.42771;421.01
-0.025639;-0.41040;441.73
-0.0042356;-0.43390;415.01
-0.014938;-0.42215;428.36
-0.018478;-0.43946;408.26
-0.0081572;-0.45147;395.21
0.017559;-0.46055;385.03
0.0066615;-0.44722;399.93
0.0027399;-0.46480;380.82
0.013528;-0.47757;367.16
0.026817;-0.47250;371.86
0.42108;-0.67299;114.75
0.43445;-0.66442;114.75
0.41966;-0.65610;124.25
0.40663;-0.66409;124.33
0.39237;-0.65554;133.81
0.40539;-0.64755;133.82
0.39113;-0.63899;143.53
0.37848;-0.64643;143.61
0.50651;-0.66944;86.980
0.49318;-0.67913;87.074
0.50900;-0.68686;77.927
0.47757;-0.67170;96.123
0.49091;-0.66201;96.126
0.47530;-0.65458;105.39
0.46227;-0.66366;105.49
0.44716;-0.65593;114.75
0.46019;-0.64685;114.76
0.44508;-0.63912;124.25
0.43237;-0.64761;124.35
0.31384;-0.66447;153.13
0.32704;-0.65805;153.15
0.31414;-0.64834;162.99
0.30136;-0.65420;163.10
0.28909;-0.64453;172.77
0.30186;-0.63866;172.76
0.28959;-0.62899;182.68
0.27729;-0.63407;182.97
0.33957;-0.65160;153.20
0.35250;-0.64465;153.22
0.33919;-0.63543;163.09
0.32666;-0.64188;163.13
0.25427;-0.62872;193.03
0.24355;-0.61829;203.14
0.24165;-0.63382;192.93
0.23085;-0.62323;203.08
0.20820;-0.61586;214.06
0.19825;-0.60354;225.52
0.19577;-0.61978;214.16
0.18650;-0.61058;223.05
0.18285;-0.59622;234.72
0.22505;-0.60366;218.55
0.22160;-0.61591;210.65
0.23430;-0.61097;210.81
0.21165;-0.60360;222.12
0.26574;-0.62456;192.62
0.27804;-0.61948;192.42
0.26649;-0.60998;202.30
0.25502;-0.61413;202.81
0.36478;-0.63772;153.26
0.37744;-0.63027;153.28
0.36375;-0.62156;163.17
0.35147;-0.62849;163.23
0.092566;-0.50055;335.64
0.087960;-0.51592;321.84
0.10408;-0.51025;324.32
0.10076;-0.52874;307.89
0.13132;-0.53286;298.25
0.11770;-0.52155;311.22
0.11438;-0.54005;295.34
0.13062;-0.55496;279.30
0.16153;-0.55325;273.91
0.14643;-0.54305;286.04
0.14573;-0.56515;267.66
0.16449;-0.57107;258.67
0.19122;-0.56998;252.92
0.17638;-0.56161;263.40
0.17933;-0.57943;248.52
0.19474;-0.58676;239.04
0.094298;-0.48376;351.68
0.10581;-0.49346;339.92
0.10754;-0.47667;355.96
0.52511;-0.69396;69.086
0.53873;-0.68365;68.991
0.52262;-0.67654;77.928
0.53241;-0.64903;86.981
0.51946;-0.65924;87.077
0.53557;-0.66634;77.928
0.52986;-0.72952;51.467
0.54418;-0.71912;51.372
0.52783;-0.71169;60.127
0.54146;-0.70138;60.127
0.53374;-0.76599;34.149
0.54878;-0.75551;34.055
0.53216;-0.74772;42.661
0.54648;-0.73731;42.662
0.53563;-0.78469;25.456
0.53679;-0.80346;17.053
0.55067;-0.77421;25.457
-0.41915;0.20525;378.79
-0.40314;0.21101;391.40
-0.41837;0.22297;371.00
-0.40312;0.22990;381.61
-0.40545;0.17800;404.93
-0.42125;0.17209;391.37
-0.40659;0.16159;410.88
-0.42031;0.18874;385.19
-0.40429;0.19450;398.41
-0.36859;0.25826;396.84
-0.38243;0.27490;374.26
-0.38585;0.25352;384.17
-0.37173;0.24116;404.59
-0.38898;0.23643;391.20
-0.37487;0.22407;411.79
-0.38900;0.21754;401.69
-0.38711;0.029215;470.33
-0.38454;0.040847;472.27
-0.40020;0.036952;453.10
-0.39411;0.049490;458.94
-0.31550;-0.085226;555.91
-0.31809;-0.070783;557.34
-0.33186;-0.080717;534.00
-0.33528;-0.067280;533.38
-0.22851;-0.13040;663.70
-0.23771;-0.14387;636.57
-0.21934;-0.14214;666.97
-0.24683;-0.13281;632.24
-0.19978;-0.12617;717.13
-0.21414;-0.12828;689.82
-0.20498;-0.14002;692.59
-0.28360;-0.077632;608.45
-0.29826;-0.088650;580.31
-0.28004;-0.092878;606.74
-0.30084;-0.074208;582.38
-0.25992;-0.10789;630.24
-0.25425;-0.12143;629.64
-0.24335;-0.10765;658.07
-0.23593;-0.11903;661.53
-0.25648;-0.087623;648.93
-0.26648;-0.097873;625.89
-0.24991;-0.097637;653.95
-0.27004;-0.082628;628.51
-0.32525;-0.042571;554.06
-0.33886;-0.053174;531.86
-0.32167;-0.056677;556.19
-0.34358;-0.039614;527.76
-0.37552;0.019303;486.20
-0.36949;0.0068191;494.81
-0.36136;0.021023;505.12
-0.37295;0.030935;488.56
-0.32974;-0.026219;549.91
-0.33422;-0.0098671;544.55
-0.34806;-0.023262;523.49
-0.35592;-0.0086261;513.35
-0.34779;0.0055781;524.92
-0.39278;0.062859;458.23
-0.38320;0.054216;471.86
-0.38187;0.067586;470.85
-0.39454;0.075013;453.47
-0.39283;0.15094;430.23
-0.37792;0.15669;444.26
-0.39169;0.16734;424.23
-0.37797;0.14069;451.37
-0.39288;0.13494;436.68
-0.37802;0.12469;457.88
-0.39320;0.11876;442.29
-0.38021;0.081117;469.61
-0.37856;0.094649;467.77
-0.39288;0.088544;452.07
-0.37829;0.10967;463.14
-0.39347;0.10374;446.94
-0.40855;0.68070;114.73
-0.39411;0.67180;124.22
-0.39484;0.68875;114.72
-0.40716;0.66380;124.31
-0.39292;0.65523;133.80
-0.40597;0.64723;133.80
-0.39173;0.63865;143.52
-0.40416;0.63072;143.59
-0.43198;0.55883;172.82
-0.44307;0.55013;172.79
-0.42881;0.54356;182.76
-0.43929;0.53487;182.90
-0.44571;0.51132;192.94
-0.45599;0.50223;192.91
-0.44164;0.49646;203.18
-0.45179;0.48742;203.09
-0.43882;0.47093;218.98
-0.44023;0.48370;211.05
-0.45038;0.47465;210.83
-0.44537;0.46143;220.82
-0.42522;0.52883;192.74
-0.43570;0.52014;192.79
-0.42163;0.51410;202.87
-0.43164;0.50528;203.13
-0.42651;0.59831;153.19
-0.41226;0.59066;163.08
-0.41442;0.60672;153.21
-0.42370;0.58238;163.15
-0.42122;0.56672;172.97
-0.40729;0.55934;183.06
-0.40978;0.57500;173.00
-0.41805;0.55145;183.00
-0.39017;0.62251;153.26
-0.40260;0.61458;153.24
-0.38860;0.60638;163.14
-0.40043;0.59852;163.21
-0.35462;0.29064;387.61
-0.37545;0.29109;369.96
-0.36161;0.27445;392.55
-0.37538;0.32300;349.31
-0.38583;0.30727;351.32
-0.36500;0.30682;368.13
-0.39231;0.32571;334.80
-0.43538;0.39403;264.63
-0.42908;0.40872;260.09
-0.44671;0.40603;250.89
-0.43848;0.41853;248.84
-0.41641;0.36817;291.92
-0.41017;0.38219;287.65
-0.42592;0.38076;278.28
-0.41962;0.39545;273.69
-0.40085;0.34119;318.97
-0.38392;0.33848;332.92
-0.39246;0.35396;316.99
-0.40756;0.35405;306.41
-0.40131;0.36807;302.12
-0.43524;0.43615;240.70
-0.42585;0.42633;251.78
-0.42261;0.44395;243.31
-0.43727;0.44794;232.84
-0.43071;0.45744;231.00
-0.36749;0.70373;114.72
-0.38149;0.69623;114.72
-0.36741;0.68677;124.22
-0.38076;0.67929;124.32
-0.35378;0.69372;124.32
-0.34015;0.70067;124.22
-0.35386;0.71068;114.72
-0.33898;0.73456;105.35
-0.35327;0.72762;105.45
-0.33956;0.71762;114.72
-0.32626;0.70708;124.32
-0.31237;0.71349;124.22
-0.32567;0.72403;114.72
-0.36667;0.75520;86.955
-0.38136;0.74771;87.050
-0.36712;0.73794;96.093
-0.35282;0.74488;96.093
-0.41053;0.76734;69.075
-0.39575;0.75782;77.909
-0.39546;0.77541;68.979
-0.38106;0.76531;77.909
-0.44082;0.78653;51.467
-0.42548;0.77724;60.121
-0.42537;0.79519;51.369
-0.41041;0.78530;60.120
-0.47227;0.80533;34.155
-0.45636;0.79624;42.663
-0.45646;0.81461;34.057
-0.44091;0.80490;42.662
-0.48845;0.81489;25.462
-0.50498;0.82381;17.059
-0.47263;0.82417;25.460
0.082096;-0.46094;377.21
0.081574;-0.47590;361.90
0.094819;-0.46880;366.60
0.072407;-0.46915;370.34
0.034254;-0.45530;389.69
0.043513;-0.46725;376.07
0.050949;-0.45005;393.69
0.056834;-0.46371;378.29
0.066522;-0.45550;385.63
-0.073459;-0.38355;467.38
-0.069009;-0.40053;447.53
-0.053332;-0.38616;468.27
-0.039486;-0.39828;455.17
-0.054125;-0.40694;442.55
-0.12101;-0.35067;492.92
-0.11466;-0.36491;477.70
-0.10390;-0.35019;500.60
-0.098743;-0.36557;482.70
-0.087336;-0.35025;506.48
-0.082178;-0.36563;487.87
-0.070771;-0.35032;511.44
-0.062052;-0.36824;489.63
-0.15115;-0.29164;553.37
-0.16316;-0.28325;555.80
-0.16589;-0.30004;532.10
-0.15515;-0.30828;528.81
-0.11169;-0.33081;523.03
-0.11948;-0.31144;545.73
-0.12880;-0.33129;514.15
-0.13932;-0.31818;525.62
-0.13532;-0.30154;550.31
-0.16053;-0.26525;582.08
-0.14852;-0.27365;579.99
-0.14589;-0.25565;607.90
-0.15731;-0.24745;609.82
-0.16872;-0.23925;610.60
-0.17195;-0.25705;583.35
-0.18150;-0.23248;606.91
-0.18441;-0.24953;581.72
-0.19480;-0.18611;651.90
-0.20026;-0.19913;628.49
-0.18506;-0.19297;655.70
-0.18967;-0.20935;628.35
-0.19202;-0.17154;674.43
-0.18227;-0.17840;679.14
-0.17949;-0.16384;703.18
-0.19483;-0.15885;686.34
-0.19092;-0.13252;725.36
-0.19611;-0.14637;699.70
-0.18077;-0.15136;718.22
-0.16537;-0.22377;635.87
-0.16202;-0.20830;662.20
-0.17815;-0.21701;631.39
-0.17354;-0.20063;659.60
-0.019237;-0.39018;467.21
-0.012834;-0.36997;493.96
-0.033083;-0.37806;481.60
0.0071936;-0.39883;456.83
-0.0028204;-0.38440;475.22
-0.0092229;-0.40462;449.63
0.0014790;-0.41636;435.53
0.027205;-0.42247;427.26
0.017199;-0.41065;441.96
0.011485;-0.42818;421.43
0.022382;-0.44151;405.74
0.039077;-0.43626;410.34
0.41777;-0.63962;133.82
0.43048;-0.63113;133.83
0.41589;-0.62314;143.54
0.40351;-0.63107;143.63
0.38947;-0.62289;153.29
0.40184;-0.61497;153.30
0.38780;-0.60679;163.20
0.37578;-0.61418;163.28
0.50358;-0.65242;96.126
0.51653;-0.64222;96.127
0.50064;-0.63540;105.39
0.48797;-0.64499;105.49
0.47257;-0.63786;114.76
0.48525;-0.62827;114.76
0.46985;-0.62113;124.25
0.45746;-0.63013;124.35
0.44257;-0.62271;133.83
0.45495;-0.61372;133.83
0.44006;-0.60630;143.55
0.42797;-0.61472;143.64
0.52523;-0.61524;105.39
0.51293;-0.62532;105.49
0.52882;-0.63214;96.126
0.32654;-0.62621;172.88
0.31388;-0.61700;182.82
0.31401;-0.63267;172.83
0.30174;-0.62300;182.85
0.28951;-0.61419;192.43
0.30166;-0.60820;192.51
0.28944;-0.59939;202.33
0.27796;-0.60469;202.40
0.33837;-0.61967;173.02
0.35064;-0.61274;173.07
0.33754;-0.60392;183.12
0.32571;-0.61046;183.06
0.24322;-0.60487;212.64
0.25469;-0.60072;212.23
0.24290;-0.59146;222.31
0.23397;-0.59756;220.49
0.22157;-0.59183;228.13
0.21809;-0.58000;237.90
0.20817;-0.59177;231.78
0.23050;-0.58573;230.10
0.20466;-0.57499;245.43
0.27895;-0.59097;211.46
0.26846;-0.58254;220.73
0.26747;-0.59626;211.46
0.25568;-0.58700;221.63
0.36235;-0.60589;173.07
0.37437;-0.59851;173.08
0.36094;-0.59022;183.12
0.34924;-0.59707;183.22
0.12086;-0.48577;343.97
0.11913;-0.50256;328.41
0.13418;-0.49487;332.03
0.13275;-0.51386;314.89
0.12085;-0.46923;360.15
0.13416;-0.47833;347.74
0.13415;-0.46180;363.92
0.17492;-0.54443;277.81
0.18976;-0.55279;266.96
0.18830;-0.53561;281.38
0.16078;-0.51446;307.20
0.14748;-0.50467;319.55
0.14605;-0.52366;302.94
0.16116;-0.53385;290.30
0.17454;-0.52504;294.20
0.21476;-0.54970;262.13
0.20153;-0.54265;271.74
0.20299;-0.55984;257.66
0.21643;-0.56485;249.88
0.21065;-0.52426;283.79
0.19947;-0.52993;282.71
0.21270;-0.53698;272.85
0.095333;-0.45161;384.31
0.10806;-0.45947;373.18
0.10857;-0.44227;390.98
0.12136;-0.45203;377.37
0.54495;-0.63833;87.076
0.55749;-0.62762;86.979
0.54136;-0.62143;96.125
0.55194;-0.67281;69.086
0.56516;-0.66197;68.990
0.54878;-0.65550;77.928
0.56132;-0.64480;77.927
0.55808;-0.70816;51.468
0.57199;-0.69721;51.372
0.55536;-0.69043;60.127
0.56857;-0.67959;60.127
0.56340;-0.74445;34.151
0.57801;-0.73339;34.055
0.56110;-0.72625;42.662
0.57500;-0.71530;42.662
0.56602;-0.76306;25.458
0.56791;-0.78176;17.055
0.58064;-0.75200;25.458
-0.37470;0.17304;439.88
-0.37149;0.18940;434.79
-0.38847;0.18370;419.84
-0.38731;0.20020;412.63
-0.37318;0.20673;423.44
-0.35076;0.20801;445.86
-0.36282;0.21604;428.54
-0.36113;0.19870;440.55
-0.35091;0.25925;412.29
-0.33323;0.26024;427.89
-0.34393;0.27544;407.37
-0.34771;0.22000;441.41
-0.34466;0.23200;436.61
-0.35976;0.22803;424.23
-0.33894;0.24612;432.54
-0.35662;0.24513;416.35
-0.35808;0.034351;508.21
-0.35480;0.047679;510.61
-0.36967;0.044263;491.12
-0.36833;0.057632;490.44
-0.28614;-0.064015;609.84
-0.28868;-0.050398;610.12
-0.30338;-0.060591;583.16
-0.30697;-0.046484;581.42
-0.21708;-0.11630;696.56
-0.22450;-0.10492;693.45
-0.20272;-0.11418;724.80
-0.18304;-0.11864;756.87
-0.26807;-0.069939;638.02
-0.25255;-0.062245;669.38
-0.27061;-0.056321;639.16
-0.25452;-0.074934;659.53
-0.22641;-0.082468;707.40
-0.23488;-0.095059;682.39
-0.21603;-0.092330;719.97
-0.24145;-0.085046;677.32
-0.23948;-0.072356;688.74
-0.29616;-0.023944;603.24
-0.31071;-0.033258;578.19
-0.29242;-0.037171;607.19
-0.31519;-0.016906;573.19
-0.34112;0.037333;531.65
-0.34440;0.024005;528.65
-0.32744;0.026987;553.27
-0.33083;0.0085601;549.66
-0.29679;0.0057711;603.71
-0.31551;-0.0020480;573.40
-0.29648;-0.0090866;604.09
-0.31212;0.016379;578.09
-0.35115;0.074924;509.14
-0.36651;0.071255;489.71
-0.35297;0.061301;510.24
-0.36485;0.084786;488.10
-0.35314;0.16527;468.17
-0.36231;0.17733;451.27
-0.36553;0.16098;456.20
-0.36485;0.13115;470.97
-0.35169;0.13761;484.04
-0.36480;0.14715;463.77
-0.35241;0.15144;476.30
-0.34937;0.10391;501.67
-0.36396;0.099281;484.55
-0.35026;0.089418;505.78
-0.35053;0.12076;493.21
-0.36369;0.11430;479.35
-0.36684;0.67014;133.82
-0.38019;0.66266;133.82
-0.36626;0.65351;143.56
-0.37900;0.64608;143.64
-0.36526;0.63729;153.35
-0.37800;0.62986;153.33
-0.36426;0.62107;163.28
-0.37643;0.61373;163.31
-0.40384;0.54464;193.15
-0.41459;0.53675;193.00
-0.40038;0.52994;203.40
-0.41100;0.52202;203.23
-0.42665;0.48875;215.07
-0.41165;0.48103;227.20
-0.41664;0.49757;214.91
-0.42523;0.47598;223.18
-0.41713;0.46249;235.37
-0.39732;0.50726;218.47
-0.39885;0.51860;210.90
-0.40948;0.51068;210.64
-0.40449;0.49415;222.94
-0.39866;0.58297;172.88
-0.38506;0.57528;182.83
-0.38683;0.59083;172.91
-0.39618;0.56731;183.04
-0.39444;0.55243;192.58
-0.38158;0.54552;202.24
-0.38332;0.56040;192.47
-0.39098;0.53773;202.91
-0.36293;0.60536;173.18
-0.37510;0.59801;173.11
-0.36160;0.58964;183.23
-0.37333;0.58246;183.12
-0.31995;0.28920;418.03
-0.33729;0.28992;402.73
-0.32659;0.27472;423.26
-0.34723;0.30575;383.12
-0.32990;0.30503;397.68
-0.33984;0.32087;378.07
-0.35761;0.32194;363.62
-0.36752;0.33763;345.47
-0.34975;0.33657;359.29
-0.35965;0.35226;341.14
-0.37606;0.35311;329.03
-0.41313;0.41160;268.06
-0.40367;0.39834;281.93
-0.39717;0.41448;275.89
-0.40989;0.42921;259.33
-0.38504;0.36884;312.59
-0.36864;0.36799;324.21
-0.37763;0.38372;307.79
-0.39390;0.38295;297.73
-0.38740;0.39910;291.59
-0.38947;0.43333;268.52
-0.38177;0.45217;260.77
-0.40219;0.44806;252.19
-0.39671;0.46660;243.70
-0.34021;0.68402;133.84
-0.35384;0.67707;133.84
-0.34027;0.66737;143.59
-0.35327;0.66044;143.67
-0.31307;0.69685;133.84
-0.32696;0.69044;133.84
-0.31378;0.68022;143.59
-0.32702;0.67379;143.69
-0.30030;0.68613;143.68
-0.28683;0.69204;143.57
-0.29960;0.70277;133.83
-0.28411;0.72521;124.22
-0.29824;0.71935;124.32
-0.28547;0.70862;133.83
-0.30987;0.74730;105.36
-0.32442;0.74093;105.45
-0.31112;0.73040;114.72
-0.29699;0.73625;114.72
-0.33672;0.76901;86.960
-0.35170;0.76211;87.053
-0.33785;0.75179;96.096
-0.32329;0.75816;96.099
-0.38008;0.78287;69.077
-0.36568;0.77277;77.912
-0.36470;0.79033;68.983
-0.35071;0.77967;77.914
-0.40959;0.80324;51.467
-0.39463;0.79335;60.121
-0.39381;0.81128;51.372
-0.37925;0.80081;60.123
-0.44028;0.82326;34.154
-0.42474;0.81355;42.663
-0.42411;0.83191;34.058
-0.40896;0.82159;42.663
-0.45607;0.83344;25.461
-0.47224;0.84300;17.058
-0.43990;0.84209;25.460
0.096331;-0.43446;402.45
0.084091;-0.42665;413.93
0.083093;-0.44380;395.25
0.067520;-0.43835;404.12
0.043030;-0.41583;433.52
0.054903;-0.42962;415.92
0.058856;-0.40919;439.08
0.071473;-0.41792;426.51
-0.054331;-0.34978;516.22
-0.045612;-0.36770;493.51
-0.037891;-0.34925;520.00
-0.025363;-0.35961;507.14
-0.083202;-0.31675;554.87
-0.10134;-0.31409;551.02
-0.093552;-0.33347;527.05
-0.076987;-0.33353;532.89
-0.067958;-0.31768;558.87
-0.061742;-0.33446;536.08
-0.052714;-0.31861;561.83
-0.045302;-0.33393;540.67
-0.13239;-0.26342;607.11
-0.13502;-0.28142;578.76
-0.11889;-0.27119;604.95
-0.11919;-0.29131;574.60
-0.086942;-0.29988;578.61
-0.090682;-0.28300;603.16
-0.10508;-0.29722;573.81
-0.10478;-0.27709;604.71
-0.11903;-0.24376;648.49
-0.13246;-0.24971;628.04
-0.11896;-0.25748;626.35
-0.14832;-0.21545;666.59
-0.15167;-0.23093;639.40
-0.13462;-0.22260;669.31
-0.14026;-0.23913;637.70
-0.12683;-0.23318;659.29
-0.16688;-0.16956;713.73
-0.16967;-0.18413;688.32
-0.15815;-0.19179;691.90
-0.16045;-0.15263;749.35
-0.13516;-0.19396;716.87
-0.14859;-0.20113;688.95
-0.13489;-0.20828;692.78
-0.14472;-0.18462;720.73
-0.014529;-0.34246;532.21
-0.026210;-0.34585;526.33
-0.013682;-0.35621;512.72
-0.0049152;-0.34515;528.72
-0.0040677;-0.35890;509.32
0.0046989;-0.34783;524.88
0.011860;-0.35698;511.75
0.0030930;-0.36805;496.82
0.019020;-0.36613;498.77
0.013107;-0.38248;477.43
0.037732;-0.38672;469.89
0.028376;-0.37642;484.25
0.022463;-0.39278;463.71
0.032468;-0.40460;448.18
0.048294;-0.39796;454.37
0.41360;-0.60710;153.31
0.42569;-0.59868;153.31
0.41132;-0.59106;163.22
0.39956;-0.59893;163.31
0.38574;-0.59122;173.10
0.39750;-0.58335;173.12
0.38367;-0.57564;183.16
0.37231;-0.58293;183.24
0.49728;-0.61879;114.76
0.50957;-0.60871;114.76
0.49392;-0.60217;124.25
0.48188;-0.61165;124.35
0.46673;-0.60481;133.83
0.47877;-0.59533;133.83
0.46361;-0.58850;143.55
0.45183;-0.59740;143.64
0.43719;-0.59033;153.32
0.44897;-0.58142;153.31
0.43433;-0.57435;163.23
0.42283;-0.58270;163.32
0.54899;-0.59414;105.39
0.53711;-0.60469;105.49
0.55324;-0.61088;96.123
0.53311;-0.58821;114.75
0.51723;-0.58228;124.25
0.52123;-0.59876;114.76
0.50557;-0.59222;124.35
0.12123;-0.43582;394.30
0.13402;-0.44559;380.29
0.13389;-0.42938;397.17
0.15530;-0.44484;374.06
0.14459;-0.43711;385.55
0.14472;-0.45332;369.14
0.31285;-0.60250;192.52
0.32468;-0.59596;192.68
0.31181;-0.58800;202.37
0.30063;-0.59370;202.43
0.29031;-0.57673;217.45
0.28987;-0.58806;209.85
0.30106;-0.58237;209.88
0.27938;-0.57964;219.16
0.33505;-0.58895;193.47
0.34675;-0.58210;193.49
0.33256;-0.57398;204.01
0.32219;-0.58099;203.28
0.24405;-0.57585;233.28
0.25683;-0.57139;232.47
0.24520;-0.56024;244.44
0.23165;-0.57012;241.33
0.22998;-0.55497;253.31
0.28336;-0.56709;226.56
0.27640;-0.55746;235.84
0.27243;-0.57000;228.28
0.26080;-0.55885;240.26
0.35873;-0.57521;193.24
0.37009;-0.56792;193.27
0.35651;-0.56020;203.52
0.34453;-0.56709;203.87
0.16195;-0.45925;357.66
0.15138;-0.46773;352.94
0.16861;-0.47367;341.78
0.15139;-0.48427;337.25
0.16470;-0.49407;324.29
0.19180;-0.50367;307.25
0.18020;-0.48867;324.25
0.17629;-0.50907;307.46
0.19005;-0.51964;294.19
0.20122;-0.51397;295.40
0.22240;-0.52618;278.32
0.22445;-0.53890;267.54
0.23415;-0.52810;272.76
0.23967;-0.54417;258.40
0.21612;-0.51232;291.73
0.22160;-0.50039;299.65
0.20670;-0.50203;303.61
0.22787;-0.51424;286.02
0.16750;-0.44323;371.27
0.17416;-0.45765;354.93
0.17970;-0.44162;368.17
0.11093;-0.42529;408.63
0.11330;-0.40830;426.81
0.098695;-0.41748;420.69
0.12360;-0.41884;411.83
0.56961;-0.61644;87.072
0.58172;-0.60525;86.973
0.56536;-0.59970;96.120
0.57191;-0.57214;105.38
0.56045;-0.58314;105.48
0.57681;-0.58869;96.116
0.57794;-0.65062;69.085
0.59072;-0.63927;68.988
0.57411;-0.63345;77.926
0.58622;-0.62226;77.923
0.58545;-0.68571;51.468
0.59892;-0.67421;51.371
0.58204;-0.66809;60.127
0.59482;-0.65674;60.125
0.59218;-0.72176;34.151
0.60635;-0.71013;34.055
0.58917;-0.70367;42.662
0.60263;-0.69217;42.661
0.59554;-0.74026;25.458
0.59816;-0.75887;17.055
0.60971;-0.72863;25.457
-0.34621;0.17506;470.65
-0.33929;0.18486;472.68
-0.35539;0.18713;453.42
-0.34503;0.19643;459.17
-0.33846;0.20838;458.63
-0.33272;0.19680;472.44
-0.32615;0.20875;471.58
-0.33540;0.22037;453.82
-0.31704;0.25922;443.76
-0.30084;0.25820;459.89
-0.31040;0.27370;438.56
-0.31984;0.22044;470.03
-0.31353;0.23214;467.90
-0.32909;0.23207;452.13
-0.30719;0.24517;464.20
-0.32338;0.24619;447.53
-0.32145;0.055668;556.79
-0.33812;0.051673;533.25
-0.32445;0.041327;555.52
-0.33630;0.065296;532.49
-0.26098;-0.033079;663.75
-0.27483;-0.041738;636.35
-0.25677;-0.047662;667.38
-0.27857;-0.028512;632.70
-0.20559;-0.079502;751.65
-0.23276;-0.040431;717.21
-0.24687;-0.036755;689.89
-0.24266;-0.051338;693.02
-0.22332;-0.070600;721.51
-0.22649;-0.049582;726.53
-0.23639;-0.060489;701.15
-0.28114;-4.4322E-4;630.73
-0.28083;-0.015301;630.54
-0.26550;-0.0066575;659.03
-0.26324;-0.019868;662.02
-0.29186;0.036570;608.25
-0.30965;0.031779;580.11
-0.29433;0.021170;606.66
-0.30666;0.046119;581.99
-0.26997;0.017008;649.90
-0.28338;0.011389;626.38
-0.26774;0.0051751;654.92
-0.28092;0.026789;628.87
-0.31732;0.083959;553.74
-0.33423;0.079441;531.09
-0.31938;0.069813;555.74
-0.33334;0.093936;527.08
-0.33922;0.16153;486.59
-0.33850;0.14770;495.13
-0.32531;0.15778;505.69
-0.33230;0.17132;489.05
-0.31442;0.10188;550.30
-0.31153;0.11980;545.43
-0.33045;0.11186;523.45
-0.33161;0.12871;513.79
-0.31842;0.13879;525.61
-0.33985;0.65109;153.41
-0.35284;0.64416;153.40
-0.33942;0.63481;163.39
-0.35184;0.62794;163.43
-0.33859;0.61899;173.37
-0.35100;0.61212;173.32
-0.33775;0.60317;183.51
-0.34967;0.59641;183.47
-0.28894;0.28878;445.00
-0.30445;0.28899;431.49
-0.29489;0.27349;452.74
-0.38925;0.52310;212.57
-0.37813;0.51627;221.89
-0.37985;0.53089;212.00
-0.38772;0.51176;220.24
-0.38797;0.49830;228.46
-0.37862;0.48935;238.64
-0.37837;0.50281;230.24
-0.39514;0.48519;233.04
-0.38020;0.47076;249.70
-0.35549;0.47346;260.54
-0.36706;0.48140;249.48
-0.36863;0.46281;260.86
-0.35996;0.57441;193.25
-0.37169;0.56722;193.05
-0.35832;0.55917;203.44
-0.36995;0.55235;202.94
-0.36043;0.53338;218.94
-0.35938;0.54628;211.16
-0.37100;0.53945;210.54
-0.36928;0.52482;220.50
-0.33669;0.58798;193.49
-0.34861;0.58122;193.35
-0.33563;0.57279;203.63
-0.34697;0.56598;203.63
-0.31297;0.30425;412.07
-0.29746;0.30404;424.91
-0.30599;0.31930;405.56
-0.32291;0.32008;391.78
-0.33260;0.33594;372.41
-0.31568;0.33515;385.54
-0.32537;0.35101;366.27
-0.34251;0.35164;353.69
-0.35184;0.36783;335.67
-0.33469;0.36720;347.68
-0.34402;0.38340;329.74
-0.36082;0.38356;318.77
-0.36996;0.39988;301.92
-0.35316;0.39971;312.42
-0.36230;0.41603;295.66
-0.37974;0.41526;285.81
-0.37204;0.43410;277.92
-0.34476;0.44683;284.35
-0.36327;0.44950;272.54
-0.35353;0.43143;290.19
-0.35012;0.46014;272.31
-0.31397;0.66390;153.45
-0.32721;0.65747;153.45
-0.31416;0.64757;163.46
-0.32679;0.64119;163.52
-0.27315;0.69742;143.66
-0.25946;0.70280;143.55
-0.27179;0.71401;133.82
-0.28765;0.67573;153.44
-0.30112;0.66982;153.45
-0.28847;0.65942;163.46
-0.30131;0.65350;163.55
-0.26092;0.68658;153.39
-0.27461;0.68120;153.40
-0.26239;0.67036;163.37
-0.27543;0.66489;163.51
-0.25542;0.73579;124.23
-0.26976;0.73050;124.32
-0.25744;0.71930;133.82
-0.28028;0.75888;105.37
-0.29507;0.75309;105.46
-0.28219;0.74204;114.73
-0.26785;0.74734;114.73
-0.30626;0.78164;86.965
-0.32149;0.77533;87.058
-0.30806;0.76447;96.101
-0.29327;0.77026;96.105
-0.34904;0.79719;69.081
-0.33505;0.78653;77.916
-0.33337;0.80404;68.987
-0.31982;0.79284;77.918
-0.37773;0.81870;51.469
-0.36317;0.80823;60.125
-0.36165;0.82612;51.374
-0.34751;0.81508;60.126
-0.40762;0.83991;34.155
-0.39246;0.82960;42.664
-0.39112;0.84792;34.059
-0.37638;0.83702;42.665
-0.42299;0.85071;25.461
-0.43878;0.86090;17.058
-0.40649;0.85871;25.461
0.10185;-0.39887;441.17
0.090409;-0.38944;455.72
0.087250;-0.40804;434.45
0.074633;-0.39931;447.78
0.052508;-0.37915;477.35
0.063070;-0.39038;461.15
0.067284;-0.37157;484.08
0.078847;-0.38050;469.85
-0.026518;-0.32050;563.90
-0.039616;-0.31955;563.28
-0.032204;-0.33487;541.50
-0.020523;-0.33148;547.90
-0.076217;-0.28498;606.82
-0.072477;-0.30185;581.47
-0.061751;-0.28696;609.30
-0.057232;-0.30278;585.15
-0.047917;-0.28846;611.19
-0.043398;-0.30429;586.40
-0.034082;-0.28997;611.96
-0.030300;-0.30523;587.42
-0.10720;-0.24643;653.15
-0.10713;-0.26015;630.38
-0.095377;-0.24910;656.87
-0.093029;-0.26605;629.48
-0.065166;-0.27107;634.90
-0.068581;-0.25518;661.56
-0.079631;-0.26909;631.64
-0.081979;-0.25214;659.87
-0.11053;-0.23206;675.28
-0.098701;-0.23473;679.94
-0.10203;-0.22036;703.56
-0.11832;-0.22148;686.89
-0.12438;-0.19576;726.36
-0.12411;-0.21008;701.14
-0.10782;-0.20896;719.55
-0.12314;-0.18013;756.71
-0.0073157;-0.33361;545.55
-1.0211E-4;-0.32477;559.03
-0.013310;-0.32263;561.88
0.0022984;-0.33630;541.67
0.015323;-0.34269;531.84
0.025947;-0.33754;538.39
0.012922;-0.33115;548.97
0.022484;-0.35183;518.23
0.036692;-0.34545;525.55
0.033228;-0.35974;506.08
0.047437;-0.35335;512.65
0.042584;-0.37004;490.89
0.057360;-0.36246;498.29
0.40869;-0.57546;173.17
0.42019;-0.56711;173.18
0.40606;-0.55987;183.28
0.39486;-0.56775;183.32
0.38110;-0.56040;193.38
0.39230;-0.55251;193.44
0.37854;-0.54516;203.76
0.36752;-0.55268;203.74
0.50186;-0.57603;133.82
0.48649;-0.56978;143.52
0.49020;-0.58597;133.82
0.47505;-0.57914;143.63
0.47163;-0.56326;153.28
0.45678;-0.55674;163.19
0.46019;-0.57262;153.30
0.44555;-0.56554;163.31
0.43120;-0.55883;173.15
0.44242;-0.55002;173.14
0.42807;-0.54331;183.23
0.41706;-0.55159;183.35
0.55580;-0.56682;114.75
0.53970;-0.56151;124.25
0.54435;-0.57782;114.76
0.52846;-0.57189;124.35
0.52411;-0.55584;133.82
0.50853;-0.55017;143.54
0.51288;-0.56622;133.82
0.49751;-0.55997;143.63
0.55050;-0.55071;124.35
0.56661;-0.55602;114.75
0.56131;-0.53991;124.25
0.15771;-0.43129;386.83
0.16013;-0.41774;399.81
0.14701;-0.42356;398.74
0.16992;-0.42968;383.77
0.18333;-0.41427;393.58
0.17173;-0.41601;396.85
0.18151;-0.42795;380.77
0.12655;-0.40203;429.46
0.13684;-0.41257;414.14
0.13980;-0.39577;431.52
0.14996;-0.40675;415.46
0.31951;-0.56572;214.35
0.30646;-0.55746;224.84
0.30914;-0.57273;213.49
0.29838;-0.56709;221.21
0.29143;-0.55746;230.42
0.33273;-0.54951;219.98
0.33265;-0.56175;211.95
0.34462;-0.55486;211.71
0.31960;-0.55348;222.51
0.26164;-0.53242;259.55
0.24789;-0.53026;266.21
0.25342;-0.54633;252.06
0.26902;-0.54494;247.55
0.28637;-0.53534;248.05
0.28139;-0.54640;241.97
0.29641;-0.54640;236.32
0.27400;-0.53388;253.84
0.35313;-0.54368;215.43
0.36415;-0.53616;215.56
0.34975;-0.52715;227.59
0.34124;-0.53833;223.88
0.19221;-0.45426;351.29
0.18666;-0.47029;338.64
0.20471;-0.46690;334.88
0.19826;-0.48529;321.02
0.21316;-0.48364;316.95
0.25073;-0.50409;285.55
0.23616;-0.50224;292.68
0.24244;-0.51609;279.24
0.25618;-0.51826;272.38
0.23757;-0.47529;314.31
0.22114;-0.47110;324.65
0.22958;-0.48784;307.06
0.24415;-0.48969;299.73
0.20416;-0.42924;369.71
0.19374;-0.42176;381.55
0.19193;-0.43543;369.14
0.20444;-0.44807;352.05
0.10427;-0.38070;462.07
0.11572;-0.39013;446.92
0.11813;-0.37196;467.70
0.12897;-0.38386;449.35
0.58291;-0.56070;105.47
0.59392;-0.54927;105.37
0.57762;-0.54459;114.75
0.59338;-0.59361;87.065
0.60504;-0.58196;86.964
0.58847;-0.57705;96.112
0.59948;-0.56561;96.107
0.60305;-0.62743;69.080
0.61538;-0.61558;68.981
0.59855;-0.61042;77.920
0.61021;-0.59877;77.915
0.61193;-0.66220;51.466
0.62494;-0.65018;51.368
0.60783;-0.64472;60.124
0.62016;-0.63288;60.121
0.62006;-0.69796;34.150
0.63376;-0.68578;34.054
0.61634;-0.68000;42.661
0.62935;-0.66798;42.660
0.62413;-0.71631;25.457
0.62749;-0.73480;17.055
0.63784;-0.70413;25.457
-0.31710;0.16886;508.86
-0.30889;0.17994;511.32
-0.32409;0.18240;491.68
-0.31752;0.19434;491.17
-0.29536;0.20403;509.24
-0.31076;0.20639;490.13
-0.30213;0.19198;510.65
-0.30445;0.21808;488.20
-0.27230;0.26139;484.30
-0.28062;0.27508;464.28
-0.28657;0.25979;472.13
-0.28231;0.22944;502.63
-0.29792;0.23079;485.09
-0.28883;0.21674;506.30
-0.27730;0.24541;493.80
-0.29157;0.24382;480.84
-0.28899;0.050228;609.65
-0.28611;0.063886;609.92
-0.30378;0.059777;582.79
-0.30172;0.073923;581.13
-0.24555;-0.024153;695.63
-0.24780;-0.010943;692.99
-0.23144;-0.027830;723.87
-0.21446;-0.039725;756.91
-0.23891;0.0095624;711.26
-0.25220;0.0014525;684.72
-0.23451;-0.0028328;720.85
-0.25444;0.013285;679.65
-0.27434;0.038182;638.14
-0.25681;0.039793;669.82
-0.27146;0.051840;639.24
-0.26339;0.028400;660.27
-0.24786;0.024678;690.91
-0.28271;0.091375;603.26
-0.30002;0.087667;578.07
-0.28441;0.077630;607.12
-0.29712;0.10559;573.69
-0.30859;0.15381;529.28
-0.29187;0.14984;553.98
-0.30038;0.16489;532.37
-0.30170;0.13482;550.40
-0.27159;0.11926;604.09
-0.29156;0.11953;574.03
-0.27715;0.10532;604.31
-0.28173;0.13455;578.63
-0.26291;0.28763;468.45
-0.27592;0.28820;456.71
-0.26761;0.27451;476.58
-0.31389;0.63168;173.50
-0.32652;0.62529;173.46
-0.31361;0.61578;183.69
-0.32568;0.60948;183.70
-0.31276;0.60033;193.96
-0.32483;0.59402;193.87
-0.31191;0.58488;204.40
-0.32377;0.57883;204.11
-0.26669;0.30241;451.49
-0.27047;0.31719;434.95
-0.27970;0.30298;440.34
-0.28823;0.31824;420.25
-0.35389;0.51964;230.69
-0.36274;0.51108;232.25
-0.34736;0.50590;242.72
-0.36299;0.49762;240.88
-0.35142;0.48968;251.66
-0.34223;0.47526;265.94
-0.33686;0.46195;277.91
-0.32897;0.47706;271.20
-0.33816;0.49148;256.76
-0.33337;0.55632;215.23
-0.34472;0.54951;215.14
-0.33112;0.53984;227.07
-0.34577;0.53661;223.11
-0.33924;0.52287;235.00
-0.31271;0.56078;220.23
-0.31231;0.57283;212.27
-0.32417;0.56678;211.89
-0.32191;0.55031;223.74
-0.29858;0.33402;399.10
-0.28082;0.33297;413.10
-0.29117;0.34875;392.16
-0.30827;0.34988;379.21
-0.31763;0.36674;359.51
-0.30054;0.36561;371.84
-0.30990;0.38247;352.30
-0.32696;0.38293;341.05
-0.33623;0.39949;322.99
-0.31917;0.39902;333.75
-0.32844;0.41558;315.86
-0.34537;0.41580;305.80
-0.33660;0.43120;299.86
-0.31298;0.44652;301.45
-0.32887;0.44668;292.95
-0.32071;0.43105;308.81
-0.32097;0.46179;286.10
-0.29948;0.47420;287.45
-0.31422;0.47563;279.36
-0.30623;0.46036;294.54
-0.28881;0.64343;173.56
-0.30166;0.63750;173.56
-0.28915;0.62743;183.83
-0.30138;0.62161;183.86
-0.24557;0.70763;143.64
-0.23167;0.71245;143.54
-0.24355;0.72412;133.82
-0.23381;0.69636;153.33
-0.24770;0.69154;153.34
-0.23595;0.68027;163.27
-0.24917;0.67531;163.42
-0.26329;0.65436;173.51
-0.27633;0.64889;173.55
-0.26420;0.63837;183.81
-0.27667;0.63290;183.91
-0.23755;0.66450;173.27
-0.25077;0.65955;173.32
-0.23916;0.64874;183.43
-0.25168;0.64355;183.71
-0.22632;0.74525;124.23
-0.24087;0.74052;124.33
-0.22900;0.72885;133.82
-0.25026;0.76930;105.37
-0.26527;0.76409;105.46
-0.25284;0.75254;114.73
-0.23829;0.75727;114.74
-0.27533;0.79306;86.966
-0.29079;0.78735;87.061
-0.27780;0.77597;96.105
-0.26279;0.78118;96.107
-0.31746;0.81028;69.083
-0.30390;0.79907;77.919
-0.30155;0.81651;68.987
-0.28844;0.80478;77.919
-0.34529;0.83290;51.470
-0.33115;0.82186;60.126
-0.32893;0.83968;51.374
-0.31524;0.82809;60.126
-0.37432;0.85527;34.154
-0.35959;0.84437;42.665
-0.35753;0.86262;34.058
-0.34323;0.85115;42.664
-0.38926;0.86666;25.461
-0.40464;0.87746;17.058
-0.37247;0.87401;25.460
0.10681;-0.36259;483.59
0.095496;-0.35321;499.76
0.092952;-0.37132;477.33
0.081390;-0.36239;492.31
0.060605;-0.34544;520.81
0.070529;-0.35455;505.76
0.073774;-0.33753;528.26
0.084635;-0.34537;513.95
-0.020237;-0.29149;611.57
-0.016454;-0.30675;586.68
-0.0063912;-0.29301;610.06
-0.0032466;-0.30889;583.92
-0.054945;-0.25697;664.31
-0.051530;-0.27285;636.89
-0.041309;-0.25875;665.73
-0.037696;-0.27436;638.22
-0.028570;-0.26043;665.80
-0.024957;-0.27603;637.82
-0.015831;-0.26210;664.68
-0.011111;-0.27756;636.71
-0.087538;-0.22075;714.64
-0.084214;-0.23512;689.58
-0.070816;-0.23816;692.14
-0.045278;-0.24551;689.78
-0.049247;-0.23227;714.72
-0.058914;-0.24372;687.60
-0.061149;-0.22671;720.25
-0.089281;-0.20257;749.54
0.010177;-0.29520;606.18
0.013321;-0.31108;579.98
0.026745;-0.29739;600.79
0.026346;-0.31747;568.62
0.052679;-0.31925;560.87
0.039712;-0.30832;580.77
0.039313;-0.32839;549.97
0.050058;-0.33630;536.23
0.063227;-0.32839;544.47
0.40322;-0.54471;193.38
0.41422;-0.53643;193.35
0.40038;-0.52955;203.63
0.38946;-0.53736;203.80
0.37698;-0.53149;212.89
0.38790;-0.52369;212.82
0.37543;-0.51783;222.14
0.36259;-0.52249;224.97
0.42140;-0.51357;203.29
0.41089;-0.52156;203.56
0.42473;-0.52844;193.18
0.49349;-0.54414;153.32
0.47845;-0.53812;163.25
0.48247;-0.55395;153.31
0.46761;-0.54743;163.32
0.46395;-0.53194;173.16
0.44945;-0.52577;183.23
0.45311;-0.54125;173.14
0.43876;-0.53454;183.33
0.43542;-0.51967;193.18
0.54548;-0.53484;133.85
0.52966;-0.52976;143.58
0.53468;-0.54564;133.85
0.51909;-0.53996;143.65
0.51437;-0.52430;153.39
0.49909;-0.51883;163.35
0.50381;-0.53450;153.37
0.48877;-0.52847;163.39
0.58205;-0.51749;124.25
0.57168;-0.52870;124.35
0.58799;-0.53338;114.75
0.56601;-0.51305;133.85
0.54997;-0.50861;143.60
0.55564;-0.52426;133.85
0.53981;-0.51918;143.68
0.19206;-0.40594;397.93
0.20248;-0.41342;385.62
0.20079;-0.39761;401.98
0.15464;-0.39115;430.49
0.16481;-0.40213;414.23
0.16948;-0.38653;428.78
0.17640;-0.40040;410.87
0.18514;-0.39207;415.39
0.13051;-0.36671;469.02
0.14134;-0.37861;450.35
0.14288;-0.36146;469.74
0.15618;-0.37399;448.92
0.32260;-0.53591;233.21
0.31247;-0.52231;246.81
0.30947;-0.53988;235.79
0.33111;-0.52473;237.24
0.29942;-0.52883;247.57
0.27164;-0.52062;264.61
0.28164;-0.50882;269.42
0.26619;-0.50646;277.54
0.28401;-0.52208;258.63
0.29706;-0.51557;258.05
0.33259;-0.50009;253.43
0.32253;-0.51120;250.25
0.34117;-0.51362;240.34
0.36752;-0.50661;232.92
0.35961;-0.49540;243.95
0.35468;-0.51127;235.81
0.34610;-0.49774;248.77
0.22955;-0.44452;344.25
0.21685;-0.43688;356.88
0.21713;-0.45571;339.80
0.23356;-0.45990;329.07
0.26805;-0.47901;298.15
0.25281;-0.47715;306.30
0.25939;-0.49155;291.96
0.27485;-0.49392;283.58
0.25348;-0.45505;324.20
0.24152;-0.44979;334.19
0.24553;-0.46517;319.35
0.26077;-0.46703;311.00
0.22669;-0.41232;374.74
0.21374;-0.40497;388.25
0.21543;-0.42078;372.43
0.22812;-0.42842;359.30
0.10848;-0.34517;505.34
0.11980;-0.35454;488.56
0.12146;-0.33712;510.14
0.13217;-0.34929;489.59
0.14637;-0.33221;503.67
0.13391;-0.33467;507.19
0.14462;-0.34684;486.51
0.60447;-0.53741;105.46
0.61503;-0.52555;105.36
0.59854;-0.52152;114.74
0.60193;-0.49426;124.23
0.59199;-0.50587;124.34
0.60848;-0.50990;114.73
0.61623;-0.56987;87.056
0.62742;-0.55778;86.955
0.61067;-0.55352;96.103
0.62122;-0.54167;96.098
0.62723;-0.60327;69.073
0.63908;-0.59096;68.972
0.62206;-0.58646;77.911
0.63325;-0.57437;77.906
0.63747;-0.63766;51.461
0.65000;-0.62514;51.362
0.63269;-0.62036;60.118
0.64454;-0.60805;60.113
0.64699;-0.67308;34.149
0.66021;-0.66037;34.052
0.64257;-0.65527;42.659
0.65510;-0.64275;42.655
0.65178;-0.69125;25.457
0.65585;-0.70960;17.054
0.66500;-0.67855;25.455
-0.25156;0.27894;486.72
-0.25626;0.26581;495.26
-0.24021;0.27024;505.67
-0.27531;0.17444;557.26
-0.29210;0.17719;533.85
-0.28359;0.16214;556.13
-0.28534;0.18924;532.77
-0.26012;0.19967;554.23
-0.27774;0.20185;531.38
-0.26771;0.18706;556.24
-0.27121;0.21456;527.81
-0.25106;0.21479;550.47
-0.24201;0.22990;545.39
-0.26216;0.22967;523.92
-0.25716;0.24564;513.90
-0.24111;0.25007;525.58
-0.25394;0.069760;663.23
-0.27003;0.066823;636.00
-0.25538;0.054776;667.32
-0.26833;0.080567;632.46
-0.21945;0.0047812;753.74
-0.23242;0.019667;723.56
-0.24137;0.034782;701.44
-0.23089;0.052029;716.31
-0.24385;0.045911;692.80
-0.22841;0.040901;726.13
-0.24242;0.060895;689.19
-0.25984;0.10769;630.49
-0.26541;0.093751;630.13
-0.24810;0.096127;658.11
-0.25102;0.082943;661.31
-0.25564;0.14556;608.21
-0.27375;0.14770;580.47
-0.26361;0.13241;606.81
-0.26547;0.16000;582.22
-0.24308;0.11944;649.28
-0.25734;0.11935;626.29
-0.24559;0.10778;654.15
-0.24936;0.13250;628.55
-0.25277;0.29409;470.87
-0.24142;0.28540;489.12
-0.24263;0.30055;472.83
-0.25655;0.30887;453.58
-0.28918;0.61208;193.93
-0.30141;0.60625;193.86
-0.28922;0.59673;204.19
-0.30056;0.59080;204.39
-0.30193;0.57583;213.99
-0.29194;0.56679;223.74
-0.29058;0.58176;213.91
-0.30232;0.56378;222.05
-0.24428;0.32635;446.04
-0.25738;0.32177;440.72
-0.24346;0.31345;459.34
-0.25241;0.33856;428.50
-0.26054;0.35077;411.55
-0.26551;0.33398;423.39
-0.27586;0.34976;401.96
-0.30269;0.49110;273.44
-0.30591;0.50799;259.75
-0.31744;0.49253;265.68
-0.32663;0.50694;251.39
-0.31852;0.52392;243.15
-0.30509;0.54982;230.61
-0.29748;0.53887;241.22
-0.29471;0.55283;232.45
-0.31430;0.53936;234.22
-0.30169;0.52343;250.49
-0.26866;0.36705;391.57
-0.27678;0.38332;372.34
-0.28398;0.36604;382.46
-0.29334;0.38290;362.41
-0.28548;0.39975;353.34
-0.29418;0.41618;335.03
-0.30204;0.39933;343.86
-0.31131;0.41588;325.53
-0.30358;0.43135;317.96
-0.28120;0.49250;281.92
-0.29356;0.50025;270.75
-0.29034;0.48335;284.80
-0.28164;0.44861;315.86
-0.29731;0.44757;308.76
-0.28791;0.43240;325.54
-0.29056;0.46141;301.46
-0.27414;0.47270;300.39
-0.28681;0.47345;293.97
-0.27789;0.46066;308.14
-0.27767;0.48260;291.07
-0.27715;0.61701;194.34
-0.26515;0.60658;205.04
-0.26468;0.62248;194.33
-0.27718;0.60165;204.71
-0.21759;0.71673;143.64
-0.20350;0.72100;143.55
-0.21491;0.73312;133.82
-0.20629;0.70501;153.33
-0.22038;0.70073;153.33
-0.20908;0.68902;163.26
-0.22251;0.68464;163.36
-0.21140;0.67347;173.14
-0.22483;0.66910;173.14
-0.21372;0.65793;183.17
-0.22644;0.65333;183.39
-0.23994;0.63311;193.86
-0.25246;0.62793;194.06
-0.24073;0.61749;204.47
-0.25294;0.61203;204.86
-0.22850;0.63826;193.21
-0.21784;0.62779;203.15
-0.21578;0.64286;193.08
-0.22929;0.62264;203.90
-0.19686;0.75357;124.23
-0.21159;0.74941;124.33
-0.20018;0.73729;133.82
-0.21985;0.77854;105.37
-0.23506;0.77392;105.46
-0.22309;0.76189;114.73
-0.20836;0.76606;114.73
-0.24398;0.80326;86.963
-0.25966;0.79816;87.060
-0.24712;0.78628;96.105
-0.23192;0.79090;96.103
-0.28540;0.82212;69.082
-0.27230;0.81039;77.918
-0.26926;0.82772;68.985
-0.25662;0.81549;77.917
-0.31233;0.84581;51.469
-0.29863;0.83423;60.126
-0.29572;0.85195;51.372
-0.28249;0.83983;60.125
-0.34046;0.86931;34.153
-0.32616;0.85784;42.664
-0.32339;0.87599;34.056
-0.30956;0.86397;42.662
-0.35494;0.88128;25.460
-0.36988;0.89267;17.057
-0.33787;0.88796;25.458
0.11188;-0.32819;526.49
0.10229;-0.31927;543.23
0.098895;-0.33624;521.15
0.088034;-0.32840;536.25
0.065062;-0.31390;565.49
0.075609;-0.32304;548.42
0.077444;-0.30855;569.31
0.089869;-0.31391;556.35
-0.0020441;-0.26262;664.58
0.0026758;-0.27808;636.16
0.011743;-0.26314;663.12
0.019244;-0.28027;631.11
-0.036761;-0.23119;721.75
-0.032792;-0.24444;695.84
-0.020053;-0.24611;695.24
0.0056374;-0.25040;688.16
-4.6801E-4;-0.23766;714.25
-0.0081495;-0.24988;689.05
-0.012371;-0.23389;721.50
-0.044132;-0.21421;755.54
0.026357;-0.26097;665.21
0.033858;-0.27810;632.48
0.040971;-0.25880;665.73
0.061225;-0.28494;612.84
0.051098;-0.27187;638.77
0.043985;-0.29117;607.71
0.056952;-0.30209;586.32
0.069334;-0.29674;590.67
0.40708;-0.50558;214.82
0.39276;-0.49759;226.58
0.39657;-0.51357;215.00
0.38410;-0.50771;224.46
0.37619;-0.49649;235.29
0.41860;-0.48831;219.38
0.40568;-0.49295;223.07
0.42000;-0.50094;211.30
0.43159;-0.50461;203.53
0.44561;-0.51071;193.32
0.44178;-0.49565;203.57
0.43019;-0.49198;211.44
0.48427;-0.51320;173.32
0.46946;-0.50756;183.45
0.47395;-0.52284;173.27
0.45945;-0.51667;183.43
0.45562;-0.50160;193.43
0.53442;-0.50380;153.41
0.51887;-0.49900;163.38
0.52426;-0.51438;153.40
0.50898;-0.50891;163.46
0.49381;-0.50376;173.45
0.50370;-0.49385;173.47
0.48852;-0.48870;183.72
0.47899;-0.49813;183.68
0.57576;-0.50206;133.86
0.58570;-0.49044;133.85
0.56947;-0.48663;143.61
0.55972;-0.49762;143.70
0.54395;-0.49346;153.43
0.55371;-0.48247;153.43
0.53794;-0.47831;163.40
0.52841;-0.48865;163.48
0.58829;-0.46396;143.51
0.57888;-0.47529;143.66
0.59511;-0.47911;133.80
0.21206;-0.38873;404.93
0.22500;-0.39608;390.84
0.22332;-0.37984;407.38
0.19934;-0.38097;419.54
0.19790;-0.36434;437.62
0.18369;-0.37543;433.63
0.21061;-0.37209;422.34
0.15805;-0.33923;488.54
0.15631;-0.35385;472.09
0.16974;-0.34624;473.67
0.16961;-0.36639;450.83
0.18382;-0.35529;455.43
0.29236;-0.49635;274.16
0.30307;-0.48387;278.58
0.28556;-0.48144;288.42
0.30777;-0.50309;262.47
0.31783;-0.49198;265.89
0.33417;-0.48695;261.78
0.33574;-0.47381;270.16
0.31941;-0.47884;274.56
0.34768;-0.48460;256.89
0.36522;-0.48290;249.41
0.37083;-0.47041;254.74
0.35329;-0.47211;262.56
0.38180;-0.48400;240.46
0.25290;-0.42755;347.79
0.23980;-0.41994;361.14
0.24122;-0.43604;346.22
0.25319;-0.44130;335.89
0.26765;-0.45100;320.82
0.28181;-0.44694;317.11
0.26735;-0.43725;332.26
0.27493;-0.46298;307.71
0.29244;-0.46541;297.47
0.24943;-0.39518;378.15
0.23638;-0.38751;392.61
0.23806;-0.40375;376.67
0.25117;-0.41136;362.79
0.11686;-0.31159;546.91
0.12645;-0.32051;529.63
0.13144;-0.30391;549.41
0.13890;-0.31806;526.01
0.15540;-0.32327;509.66
0.16443;-0.31432;515.16
0.14793;-0.30911;532.33
0.16708;-0.33028;494.03
0.62091;-0.47024;124.22
0.60460;-0.46710;133.80
0.61142;-0.48225;124.32
0.62510;-0.51329;105.46
0.63518;-0.50102;105.36
0.61856;-0.49764;114.73
0.62805;-0.48563;114.72
0.63813;-0.54526;87.048
0.64883;-0.53274;86.949
0.63193;-0.52915;96.096
0.64201;-0.51688;96.092
0.65044;-0.57820;69.064
0.66179;-0.56544;68.965
0.64461;-0.56161;77.903
0.65531;-0.54909;77.900
0.66203;-0.61214;51.453
0.67405;-0.59915;51.353
0.65657;-0.59505;60.109
0.66792;-0.58229;60.105
0.67293;-0.64715;34.145
0.68564;-0.63394;34.046
0.66782;-0.62954;42.653
0.67985;-0.61654;42.648
0.67842;-0.66513;25.455
0.68321;-0.68331;17.054
0.69114;-0.65191;25.452
-0.22826;0.27725;509.04
-0.21630;0.28426;511.71
-0.22947;0.29240;491.94
-0.22652;0.26006;529.16
-0.21282;0.24988;553.75
-0.21456;0.26707;532.48
-0.22742;0.23989;550.25
-0.24780;0.15659;609.96
-0.23997;0.16763;610.67
-0.25764;0.17104;583.37
-0.25004;0.18365;581.77
-0.22576;0.19258;603.90
-0.24294;0.19613;578.61
-0.23286;0.18010;607.85
-0.23388;0.21124;573.96
-0.20485;0.21433;604.32
-0.22343;0.22212;574.12
-0.21530;0.20346;604.75
-0.20884;0.23211;578.60
-0.23648;0.072549;694.36
-0.23356;0.085732;691.48
-0.22496;0.063684;722.40
-0.21352;0.045524;756.42
-0.21787;0.10127;708.86
-0.23298;0.098701;683.10
-0.21844;0.088306;718.53
-0.23047;0.11036;678.20
-0.23893;0.14028;637.99
-0.22222;0.13500;669.56
-0.23110;0.15131;639.49
-0.23265;0.12722;659.81
-0.22004;0.11813;689.58
-0.23211;0.30909;472.48
-0.21895;0.30094;491.31
-0.22160;0.31763;471.51
-0.23294;0.32199;458.68
-0.27815;0.58618;215.03
-0.26708;0.57563;226.07
-0.26612;0.59110;215.47
-0.27951;0.57121;225.01
-0.28377;0.55840;232.54
-0.27560;0.55000;241.49
-0.27134;0.56281;233.78
-0.28654;0.54444;241.45
-0.23689;0.33627;441.57
-0.22555;0.33191;453.85
-0.22950;0.34620;436.73
-0.24502;0.34848;424.16
-0.25093;0.36488;404.89
-0.23541;0.36260;416.84
-0.24131;0.37900;397.68
-0.25905;0.38116;385.06
-0.27600;0.50602;273.86
-0.27081;0.51955;265.75
-0.28836;0.51377;262.98
-0.27320;0.53477;253.49
-0.28414;0.52921;253.36
-0.26574;0.40171;363.12
-0.24801;0.39955;375.02
-0.25470;0.42010;353.29
-0.27444;0.41814;344.38
-0.26817;0.43435;334.24
-0.26519;0.48083;297.97
-0.25624;0.48895;295.34
-0.26872;0.49073;288.67
-0.26352;0.50425;280.32
-0.25267;0.45898;321.30
-0.26716;0.45379;318.78
-0.25369;0.43954;337.15
-0.26341;0.46584;310.77
-0.25446;0.47396;308.18
-0.25285;0.59519;216.68
-0.24055;0.58381;228.54
-0.24064;0.60065;216.38
-0.25381;0.57972;227.42
-0.18925;0.72474;143.64
-0.17500;0.72847;143.53
-0.18593;0.74102;133.81
-0.17841;0.71260;153.31
-0.19266;0.70887;153.32
-0.18182;0.69673;163.24
-0.19545;0.69287;163.35
-0.18475;0.68113;173.23
-0.19838;0.67727;173.24
-0.18768;0.66553;183.37
-0.20070;0.66173;183.37
-0.18929;0.65070;193.40
-0.20230;0.64691;193.31
-0.19089;0.63588;203.60
-0.20436;0.63184;203.49
-0.21765;0.61368;213.26
-0.22909;0.60853;213.96
-0.21746;0.59957;223.56
-0.22900;0.59169;226.16
-0.19886;0.61254;218.73
-0.19487;0.62421;211.14
-0.20835;0.62017;210.90
-0.20816;0.60606;221.21
-0.16710;0.76076;124.21
-0.18198;0.75717;124.31
-0.17105;0.74461;133.80
-0.18911;0.78659;105.35
-0.20448;0.78256;105.46
-0.19298;0.77008;114.73
-0.17811;0.77367;114.72
-0.21225;0.81223;86.957
-0.22812;0.80775;87.056
-0.21605;0.79538;96.100
-0.20068;0.79941;96.095
-0.25291;0.83269;69.080
-0.24027;0.82046;77.916
-0.23656;0.83766;68.983
-0.22441;0.82494;77.913
-0.27889;0.85742;51.468
-0.26566;0.84531;60.124
-0.26205;0.86290;51.372
-0.24931;0.85028;60.123
-0.30608;0.88200;34.151
-0.29224;0.86998;42.662
-0.28876;0.88801;34.055
-0.27541;0.87546;42.662
-0.32007;0.89453;25.458
-0.33455;0.90651;17.055
-0.30276;0.90054;25.457
0.087340;-0.29515;585.70
0.097237;-0.28175;601.69
0.079231;-0.28334;608.15
0.099765;-0.30051;571.63
0.11434;-0.29283;575.22
0.011469;-0.23413;721.10
0.017574;-0.24687;694.10
0.032188;-0.24470;695.48
-2.3400E-4;-0.21883;755.28
0.047854;-0.22875;722.59
0.035630;-0.22967;725.33
0.044412;-0.24378;693.50
0.060000;-0.23622;701.73
0.056558;-0.25125;674.32
0.072145;-0.24369;680.91
0.066685;-0.26431;646.08
0.084691;-0.26272;639.84
0.11326;-0.27184;607.67
0.13036;-0.28292;579.75
0.12928;-0.26193;611.72
0.59721;-0.45221;143.59
0.61352;-0.45535;133.78
0.60614;-0.44045;143.48
0.41084;-0.47814;229.34
0.40308;-0.46798;239.51
0.39792;-0.48278;233.12
0.38696;-0.46919;247.19
0.42471;-0.47923;221.57
0.43630;-0.48290;213.52
0.43082;-0.47015;223.64
0.41695;-0.46906;231.57
0.46419;-0.49291;193.84
0.47373;-0.48348;193.98
0.45893;-0.47826;204.41
0.45035;-0.48695;204.08
0.44487;-0.47420;213.96
0.51307;-0.48412;173.46
0.52260;-0.47378;173.48
0.50726;-0.46924;183.71
0.49789;-0.47897;183.81
0.48288;-0.47398;194.17
0.49225;-0.46425;194.16
0.47724;-0.45926;204.79
0.46809;-0.46876;204.70
0.56294;-0.47175;153.40
0.57234;-0.46041;153.35
0.55640;-0.45687;163.33
0.54717;-0.46759;163.46
0.53166;-0.46375;173.40
0.54088;-0.45303;173.37
0.52537;-0.44919;183.57
0.51632;-0.45922;183.73
0.59012;-0.43750;153.31
0.57411;-0.43454;163.28
0.58120;-0.44925;153.32
0.56525;-0.44570;163.40
0.23422;-0.37148;409.04
0.24728;-0.37915;393.99
0.24512;-0.36312;410.23
0.20924;-0.35589;439.75
0.22195;-0.36364;424.12
0.22059;-0.34745;441.30
0.23285;-0.35528;425.57
0.18162;-0.33855;475.51
0.19350;-0.33086;476.68
0.17896;-0.32259;495.69
0.19570;-0.34760;456.83
0.20704;-0.33915;458.76
0.31696;-0.44843;297.94
0.29939;-0.44769;307.61
0.31002;-0.46615;288.36
0.32635;-0.46112;283.86
0.34296;-0.45926;276.64
0.35017;-0.44472;282.88
0.33357;-0.44657;290.52
0.36050;-0.45756;268.62
0.37740;-0.45671;260.20
0.38397;-0.44301;265.44
0.36707;-0.44386;274.22
0.39353;-0.45549;252.31
0.27647;-0.41128;348.97
0.26295;-0.40323;363.39
0.26468;-0.41942;348.58
0.27914;-0.42911;332.84
0.30171;-0.42341;325.13
0.29176;-0.43518;321.30
0.30934;-0.43592;311.35
0.28909;-0.41735;336.95
0.27228;-0.37694;380.62
0.25870;-0.37003;395.26
0.26086;-0.38606;379.62
0.27437;-0.39411;364.61
0.26604;-0.34999;408.51
0.25558;-0.35655;409.56
0.26916;-0.36347;394.40
0.15899;-0.28076;562.28
0.14413;-0.27134;586.59
0.14521;-0.29233;556.51
0.16171;-0.29754;538.23
0.17649;-0.30606;517.16
0.18854;-0.29781;518.33
0.17377;-0.28928;539.97
0.19102;-0.31433;497.14
0.63891;-0.44547;124.22
0.62252;-0.44296;133.78
0.62991;-0.45785;124.32
0.65437;-0.47570;105.35
0.63764;-0.47297;114.72
0.64478;-0.48836;105.45
0.64664;-0.46058;114.72
0.65903;-0.51981;87.044
0.66923;-0.50688;86.948
0.65221;-0.50395;96.091
0.66180;-0.49129;96.090
0.67262;-0.55225;69.059
0.68346;-0.53905;68.963
0.66614;-0.53590;77.899
0.67634;-0.52297;77.898
0.68555;-0.58570;51.446
0.69705;-0.57225;51.348
0.67942;-0.56884;60.102
0.69025;-0.55565;60.101
0.69783;-0.62024;34.139
0.71001;-0.60654;34.040
0.69203;-0.60284;42.645
0.70353;-0.58939;42.642
0.70402;-0.63798;25.451
0.70952;-0.65595;17.052
0.71621;-0.62428;25.448
-0.19367;0.30098;510.73
-0.20763;0.30930;490.82
-0.20499;0.29262;511.61
-0.18689;0.26628;558.18
-0.20160;0.27527;534.50
-0.19986;0.25808;556.51
-0.19028;0.28363;533.99
-0.19248;0.22319;607.28
-0.18010;0.23204;608.95
-0.19646;0.24096;580.71
-0.18350;0.24916;583.06
-0.17902;0.20360;648.78
-0.17956;0.21782;628.69
-0.19194;0.20897;626.16
-0.20816;0.16159;662.90
-0.22407;0.16461;636.25
-0.21519;0.14829;667.03
-0.21696;0.17708;632.65
-0.18587;0.19396;653.34
-0.19878;0.19932;630.09
-0.19271;0.18431;657.01
-0.20924;0.18844;629.94
-0.20044;0.17295;660.61
-0.20132;0.088905;752.44
-0.20761;0.10755;722.35
-0.20979;0.12442;701.35
-0.19372;0.13568;716.65
-0.20797;0.13534;692.80
-0.19554;0.12476;726.33
-0.20094;0.14864;689.20
-0.21103;0.32612;470.03
-0.19707;0.31780;488.94
-0.20047;0.33462;467.95
-0.21499;0.34041;452.22
-0.26014;0.54936;247.46
-0.25774;0.53414;259.69
-0.24468;0.54873;253.25
-0.25588;0.56218;239.49
-0.24262;0.56627;240.79
-0.21916;0.35740;432.10
-0.20465;0.35161;447.04
-0.20882;0.36861;426.91
-0.22507;0.37380;412.25
-0.22934;0.39191;392.43
-0.21309;0.38671;406.35
-0.21737;0.40482;386.55
-0.23604;0.41246;369.81
-0.24583;0.50000;290.73
-0.23542;0.51105;285.84
-0.25311;0.51530;275.84
-0.24005;0.52989;269.29
-0.22360;0.44198;349.21
-0.23915;0.43104;351.61
-0.22049;0.42340;367.57
-0.23814;0.45048;335.14
-0.24018;0.46844;318.95
-0.22565;0.45994;332.45
-0.22769;0.47789;316.17
-0.24197;0.48342;305.74
-0.23156;0.49447;300.79
-0.22747;0.57576;238.37
-0.21438;0.56770;248.29
-0.21592;0.58364;235.78
-0.22953;0.55821;250.97
-0.16062;0.73166;143.61
-0.14624;0.73484;143.49
-0.15667;0.74780;133.78
-0.15027;0.71913;153.27
-0.16465;0.71594;153.29
-0.15430;0.70341;163.20
-0.16806;0.70007;163.32
-0.15780;0.68812;173.06
-0.17156;0.68478;173.09
-0.16129;0.67283;183.08
-0.17449;0.66918;183.33
-0.16394;0.65816;192.97
-0.17714;0.65451;193.12
-0.16660;0.64349;203.01
-0.17874;0.63968;203.40
-0.18095;0.62383;214.48
-0.17101;0.61178;225.55
-0.16880;0.62763;214.18
-0.18493;0.61216;222.23
-0.19527;0.60029;228.67
-0.19168;0.58804;238.82
-0.18134;0.59991;232.26
-0.20457;0.59381;231.20
-0.20303;0.57787;243.66
-0.13709;0.76677;124.18
-0.15210;0.76377;124.29
-0.14167;0.75081;133.77
-0.13176;0.73747;143.56
-0.11727;0.74009;143.45
-0.12718;0.75343;133.74
-0.15806;0.79343;105.34
-0.17358;0.79001;105.44
-0.16258;0.77710;114.71
-0.14758;0.78010;114.70
-0.18019;0.81995;86.951
-0.19622;0.81609;87.050
-0.18465;0.80327;96.092
-0.16912;0.80669;96.085
-0.22002;0.84198;69.078
-0.20787;0.82927;77.912
-0.20348;0.84631;68.981
-0.19183;0.83313;77.908
-0.24501;0.86771;51.468
-0.23226;0.85509;60.123
-0.22797;0.87252;51.372
-0.21572;0.85941;60.122
-0.27122;0.89334;34.151
-0.25786;0.88078;42.663
-0.25368;0.89866;34.056
-0.24082;0.88559;42.662
-0.28471;0.90641;25.458
-0.29871;0.91894;17.055
-0.26717;0.91173;25.458
0.088461;-0.23994;677.81
0.10101;-0.25897;636.36
0.10478;-0.23619;672.68
0.11703;-0.24906;641.38
0.043436;-0.21245;759.80
0.055897;-0.22136;734.19
0.068043;-0.22883;712.00
0.084776;-0.21654;725.07
0.078461;-0.23011;702.95
0.094776;-0.22637;698.30
0.074358;-0.21526;735.44
0.14157;-0.25312;615.27
0.15643;-0.26253;589.26
0.15387;-0.24431;617.49
0.11675;-0.23054;672.63
0.12900;-0.24340;640.85
0.12872;-0.22488;671.29
0.14129;-0.23459;643.77
0.61460;-0.42840;143.55
0.63098;-0.43090;133.75
0.62305;-0.41634;143.42
0.60700;-0.41401;153.21
0.59096;-0.41167;163.14
0.59855;-0.42606;153.24
0.58253;-0.42310;163.31
0.40973;-0.45535;243.62
0.41637;-0.44273;247.53
0.40017;-0.44287;256.51
0.42359;-0.45644;235.45
0.45235;-0.46325;216.07
0.46150;-0.45375;216.27
0.44577;-0.44824;227.96
0.43829;-0.45919;225.90
0.43107;-0.44548;237.70
0.50141;-0.45508;193.80
0.51046;-0.44505;193.73
0.49556;-0.44092;204.05
0.48640;-0.45009;204.51
0.48117;-0.43548;214.92
0.46677;-0.43005;225.99
0.47201;-0.44465;215.30
0.45627;-0.43914;227.09
0.54965;-0.44256;173.28
0.55850;-0.43139;173.25
0.54290;-0.42825;183.38
0.53413;-0.43872;183.57
0.51875;-0.43538;193.72
0.52752;-0.42491;193.63
0.51214;-0.42157;204.04
0.50385;-0.43124;204.14
0.57538;-0.40879;173.18
0.55980;-0.40591;183.38
0.56695;-0.42022;173.25
0.55135;-0.41708;183.48
0.23280;-0.33994;440.75
0.24506;-0.34777;424.81
0.24500;-0.33243;439.61
0.25552;-0.34121;423.83
0.20598;-0.32253;477.44
0.21845;-0.31421;477.45
0.20350;-0.30601;497.58
0.21952;-0.33083;459.16
0.23173;-0.32332;458.21
0.31587;-0.42056;319.37
0.32349;-0.43307;305.78
0.33002;-0.41771;313.38
0.34009;-0.43121;297.90
0.36350;-0.41493;295.69
0.34676;-0.41632;304.62
0.35683;-0.42982;289.42
0.37373;-0.42897;280.34
0.39823;-0.41393;275.60
0.38086;-0.41443;285.68
0.39110;-0.42847;270.66
0.40730;-0.42833;261.37
0.27080;-0.33751;416.38
0.27556;-0.32503;424.01
0.26028;-0.32873;432.04
0.28886;-0.38293;365.18
0.29096;-0.40010;349.83
0.30545;-0.38892;350.01
0.30358;-0.40617;337.55
0.31773;-0.40331;331.36
0.27913;-0.35105;398.58
0.29222;-0.35210;388.62
0.28389;-0.33856;406.01
0.28225;-0.36452;384.88
0.29884;-0.37051;368.99
0.18382;-0.26308;564.93
0.16884;-0.25369;590.66
0.17140;-0.27192;564.16
0.18618;-0.28044;541.21
0.20124;-0.28996;517.66
0.21395;-0.28210;516.11
0.19888;-0.27259;540.01
0.21620;-0.29816;496.51
0.17788;-0.23047;613.36
0.16587;-0.23739;615.99
0.18085;-0.24677;588.70
0.64747;-0.43279;124.27
0.65603;-0.42012;124.12
0.63954;-0.41823;133.70
0.67257;-0.44965;105.34
0.65574;-0.44756;114.71
0.66347;-0.46267;105.44
0.66430;-0.43488;114.67
0.68860;-0.48023;86.948
0.67149;-0.47796;96.090
0.67892;-0.49356;87.044
0.68059;-0.46494;96.083
0.69376;-0.52544;69.061
0.70407;-0.51183;68.967
0.68665;-0.50936;77.900
0.69634;-0.49603;77.900
0.70800;-0.55836;51.444
0.71895;-0.54447;51.350
0.70120;-0.54176;60.102
0.71151;-0.52815;60.104
0.72163;-0.59238;34.134
0.73326;-0.57822;34.037
0.71515;-0.57524;42.641
0.72610;-0.56135;42.642
0.72853;-0.60986;25.446
0.73473;-0.62760;17.049
0.74016;-0.59570;25.445
-0.17220;0.32004;503.12
-0.18634;0.32733;485.36
-0.18294;0.31051;507.29
-0.16373;0.28330;555.29
-0.17870;0.29214;532.66
-0.17531;0.27479;557.22
-0.16797;0.30167;528.58
-0.16872;0.23932;610.51
-0.15733;0.24660;611.02
-0.17211;0.25644;584.02
-0.16053;0.26495;582.50
-0.16717;0.22076;638.26
-0.15424;0.20947;669.33
-0.15578;0.22803;639.60
-0.16663;0.20654;659.42
-0.17140;0.19125;675.71
-0.17824;0.18161;680.28
-0.16377;0.17891;704.14
-0.15901;0.19419;687.13
-0.16918;0.16662;714.68
-0.18365;0.16932;689.49
-0.19138;0.15796;692.78
-0.18416;0.14501;721.12
-0.18001;0.12340;756.60
-0.13540;0.26389;604.13
-0.14956;0.27360;579.27
-0.14636;0.25524;608.11
-0.18962;0.34523;463.13
-0.17549;0.33794;479.93
-0.17877;0.35583;457.68
-0.19380;0.36222;442.21
-0.20981;0.53369;276.42
-0.22725;0.54121;264.82
-0.22261;0.52237;281.31
-0.21210;0.55069;262.16
-0.19719;0.37986;421.84
-0.18217;0.37347;436.52
-0.18556;0.39112;416.17
-0.20146;0.39797;401.29
-0.20455;0.41596;382.19
-0.18865;0.40911;396.35
-0.19174;0.42710;377.24
-0.20767;0.43454;363.16
-0.21549;0.48771;312.59
-0.20328;0.49753;308.63
-0.21935;0.50429;297.23
-0.20655;0.51561;292.27
-0.21052;0.45249;345.47
-0.19459;0.44505;358.93
-0.19744;0.46300;341.23
-0.21257;0.47045;328.65
-0.20036;0.48026;324.68
-0.15126;0.34607;484.00
-0.16502;0.35095;470.84
-0.16173;0.33306;493.88
-0.19897;0.56182;257.23
-0.19669;0.54481;271.43
-0.18356;0.55594;266.11
-0.18762;0.57199;252.28
-0.12191;0.72456;153.21
-0.13639;0.72193;153.24
-0.12655;0.70902;163.13
-0.14042;0.70622;163.26
-0.14458;0.69091;173.14
-0.13486;0.67842;183.23
-0.13070;0.69372;173.10
-0.14808;0.67562;183.25
-0.098593;0.71359;163.04
-0.10793;0.72684;153.17
-0.11257;0.71131;163.18
-0.13770;0.66378;193.23
-0.15091;0.66099;193.17
-0.14053;0.64915;203.39
-0.15356;0.64632;203.30
-0.14817;0.62574;219.47
-0.14435;0.63745;211.39
-0.15739;0.63461;211.20
-0.15959;0.61876;222.60
-0.14450;0.61259;230.13
-0.15591;0.60561;233.34
-0.14082;0.59945;241.02
-0.17168;0.56663;260.53
-0.15981;0.57733;254.71
-0.17574;0.58269;246.83
-0.16541;0.59456;239.92
-0.15032;0.58839;247.92
-0.088121;0.74418;143.41
-0.10269;0.74214;143.52
-0.093357;0.72889;153.15
-0.10688;0.77160;124.16
-0.12198;0.76919;124.27
-0.11207;0.75585;133.73
-0.097499;0.75789;133.71
-0.12678;0.79905;105.33
-0.14242;0.79624;105.43
-0.13193;0.78291;114.69
-0.11683;0.78532;114.68
-0.14783;0.82641;86.945
-0.16401;0.82318;87.044
-0.15295;0.80992;96.082
-0.13730;0.81273;96.077
-0.18678;0.84998;69.076
-0.17513;0.83680;77.908
-0.17007;0.85365;68.979
-0.15895;0.84003;77.905
-0.21074;0.87666;51.468
-0.19850;0.86355;60.123
-0.19352;0.88080;51.372
-0.18179;0.86723;60.122
-0.23593;0.90330;34.153
-0.22308;0.89023;42.663
-0.21819;0.90793;34.057
-0.20585;0.89437;42.663
-0.24891;0.91689;25.459
-0.26240;0.92996;17.055
-0.23117;0.92152;25.459
0.093812;-0.21022;730.09
0.10381;-0.22005;702.57
0.11579;-0.21439;701.85
0.080656;-0.20066;761.14
0.14041;-0.21590;674.31
0.15298;-0.22561;646.09
0.15210;-0.20692;675.74
0.16499;-0.21869;643.61
0.17715;-0.20167;653.74
0.16462;-0.20429;665.09
0.17751;-0.21607;633.39
0.12703;-0.19596;722.96
0.12788;-0.21042;696.64
0.13956;-0.20144;699.00
0.11494;-0.19993;729.20
0.63102;-0.40399;143.49
0.64751;-0.40588;133.67
0.63898;-0.39164;143.36
0.62289;-0.39000;153.10
0.60679;-0.38837;162.99
0.61492;-0.40235;153.13
0.59887;-0.40002;163.16
0.58321;-0.39798;173.01
0.59113;-0.38633;172.93
0.57546;-0.38429;183.02
0.56763;-0.39510;183.29
0.42615;-0.42844;250.37
0.43592;-0.41416;252.84
0.41708;-0.41405;264.21
0.44085;-0.43120;240.30
0.45135;-0.42210;239.25
0.49950;-0.41677;213.72
0.48687;-0.41196;223.56
0.49122;-0.42644;213.75
0.47682;-0.42100;224.88
0.46492;-0.40339;241.21
0.46585;-0.41672;233.60
0.47590;-0.40768;232.32
0.45042;-0.40878;247.12
0.53602;-0.41461;193.42
0.54447;-0.40344;193.42
0.52914;-0.40096;203.62
0.52064;-0.41127;203.93
0.50371;-0.39861;220.02
0.50792;-0.41009;211.99
0.51642;-0.39979;211.78
0.49529;-0.40529;221.85
0.55184;-0.39271;193.67
0.55967;-0.38190;193.49
0.54388;-0.37951;204.13
0.53651;-0.39024;203.97
0.23367;-0.30459;475.88
0.24889;-0.29498;473.23
0.23142;-0.28854;494.38
0.24695;-0.31370;456.40
0.26223;-0.31000;448.01
0.34236;-0.38582;329.06
0.32390;-0.38737;339.65
0.33619;-0.40176;321.36
0.35293;-0.40037;312.10
0.37751;-0.38494;307.06
0.35993;-0.38538;318.10
0.37050;-0.39993;301.54
0.38787;-0.39943;291.09
0.41211;-0.38383;285.40
0.39481;-0.38438;296.24
0.40517;-0.39888;280.66
0.42402;-0.39899;268.86
0.28592;-0.29279;444.10
0.26741;-0.29388;458.78
0.28074;-0.30891;434.26
0.29107;-0.32397;413.17
0.30658;-0.32291;402.17
0.29625;-0.30785;422.71
0.29940;-0.33751;395.63
0.30815;-0.35334;376.53
0.32408;-0.35458;364.46
0.31533;-0.33874;382.98
0.31476;-0.37175;357.53
0.33322;-0.37020;346.46
0.19640;-0.25502;563.46
0.20899;-0.24696;560.93
0.19344;-0.23872;586.58
0.21147;-0.26453;538.19
0.23543;-0.26265;517.98
0.22221;-0.25481;539.04
0.22469;-0.27238;517.46
0.24216;-0.27881;495.16
0.19018;-0.20784;629.71
0.19054;-0.22224;610.63
0.20321;-0.21401;606.62
0.20610;-0.23048;583.46
0.67201;-0.39403;124.13
0.65550;-0.39284;133.68
0.66402;-0.40708;124.22
0.64643;-0.37897;143.45
0.66294;-0.38017;133.67
0.65387;-0.36631;143.34
0.68972;-0.42289;105.33
0.67287;-0.42151;114.66
0.68114;-0.43627;105.43
0.68086;-0.40846;114.67
0.70693;-0.45282;86.950
0.68975;-0.45123;96.084
0.69777;-0.46653;87.045
0.69832;-0.43786;96.079
0.72360;-0.48380;68.975
0.70610;-0.48201;77.905
0.71383;-0.49781;69.067
0.71526;-0.46831;77.905
0.72934;-0.53016;51.451
0.73973;-0.51585;51.360
0.72190;-0.51384;60.110
0.73167;-0.49982;60.114
0.74431;-0.56362;34.135
0.75537;-0.54901;34.042
0.73716;-0.54674;42.645
0.74755;-0.53243;42.649
0.75190;-0.58080;25.445
0.75880;-0.59828;17.047
0.76295;-0.56620;25.447
-0.14982;0.29398;551.15
-0.13565;0.28427;574.24
-0.13591;0.30465;545.70
-0.15405;0.31234;524.30
-0.14359;0.32536;513.90
-0.10769;0.27569;605.18
-0.12180;0.29017;574.69
-0.12154;0.26979;605.29
-0.13051;0.22828;663.97
-0.14392;0.23744;636.94
-0.14238;0.21888;667.47
-0.13295;0.24609;633.28
-0.12654;0.19924;717.67
-0.12853;0.21376;690.23
-0.14039;0.20436;693.20
-0.13262;0.19002;726.80
-0.14647;0.19514;701.17
-0.15124;0.17985;719.85
-0.15260;0.16016;749.87
-0.10764;0.25953;631.04
-0.12150;0.25363;630.57
-0.10760;0.24337;658.07
-0.11905;0.23583;661.67
-0.087710;0.25612;649.51
-0.097700;0.26590;626.96
-0.097653;0.24974;654.23
-0.16745;0.36690;451.37
-0.15370;0.36202;463.86
-0.15613;0.37797;444.47
-0.17085;0.38454;430.28
-0.17770;0.52083;296.88
-0.19375;0.52726;286.67
-0.19049;0.50918;302.94
-0.18063;0.53839;281.26
-0.17306;0.40174;411.00
-0.15834;0.39517;424.50
-0.16055;0.41237;405.25
-0.17614;0.41973;391.21
-0.17908;0.43774;372.18
-0.16348;0.43038;385.57
-0.16642;0.44839;366.62
-0.18193;0.45570;353.90
-0.18469;0.47403;335.93
-0.16917;0.46673;348.09
-0.17193;0.48506;330.21
-0.18761;0.49129;319.44
-0.17481;0.50295;313.27
-0.13283;0.36588;469.01
-0.14448;0.37192;456.70
-0.14205;0.35597;476.70
-0.11821;0.34169;505.68
-0.13474;0.34388;495.11
-0.12706;0.32317;525.75
-0.12552;0.35378;487.02
-0.15207;0.54428;283.68
-0.16781;0.55011;274.95
-0.16488;0.53256;290.43
-0.15594;0.56081;268.99
-0.084549;0.71528;163.11
-0.070506;0.71698;162.99
-0.079313;0.73058;153.12
-0.10327;0.69862;172.90
-0.11724;0.69634;172.95
-0.10794;0.68365;182.92
-0.12140;0.68103;183.17
-0.12563;0.66654;192.96
-0.11640;0.65466;202.84
-0.11217;0.66915;192.80
-0.12847;0.65191;203.20
-0.075689;0.70221;172.85
-0.089733;0.70052;172.88
-0.080872;0.68744;182.87
-0.094406;0.68555;182.99
-0.11919;0.63999;213.37
-0.13125;0.63723;213.66
-0.12197;0.62532;224.09
-0.13507;0.62553;221.88
-0.13140;0.61238;232.57
-0.11463;0.59829;246.38
-0.11830;0.61180;235.11
-0.12773;0.59887;243.80
-0.14194;0.57370;261.43
-0.13807;0.55718;275.91
-0.12408;0.57008;267.84
-0.11935;0.58418;257.03
-0.13245;0.58476;254.27
-0.058848;0.74709;143.39
-0.073485;0.74564;143.50
-0.064677;0.73204;153.12
-0.076502;0.77522;124.15
-0.091689;0.77341;124.25
-0.082311;0.75970;133.71
-0.067675;0.76115;133.70
-0.095293;0.80341;105.33
-0.11103;0.80123;105.43
-0.10109;0.78751;114.68
-0.085898;0.78932;114.67
-0.11525;0.83158;86.947
-0.13154;0.82899;87.042
-0.12101;0.81531;96.078
-0.10527;0.81750;96.076
-0.15323;0.85666;69.076
-0.14211;0.84304;77.906
-0.13639;0.85967;68.981
-0.12582;0.84562;77.907
-0.17614;0.88426;51.470
-0.16441;0.87069;60.123
-0.15875;0.88772;51.375
-0.14757;0.87370;60.124
-0.20027;0.91186;34.154
-0.18794;0.89830;42.665
-0.18236;0.91579;34.060
-0.17056;0.90176;42.666
-0.21271;0.92595;25.460
-0.22569;0.93954;17.057
-0.19479;0.92988;25.461
0.18415;-0.19224;657.87
0.19718;-0.19840;633.25
0.19115;-0.18280;661.08
0.17625;-0.17848;687.43
0.16135;-0.17415;714.78
0.16925;-0.18791;683.36
0.15672;-0.19053;695.67
0.11907;-0.18113;759.99
0.13282;-0.18646;732.86
0.14535;-0.19193;707.81
0.14998;-0.17555;728.60
0.63029;-0.37802;153.07
0.63774;-0.36536;153.06
0.62160;-0.36441;162.92
0.61419;-0.37639;163.05
0.59856;-0.37505;172.80
0.60597;-0.36307;172.76
0.59034;-0.36174;182.75
0.58290;-0.37302;182.98
0.63541;-0.33978;162.91
0.62851;-0.35209;163.01
0.64464;-0.35304;153.05
0.56819;-0.37142;192.57
0.57562;-0.36014;192.43
0.56091;-0.35854;202.26
0.55240;-0.36902;203.30
0.43032;-0.38056;275.53
0.44223;-0.39573;259.38
0.44853;-0.37730;265.55
0.45673;-0.39035;253.25
0.49227;-0.39148;230.48
0.48084;-0.38436;241.17
0.48385;-0.39816;232.34
0.47288;-0.39388;241.30
0.46468;-0.38083;253.25
0.52801;-0.37587;215.56
0.51213;-0.37223;227.21
0.52063;-0.38660;215.30
0.50792;-0.38542;223.71
0.49648;-0.37829;234.28
0.53625;-0.35552;219.21
0.54007;-0.36751;211.65
0.54858;-0.35703;210.68
0.52419;-0.36388;223.31
0.25054;-0.26124;505.13
0.25727;-0.27740;483.13
0.26565;-0.25982;492.08
0.27579;-0.27631;467.54
0.35830;-0.35506;340.16
0.34119;-0.35482;352.31
0.35033;-0.37044;334.84
0.36790;-0.37000;323.35
0.39096;-0.35710;316.05
0.37463;-0.35608;328.06
0.38423;-0.37102;311.72
0.40154;-0.37046;300.50
0.42153;-0.35552;295.87
0.40624;-0.35631;305.95
0.41682;-0.36967;290.76
0.43503;-0.36641;280.48
0.29906;-0.26198;458.47
0.28236;-0.26090;475.18
0.29249;-0.27739;451.61
0.30286;-0.29241;430.04
0.31980;-0.29203;415.97
0.30943;-0.27701;436.79
0.31319;-0.30747;409.34
0.32307;-0.32275;389.61
0.33957;-0.32258;377.03
0.32969;-0.30731;396.14
0.33182;-0.33858;371.01
0.34893;-0.33882;358.28
0.22431;-0.23822;555.31
0.23963;-0.22948;548.39
0.22142;-0.22174;576.79
0.23753;-0.24607;533.32
0.25264;-0.24465;519.45
0.21382;-0.20333;606.70
0.22443;-0.19266;605.50
0.20779;-0.18773;632.69
0.23203;-0.21107;576.31
0.19918;-0.17211;663.44
0.21582;-0.17704;634.27
0.20721;-0.16142;664.52
0.66081;-0.35334;143.43
0.66775;-0.34037;143.34
0.65158;-0.34007;153.05
0.68697;-0.36737;124.12
0.67042;-0.36684;133.66
0.67949;-0.38070;124.22
0.67736;-0.35387;133.66
0.70575;-0.39546;105.36
0.68888;-0.39475;114.68
0.69774;-0.40918;105.44
0.69636;-0.38141;114.68
0.72416;-0.42470;86.957
0.70694;-0.42380;96.083
0.71554;-0.43876;87.049
0.71496;-0.41008;96.096
0.74202;-0.45500;68.985
0.72448;-0.45391;77.910
0.73281;-0.46940;69.076
0.73309;-0.43985;77.913
0.74956;-0.50112;51.463
0.75939;-0.48640;51.373
0.74149;-0.48510;60.121
0.75071;-0.47070;60.125
0.76584;-0.53398;34.143
0.77631;-0.51894;34.054
0.75802;-0.51739;42.656
0.76785;-0.50267;42.662
0.77410;-0.55085;25.449
0.78169;-0.56804;17.049
0.78457;-0.53582;25.455
-0.10108;0.31181;554.42
-0.11849;0.30823;550.75
-0.10438;0.29375;579.37
-0.10965;0.32675;529.48
-0.082722;0.26949;629.38
-0.077733;0.28287;609.59
-0.092711;0.27928;608.05
-0.089407;0.29734;581.37
-0.11624;0.21770;695.52
-0.10478;0.22524;692.23
-0.11425;0.20318;723.88
-0.11883;0.18277;757.15
-0.082687;0.22717;705.78
-0.095141;0.23527;681.62
-0.092326;0.21714;717.83
-0.085199;0.24164;676.86
-0.074866;0.25395;660.57
-0.062022;0.25179;670.89
-0.069877;0.26733;639.34
-0.072355;0.23948;688.74
-0.13036;0.38117;451.94
-0.12790;0.39646;435.27
-0.14201;0.38721;440.24
-0.14422;0.40441;420.25
-0.14619;0.50864;316.30
-0.16195;0.51474;306.64
-0.15906;0.49685;323.43
-0.14913;0.52646;299.72
-0.14805;0.42277;399.20
-0.13172;0.41481;413.51
-0.13555;0.43316;392.65
-0.15098;0.44078;379.63
-0.15348;0.46017;359.59
-0.13804;0.45256;371.98
-0.14053;0.47196;352.12
-0.15623;0.47851;341.21
-0.14336;0.49030;333.89
-0.12086;0.36815;471.27
-0.11355;0.35605;489.23
-0.10888;0.37042;473.05
-0.11839;0.38344;453.85
-0.10460;0.34343;509.20
-0.096038;0.32849;532.97
-0.090997;0.34517;512.04
-0.099939;0.35779;492.22
-0.12105;0.53288;300.38
-0.13656;0.53858;292.11
-0.13362;0.52076;308.47
-0.12257;0.55148;283.85
-0.056405;0.71808;163.08
-0.042304;0.71919;162.99
-0.050576;0.73314;153.12
-0.048159;0.70472;172.79
-0.062260;0.70362;172.79
-0.054015;0.69026;182.74
-0.067443;0.68885;182.90
-0.085122;0.67284;193.02
-0.098656;0.67094;193.05
-0.089372;0.65824;203.33
-0.10289;0.65645;203.19
-0.099984;0.63637;218.60
-0.094678;0.64730;210.93
-0.10819;0.64551;210.69
-0.11098;0.63084;221.42
-0.072829;0.67468;192.72
-0.064786;0.66193;202.72
-0.059401;0.67609;192.65
-0.077079;0.66008;203.11
-0.097854;0.62432;228.13
-0.10884;0.61880;231.01
-0.095723;0.61227;237.85
-0.10518;0.60528;242.17
-0.10495;0.59079;253.88
-0.10967;0.57669;264.78
-0.095270;0.58330;261.40
-0.095496;0.59779;249.49
-0.095919;0.55284;287.23
-0.11000;0.56146;277.55
-0.10849;0.54286;293.93
-0.095594;0.56807;274.16
-0.029500;0.74881;143.40
-0.044174;0.74795;143.49
-0.035902;0.73400;153.12
-0.046018;0.77761;124.16
-0.061260;0.77642;124.25
-0.052433;0.76235;133.71
-0.037759;0.76321;133.71
-0.063668;0.80652;105.34
-0.079481;0.80497;105.43
-0.070085;0.79087;114.68
-0.054843;0.79207;114.68
-0.082483;0.83545;86.955
-0.098865;0.83351;87.047
-0.088888;0.81943;96.081
-0.073075;0.82099;96.085
-0.11945;0.86201;69.080
-0.10887;0.84797;77.910
-0.10250;0.86436;68.987
-0.092491;0.84990;77.914
-0.14125;0.89050;51.473
-0.13007;0.87647;60.126
-0.12374;0.89327;51.379
-0.11312;0.87881;60.129
-0.16429;0.91902;34.157
-0.15249;0.90498;42.667
-0.14623;0.92225;34.062
-0.13499;0.90776;42.669
-0.17618;0.93359;25.462
-0.18861;0.94768;17.059
-0.15811;0.93681;25.463
0.16723;-0.16349;722.23
0.18213;-0.16781;693.77
0.19016;-0.15712;695.74
0.15139;-0.15779;755.64
0.19329;-0.13623;716.73
0.18320;-0.14453;723.34
0.20025;-0.14883;690.08
0.64184;-0.32715;163.01
0.65801;-0.32745;153.05
0.64828;-0.31452;162.91
0.61277;-0.35147;172.76
0.61968;-0.33915;172.75
0.60395;-0.33853;182.75
0.59714;-0.35013;182.85
0.58160;-0.34929;192.85
0.58841;-0.33768;192.86
0.57287;-0.33683;203.12
0.56689;-0.34769;202.77
0.62609;-0.32710;172.78
0.63252;-0.31447;172.78
0.61676;-0.31442;182.80
0.61035;-0.32647;182.87
0.55945;-0.33509;212.50
0.54603;-0.33335;222.03
0.55347;-0.34595;212.07
0.54114;-0.34444;220.70
0.44714;-0.34760;282.60
0.43434;-0.35156;289.29
0.44784;-0.36245;274.09
0.46220;-0.34994;271.00
0.46290;-0.36479;262.81
0.47727;-0.35227;259.59
0.47905;-0.36832;250.39
0.49470;-0.36225;243.14
0.52492;-0.34489;231.17
0.51360;-0.33426;243.43
0.51286;-0.35325;235.42
0.52982;-0.33381;232.67
0.49543;-0.34327;251.66
0.27815;-0.23131;505.41
0.25889;-0.23039;526.74
0.27190;-0.24556;499.10
0.28860;-0.24665;481.43
0.43285;-0.33264;300.88
0.42719;-0.34408;298.50
0.44000;-0.34012;291.66
0.37512;-0.32292;349.57
0.35735;-0.32275;363.26
0.36671;-0.33899;345.15
0.38304;-0.34001;332.58
0.40806;-0.32755;321.94
0.39159;-0.32524;335.63
0.39951;-0.34233;319.24
0.41480;-0.34153;308.77
0.42046;-0.33009;311.33
0.31194;-0.23403;468.08
0.29504;-0.23267;486.55
0.30550;-0.24801;463.61
0.31594;-0.26202;442.63
0.33283;-0.26206;426.95
0.32238;-0.24805;447.12
0.32632;-0.27705;421.76
0.33725;-0.29180;401.40
0.35469;-0.29156;386.92
0.34376;-0.27681;406.56
0.34713;-0.30707;382.27
0.36491;-0.30724;367.92
0.25898;-0.19838;556.79
0.24171;-0.19552;580.75
0.24931;-0.21393;553.33
0.26857;-0.21484;530.53
0.23916;-0.16901;610.44
0.22319;-0.16522;636.88
0.23179;-0.18083;608.52
0.24907;-0.18369;582.99
0.20770;-0.13562;692.95
0.21466;-0.14822;667.94
0.22211;-0.13502;669.72
0.23064;-0.15201;639.50
0.68057;-0.31389;143.35
0.66442;-0.31420;153.06
0.67416;-0.32713;143.44
0.70085;-0.34013;124.13
0.68430;-0.34025;133.66
0.69391;-0.35375;124.22
0.69071;-0.32701;133.67
0.71329;-0.38148;105.42
0.72082;-0.36751;105.29
0.70390;-0.36744;114.64
0.71083;-0.35382;114.64
0.74028;-0.39594;86.955
0.72302;-0.39570;96.095
0.73222;-0.41032;87.052
0.73055;-0.38172;96.064
0.75931;-0.42550;68.991
0.74174;-0.42510;77.917
0.75067;-0.44025;69.084
0.74980;-0.41072;77.916
0.76864;-0.47129;51.475
0.77789;-0.45619;51.384
0.75996;-0.45559;60.131
0.76860;-0.44084;60.134
0.78618;-0.50350;34.156
0.79606;-0.48805;34.067
0.77773;-0.48723;42.669
0.78698;-0.47212;42.674
0.79510;-0.52005;25.459
0.80336;-0.53692;17.055
0.80498;-0.50460;25.465
-0.070979;0.31741;558.29
-0.086030;0.31461;556.90
-0.074356;0.30014;583.42
-0.080988;0.33129;534.72
-0.063996;0.28538;611.10
-0.056141;0.26984;640.59
-0.050260;0.28789;611.48
-0.060619;0.30265;584.32
-0.033259;0.25972;666.08
-0.041759;0.27380;638.16
-0.047640;0.25576;669.29
-0.079612;0.20597;750.76
-0.070701;0.22362;720.82
-0.060368;0.23593;702.11
-0.040934;0.23042;721.90
-0.051478;0.24111;696.01
-0.049824;0.22525;729.03
-0.037096;0.24507;693.35
-0.10109;0.39497;445.98
-0.11449;0.39572;440.83
-0.10498;0.38270;459.41
-0.10375;0.40926;428.61
-0.10642;0.42354;411.82
-0.11716;0.41000;423.68
-0.12098;0.42835;402.34
-0.11386;0.49684;334.97
-0.13003;0.50274;325.73
-0.12720;0.48440;343.73
-0.11746;0.51486;317.37
-0.10784;0.44159;391.89
-0.10926;0.45964;372.72
-0.12240;0.44640;382.89
-0.12490;0.46580;362.51
-0.11156;0.47824;353.49
-0.096024;0.37396;473.05
-0.087082;0.36133;491.96
-0.083167;0.37750;472.45
-0.092127;0.38624;459.11
-0.077328;0.34867;511.79
-0.067319;0.33479;534.06
-0.063660;0.35218;510.76
-0.073413;0.36484;491.33
-0.028194;0.71971;163.11
-0.014084;0.72023;163.03
-0.021792;0.73452;153.14
-0.090024;0.52221;315.66
-0.10554;0.52754;308.14
-0.10194;0.50952;325.41
-0.092972;0.53752;301.25
-0.020452;0.70589;172.92
-0.034562;0.70537;172.90
-0.026819;0.69155;182.96
-0.040417;0.69090;182.95
-0.032456;0.67748;192.98
-0.046053;0.67683;192.87
-0.038092;0.66340;203.17
-0.051439;0.66266;203.04
-0.081218;0.64504;214.03
-0.073065;0.63183;224.92
-0.068925;0.64688;213.72
-0.086524;0.63410;221.85
-0.084394;0.62205;231.44
-0.048989;0.64287;218.18
-0.043541;0.65313;210.64
-0.056888;0.65240;210.42
-0.061027;0.63735;221.63
-0.082745;0.60537;244.89
-0.069767;0.59846;251.84
-0.071416;0.61514;238.20
-0.082518;0.59088;256.73
-0.071505;0.56787;277.37
-0.083387;0.57558;269.40
-0.083712;0.56035;282.41
-0.070636;0.58316;264.45
-0.073216;0.54279;299.24
-0.084567;0.54782;293.29
-0.081620;0.53250;307.47
-0.072361;0.55533;288.19
-1.2794E-4;0.74939;143.40
-0.014814;0.74910;143.49
-0.0071060;0.73481;153.14
1.2057E-5;0.72025;163.11
0.014108;0.72027;163.01
0.0069901;0.73483;153.13
-0.015481;0.77881;124.17
-0.030749;0.77821;124.26
-0.022490;0.76381;133.71
-0.0078043;0.76410;133.71
-0.031962;0.80838;105.35
-0.047815;0.80745;105.44
-0.038990;0.79300;114.69
-0.023721;0.79359;114.69
-0.049608;0.83802;86.968
-0.066045;0.83674;87.058
-0.056638;0.82227;96.091
-0.040785;0.82320;96.098
-0.085479;0.86603;69.087
-0.075471;0.85158;77.918
-0.068459;0.86770;68.995
-0.059034;0.85286;77.924
-0.10614;0.89535;51.477
-0.095521;0.88090;60.131
-0.088544;0.89743;51.383
-0.078502;0.88257;60.135
-0.12806;0.92476;34.160
-0.11681;0.91027;42.671
-0.10988;0.92728;34.065
-0.099213;0.91236;42.672
-0.13936;0.93978;25.465
-0.15125;0.95435;17.060
-0.12119;0.94230;25.466
0.19537;-0.12512;726.22
0.20979;-0.12451;701.26
0.17979;-0.12367;756.65
0.21956;-0.10278;704.40
0.20851;-0.10839;719.84
0.22084;-0.11890;687.48
0.65420;-0.30165;163.02
0.67035;-0.30133;153.07
0.66013;-0.28877;162.93
0.64449;-0.28930;172.74
0.62886;-0.28983;182.70
0.63857;-0.30217;172.73
0.62281;-0.30212;182.85
0.59506;-0.32622;192.72
0.60146;-0.31417;192.75
0.58616;-0.31391;202.84
0.57952;-0.32537;203.08
0.56072;-0.31675;218.74
0.56680;-0.32679;210.88
0.57344;-0.31533;210.76
0.55338;-0.32505;220.45
0.60732;-0.30219;192.91
0.61337;-0.28989;192.85
0.59788;-0.28996;203.17
0.59202;-0.30194;203.11
0.54872;-0.31159;228.86
0.53673;-0.30642;239.19
0.54138;-0.31988;230.59
0.52516;-0.32034;241.52
0.45231;-0.33623;285.03
0.45748;-0.32487;287.24
0.44517;-0.32875;294.10
0.46737;-0.33857;273.24
0.47105;-0.32002;279.87
0.48094;-0.33373;266.17
0.48462;-0.31518;272.40
0.49911;-0.32472;257.71
0.50887;-0.30180;260.90
0.49674;-0.30849;266.72
0.51123;-0.31803;252.19
0.52280;-0.30411;249.94
0.29291;-0.20473;511.48
0.27595;-0.20155;533.74
0.28553;-0.21802;508.87
0.30243;-0.21938;489.38
0.43220;-0.32004;308.32
0.43156;-0.30744;315.70
0.41981;-0.31750;319.01
0.44452;-0.31615;301.27
0.32571;-0.20932;471.66
0.30931;-0.20703;491.27
0.31882;-0.22168;470.20
0.38617;-0.30665;351.44
0.39722;-0.29037;352.52
0.37596;-0.29096;369.62
0.40264;-0.30896;337.12
0.41439;-0.29891;333.78
0.33473;-0.22177;453.56
0.32785;-0.23413;451.91
0.34376;-0.23422;436.00
0.33830;-0.24814;431.75
0.35574;-0.24637;416.37
0.35027;-0.26029;412.17
0.36772;-0.25852;397.46
0.36120;-0.27504;392.51
0.38247;-0.27445;374.51
0.26675;-0.18658;557.86
0.27452;-0.17479;557.99
0.25684;-0.17190;583.67
0.28372;-0.18976;534.31
0.25533;-0.14593;608.35
0.23872;-0.14047;638.14
0.24725;-0.15747;609.97
0.26492;-0.16036;582.68
0.24338;-0.11977;648.53
0.23274;-0.12739;659.50
0.24935;-0.13285;628.27
0.23147;-0.11127;675.70
0.69231;-0.28693;143.39
0.67622;-0.28785;153.08
0.68644;-0.30041;143.47
0.66550;-0.27572;163.05
0.68159;-0.27480;153.11
0.67087;-0.26266;162.98
0.71361;-0.31237;124.15
0.69709;-0.31313;133.68
0.70723;-0.32625;124.23
0.70296;-0.29965;133.70
0.73462;-0.33892;105.34
0.71773;-0.33952;114.67
0.72772;-0.35321;105.41
0.72412;-0.32564;114.68
0.75524;-0.36657;86.962
0.73803;-0.36704;96.067
0.74776;-0.38125;87.055
0.74493;-0.35274;96.089
0.77543;-0.39534;68.998
0.75785;-0.39564;77.919
0.76737;-0.41042;69.090
0.76533;-0.38096;77.923
0.78655;-0.44073;51.484
0.79520;-0.42527;51.391
0.77726;-0.42538;60.137
0.78531;-0.41031;60.140
0.80533;-0.47222;34.167
0.81460;-0.45640;34.076
0.79625;-0.45629;42.679
0.80490;-0.44083;42.682
0.81489;-0.48842;25.470
0.82381;-0.50496;17.063
0.82416;-0.47259;25.474
-0.056560;0.32096;557.29
-0.046201;0.30620;582.70
-0.042141;0.32451;555.27
-0.052900;0.33834;532.67
-0.036579;0.29184;608.28
-0.028079;0.27776;634.22
-0.022898;0.29580;603.98
-0.032520;0.31015;579.20
-0.0069925;0.26449;660.90
-0.014945;0.28015;631.78
-0.020126;0.26211;664.12
-0.024853;0.24382;698.95
-0.011719;0.24621;696.12
-0.028690;0.22917;728.45
-0.039976;0.21329;759.44
-0.090382;0.40114;441.74
-0.081421;0.39240;454.51
-0.079675;0.40731;437.13
-0.093048;0.41542;424.49
-0.092281;0.43269;405.36
-0.078908;0.42457;417.39
-0.078141;0.44183;398.36
-0.093701;0.45073;385.59
-0.092681;0.47269;363.09
-0.077121;0.46378;375.14
-0.076101;0.48573;352.90
-0.094981;0.49129;344.16
-0.083063;0.50397;333.95
-0.070272;0.38152;470.67
-0.060519;0.36886;489.14
-0.057378;0.38555;468.31
-0.068526;0.39643;452.60
-0.050022;0.35680;507.43
-0.039262;0.34296;528.69
-0.036384;0.36142;503.37
-0.046881;0.37348;485.67
0.0071704;0.70610;172.95
-0.0069257;0.70608;172.97
2.3266E-4;0.69193;183.06
-0.013293;0.69174;183.10
0.027199;0.69159;182.92
0.020654;0.70593;172.88
0.013716;0.69176;183.08
-0.059236;0.52025;321.61
-0.074630;0.52123;318.83
-0.067669;0.50299;337.12
-0.066226;0.53152;310.32
-0.0062105;0.67810;193.07
-0.019736;0.67791;193.02
-0.012654;0.66428;203.24
-0.025373;0.66384;203.29
-0.032151;0.65110;212.68
-0.026210;0.63879;222.36
-0.019432;0.65153;212.74
-0.037600;0.64083;220.34
-0.046086;0.62821;229.75
-0.043182;0.61355;241.59
-0.034696;0.62617;231.93
-0.058123;0.62269;233.31
-0.056474;0.60600;246.82
-0.057541;0.58924;260.55
-0.045315;0.58002;269.24
-0.044248;0.59678;255.22
-0.058410;0.57394;273.42
-0.061500;0.54616;297.52
-0.054510;0.53489;308.45
-0.049783;0.54953;295.56
-0.060644;0.55870;286.46
-0.047549;0.56477;282.24
0.028193;0.71981;163.04
0.034738;0.70547;172.82
0.042278;0.71935;162.88
0.029232;0.74886;143.38
0.014552;0.74913;143.48
0.021670;0.73457;153.12
0.035755;0.73410;153.06
0.015063;0.77881;124.17
-2.0860E-4;0.77881;124.26
0.0074677;0.76410;133.72
0.022148;0.76383;133.70
-2.3340E-4;0.80899;105.36
-0.016098;0.80868;105.45
-0.0078570;0.79390;114.70
0.0074150;0.79390;114.70
-0.016691;0.83930;86.980
-0.033149;0.83866;87.070
-0.024326;0.82384;96.104
-0.0084620;0.82415;96.111
-0.051403;0.86871;69.094
-0.041978;0.85387;77.928
-0.034347;0.86971;69.002
-0.025519;0.85451;77.933
-0.070889;0.89882;51.480
-0.060847;0.88396;60.136
-0.053234;0.90021;51.386
-0.043790;0.88496;60.140
-0.091628;0.92907;34.162
-0.080959;0.91415;42.673
-0.073375;0.93087;34.067
-0.063304;0.91554;42.675
-0.10234;0.94453;25.467
-0.11365;0.95955;17.062
-0.084085;0.94633;25.467
0.20217;-0.089657;750.02
0.21978;-0.089274;715.17
0.23407;-0.099645;680.42
0.24858;-0.096512;657.03
0.23429;-0.086141;689.84
0.24598;-0.10814;653.23
0.65532;-0.26370;172.78
0.63977;-0.26474;182.73
0.64995;-0.27676;172.76
0.63431;-0.27728;182.81
0.62468;-0.26516;192.71
0.60959;-0.26557;202.84
0.61922;-0.27770;192.69
0.60374;-0.27777;203.11
0.64458;-0.25221;182.89
0.66013;-0.25117;172.84
0.64939;-0.23967;182.86
0.58110;-0.28846;215.08
0.56432;-0.28696;227.23
0.57524;-0.30043;214.91
0.56252;-0.30185;223.08
0.55052;-0.29669;233.32
0.58570;-0.26724;218.90
0.59179;-0.27860;211.01
0.59765;-0.26640;210.83
0.57501;-0.27710;223.16
0.51703;-0.28680;261.22
0.53096;-0.28911;250.15
0.52519;-0.27180;261.13
0.54475;-0.27938;243.90
0.44551;-0.30051;308.70
0.45847;-0.30922;294.46
0.45946;-0.29358;301.49
0.47204;-0.30438;286.74
0.49872;-0.29131;272.86
0.50688;-0.27631;273.09
0.48857;-0.28082;285.09
0.47401;-0.28720;293.36
0.48659;-0.29800;278.90
0.30818;-0.18054;511.75
0.29135;-0.17767;534.42
0.30055;-0.19263;512.01
0.31694;-0.19493;491.41
0.43072;-0.27251;335.00
0.41397;-0.28144;343.96
0.43114;-0.28998;325.44
0.44509;-0.28305;317.96
0.33899;-0.18554;472.60
0.32358;-0.18304;491.84
0.33235;-0.19743;472.44
0.35110;-0.20891;444.94
0.34504;-0.19723;458.66
0.33840;-0.20912;458.20
0.34743;-0.22157;440.68
0.40187;-0.24819;372.84
0.38479;-0.25336;385.22
0.39954;-0.26928;362.95
0.41629;-0.26035;353.57
0.36345;-0.21680;427.44
0.35978;-0.22946;423.31
0.37580;-0.22469;410.52
0.37176;-0.24161;404.29
0.38883;-0.23644;391.34
0.28349;-0.16253;555.97
0.29245;-0.15026;552.90
0.27389;-0.14809;579.97
0.30032;-0.16540;532.09
0.25732;-0.11973;626.03
0.27127;-0.11969;604.30
0.25992;-0.10810;630.09
0.26330;-0.13281;606.98
0.28186;-0.13497;578.15
0.68055;-0.23622;163.03
0.66497;-0.23795;172.87
0.67571;-0.24944;163.10
0.70296;-0.25958;143.43
0.68691;-0.26112;153.13
0.69763;-0.27326;143.50
0.69175;-0.24790;153.16
0.72526;-0.28414;124.18
0.70879;-0.28554;133.71
0.71944;-0.29825;124.26
0.71411;-0.27186;133.73
0.74732;-0.30984;105.36
0.73046;-0.31110;114.69
0.74097;-0.32438;105.44
0.73629;-0.29699;114.70
0.76897;-0.33663;87.004
0.75180;-0.33777;96.110
0.76210;-0.35160;87.079
0.75814;-0.32324;96.119
0.79033;-0.36460;69.010
0.77278;-0.36558;77.929
0.78288;-0.37997;69.099
0.77965;-0.35062;77.949
0.80324;-0.40949;51.490
0.81128;-0.39371;51.397
0.79335;-0.39453;60.143
0.80080;-0.37915;60.149
0.82325;-0.44022;34.174
0.83190;-0.42404;34.080
0.81355;-0.42466;42.684
0.82159;-0.40888;42.687
0.83344;-0.45602;25.476
0.84299;-0.47222;17.069
0.84208;-0.43985;25.478
-0.025403;0.32843;551.96
-0.015782;0.31408;575.03
-0.0086655;0.33236;547.37
-0.022525;0.34689;525.23
0.0088530;0.23831;712.57
9.3026E-4;0.25140;686.30
-0.0037966;0.23312;723.78
0.0054770;0.29598;605.07
-0.0087107;0.29589;605.09
-7.5776E-4;0.28024;632.33
-0.0015942;0.31417;575.51
0.0046595;0.26683;656.62
0.012582;0.25374;681.09
0.016311;0.26918;651.44
0.010894;0.28258;627.82
0.0044265;0.21915;754.44
0.018383;0.23118;726.41
-0.065838;0.41336;432.91
-0.054689;0.40248;447.84
-0.052001;0.41941;428.12
-0.065071;0.43062;413.19
-0.061765;0.44860;393.80
-0.048695;0.43738;407.99
-0.045389;0.45536;388.57
-0.060745;0.47055;370.61
-0.038050;0.49298;350.09
-0.057076;0.48936;351.88
-0.041720;0.47417;368.99
-0.048643;0.50661;335.73
-0.043378;0.39051;464.35
-0.032881;0.37845;481.12
-0.029378;0.39547;459.75
-0.040690;0.40744;443.83
-0.021542;0.36914;494.52
-0.0076830;0.35461;515.21
-0.0067006;0.37686;485.00
-0.018039;0.38617;472.41
0.054171;0.69076;182.38
0.048224;0.70505;172.56
0.040685;0.69117;182.74
0.020432;0.67758;193.24
0.0069490;0.67775;193.32
0.013665;0.66358;203.75
5.0583E-4;0.66393;203.59
0.032983;0.67759;192.87
0.038767;0.66360;202.99
0.046469;0.67718;192.60
0.026216;0.66359;203.46
-0.043827;0.52353;319.95
-0.033234;0.50989;333.75
-0.028418;0.52681;317.85
-0.039101;0.53817;306.67
0.0073548;0.65009;214.03
-0.0058046;0.65044;213.77
0.0010444;0.63661;224.47
-0.012583;0.63770;223.53
-0.014080;0.61743;239.55
-0.0065179;0.62702;231.99
-0.020145;0.62811;230.90
-0.028631;0.61549;240.71
-0.030954;0.58569;265.22
-0.016592;0.59135;260.93
-0.029887;0.60245;251.28
-0.015336;0.60439;250.13
-0.035429;0.55445;292.15
-0.024747;0.54309;302.94
-0.021075;0.55937;288.42
-0.033195;0.56969;278.84
-0.018834;0.57536;274.49
0.056356;0.71828;162.95
0.062303;0.70399;172.53
0.070434;0.71722;162.83
0.058558;0.74717;143.36
0.043895;0.74801;143.46
0.050418;0.73326;153.05
0.064496;0.73219;153.02
0.045584;0.77761;124.18
0.030324;0.77821;124.27
0.037408;0.76323;133.71
0.052071;0.76239;133.70
0.031484;0.80836;105.38
0.015626;0.80867;105.46
0.023274;0.79358;114.71
0.038534;0.79298;114.71
0.016230;0.83929;86.990
-2.3024E-4;0.83930;87.081
0.0079983;0.82414;96.116
0.023857;0.82383;96.122
-0.017279;0.87004;69.101
-0.0084511;0.85484;77.937
-2.1176E-4;0.87038;69.008
0.0080091;0.85484;77.942
-0.035552;0.90091;51.483
-0.026109;0.88566;60.141
-0.017871;0.90161;51.388
-0.0090413;0.88599;60.144
-0.055075;0.93195;34.163
-0.045005;0.91662;42.675
-0.036776;0.93304;34.067
-0.027323;0.91732;42.676
-0.065166;0.94782;25.467
-0.075876;0.96327;17.062
-0.046867;0.94890;25.467
0.23079;-0.051739;716.65
0.21347;-0.045379;756.61
0.22539;-0.063755;721.47
0.22859;-0.040946;725.72
0.25418;-0.069901;662.72
0.23709;-0.072836;693.03
0.25138;-0.083206;660.51
0.24248;-0.060820;689.09
0.27717;-0.10546;604.19
0.28308;-0.091236;602.75
0.26583;-0.093874;629.36
0.26863;-0.080568;631.95
0.63466;-0.24100;192.52
0.61992;-0.24232;202.34
0.62984;-0.25353;192.46
0.61476;-0.25395;202.68
0.60028;-0.25514;212.41
0.60544;-0.24351;212.16
0.59096;-0.24471;222.13
0.58833;-0.25597;220.59
0.65831;-0.21413;182.82
0.65385;-0.22690;182.93
0.66943;-0.22518;172.85
0.63890;-0.22911;192.62
0.64336;-0.21634;192.61
0.62841;-0.21855;202.54
0.62417;-0.23044;202.53
0.57308;-0.25797;230.88
0.56045;-0.24870;243.14
0.56239;-0.26783;235.29
0.57571;-0.24671;232.56
0.54282;-0.26025;252.28
0.52547;-0.23145;275.77
0.52533;-0.25163;268.64
0.54296;-0.24008;259.19
0.50941;-0.23882;285.89
0.49335;-0.24619;295.93
0.50927;-0.25899;278.24
0.49096;-0.26350;290.70
0.47739;-0.25246;306.26
0.46142;-0.25874;316.50
0.47500;-0.26978;300.56
0.44607;-0.26563;325.84
0.46044;-0.27616;309.14
0.32450;-0.15859;506.20
0.30848;-0.15442;529.02
0.31634;-0.16956;509.32
0.33174;-0.17207;489.25
0.43238;-0.23577;352.07
0.41713;-0.24198;362.52
0.43155;-0.25414;343.72
0.44690;-0.24726;333.98
0.35295;-0.16505;468.50
0.33873;-0.16182;487.01
0.34597;-0.17530;470.80
0.36210;-0.17792;451.20
0.35511;-0.18816;453.13
0.37124;-0.19078;434.31
0.36117;-0.19985;439.84
0.37352;-0.20774;422.53
0.38897;-0.21798;401.49
0.40213;-0.21126;392.24
0.38669;-0.20102;412.83
0.40200;-0.22973;382.74
0.41726;-0.22352;371.76
0.29177;-0.12047;573.17
0.31227;-0.12125;543.64
0.29767;-0.10624;572.53
0.30236;-0.13575;548.92
0.31838;-0.13992;525.01
0.68913;-0.20937;163.13
0.67372;-0.21175;172.90
0.68484;-0.22279;163.17
0.71250;-0.23184;143.48
0.69652;-0.23403;153.18
0.70773;-0.24571;143.55
0.70082;-0.22061;153.23
0.73579;-0.25549;124.21
0.71938;-0.25753;133.75
0.73053;-0.26982;124.29
0.72415;-0.24367;133.78
0.75886;-0.28031;105.37
0.74206;-0.28222;114.71
0.75309;-0.29507;105.46
0.74733;-0.26790;114.73
0.77531;-0.32145;87.075
0.78165;-0.30626;86.955
0.76448;-0.30805;96.094
0.77026;-0.29328;96.101
0.79717;-0.34895;69.108
0.80401;-0.33331;69.014
0.78649;-0.33497;77.952
0.79283;-0.31979;77.928
0.81869;-0.37764;51.495
0.82610;-0.36156;51.402
0.80821;-0.36308;60.152
0.81506;-0.34744;60.154
0.83990;-0.40754;34.176
0.84790;-0.39105;34.081
0.82959;-0.39238;42.688
0.83700;-0.37630;42.690
0.85070;-0.42294;25.478
0.86088;-0.43874;17.072
0.85870;-0.40644;25.479
0.022223;0.36024;506.56
0.0077613;0.36855;496.05
0.0067789;0.34630;527.03
0.027098;0.32650;554.67
0.0092163;0.32943;551.75
0.016287;0.31124;579.49
0.024661;0.34337;530.06
0.033224;0.23974;705.20
0.038535;0.25541;672.85
0.023694;0.24686;693.09
0.027423;0.26229;662.52
0.025964;0.28041;629.90
0.035616;0.29164;608.83
0.020546;0.29381;607.60
0.037075;0.27352;639.86
0.031357;0.30907;581.10
0.049609;0.22862;722.09
0.044072;0.24201;697.11
0.038761;0.22634;731.31
0.044313;0.21239;759.53
-0.037033;0.42512;423.30
-0.025722;0.41316;438.41
-0.022065;0.43084;417.89
-0.033727;0.44310;403.16
-0.029590;0.46084;384.06
-0.017929;0.44858;398.09
-0.013792;0.46632;378.99
-0.025921;0.47965;364.47
-0.021786;0.49746;346.59
-0.0096566;0.48413;360.47
-0.0055210;0.50195;342.58
-0.016970;0.51438;330.18
-0.0032594;0.39253;464.82
1.8185E-4;0.40820;445.38
-0.014598;0.40184;452.86
-0.010942;0.41952;431.61
0.017088;0.38855;469.42
0.0051937;0.38270;477.39
0.019656;0.37439;487.66
0.0086349;0.39837;457.37
0.067740;0.68928;182.58
0.081308;0.68779;182.59
0.075871;0.70251;172.63
0.073362;0.67512;192.37
0.059794;0.67660;192.26
0.065416;0.66244;202.30
0.052092;0.66302;202.74
0.019564;0.64956;214.24
0.025463;0.63554;224.91
0.032115;0.64957;213.85
0.013254;0.63607;224.79
0.051367;0.64238;218.41
0.058392;0.65241;210.31
0.045067;0.65299;210.67
0.038415;0.63896;221.75
-0.012666;0.53177;313.78
-0.0012168;0.51934;325.67
0.0030874;0.53673;309.30
-0.0089939;0.54805;298.87
0.020006;0.62112;236.46
0.0077973;0.62166;236.25
0.014550;0.60671;248.24
2.3504E-4;0.61207;244.01
-0.0010210;0.59903;254.72
-0.0057669;0.56521;283.58
0.0063144;0.55389;293.63
0.0095414;0.57105;278.43
-0.0035255;0.58120;269.73
0.012046;0.58888;263.11
0.098492;0.71383;162.88
0.084463;0.71553;162.95
0.089900;0.70081;172.66
0.10806;0.68415;182.55
0.10328;0.69899;172.64
0.094685;0.68597;182.66
0.087812;0.74426;143.38
0.073185;0.74571;143.46
0.079123;0.73074;153.03
0.093152;0.72905;153.06
0.076050;0.77520;124.19
0.060817;0.77640;124.28
0.067304;0.76118;133.71
0.081931;0.75973;133.72
0.063167;0.80648;105.39
0.047326;0.80742;105.48
0.054376;0.79204;114.72
0.069608;0.79084;114.72
0.032680;0.83865;87.091
0.040308;0.82318;96.127
0.049131;0.83800;87.000
0.056149;0.82224;96.132
0.016853;0.87004;69.107
0.025074;0.85450;77.946
0.033918;0.86970;69.015
0.041524;0.85385;77.950
-1.8295E-4;0.90161;51.485
0.0086466;0.88599;60.146
0.017505;0.90161;51.391
0.025711;0.88565;60.149
-0.018457;0.93340;34.162
-0.0090042;0.91768;42.676
-1.3767E-4;0.93376;34.066
0.0086836;0.91768;42.677
-0.027910;0.94965;25.466
-0.038001;0.96551;17.061
-0.0095912;0.95001;25.465
0.24388;-0.045768;692.80
0.25697;-0.039796;669.52
0.24169;-0.034975;700.74
0.25558;-0.054848;666.92
0.23428;-0.020546;719.47
0.24215;-0.010940;704.45
0.22108;-0.0054698;750.05
0.24956;-0.025368;687.40
0.27007;-0.066828;635.92
0.28597;-0.063756;610.21
0.27147;-0.051776;639.25
0.28453;-0.077496;607.00
0.29930;-0.087873;579.07
0.31552;-0.084510;556.16
0.30075;-0.074133;582.56
0.31389;-0.10288;550.59
0.66202;-0.20105;183.09
0.67743;-0.19867;173.07
0.66574;-0.18796;183.18
0.61491;-0.21962;211.87
0.60141;-0.22068;221.35
0.61067;-0.23150;211.78
0.59619;-0.23270;221.84
0.57779;-0.22474;237.65
0.58437;-0.23473;229.86
0.58960;-0.22271;229.46
0.56912;-0.23672;240.52
0.65093;-0.19081;192.93
0.63613;-0.19365;202.82
0.64722;-0.20389;192.74
0.63227;-0.20610;202.78
0.61201;-0.20073;218.67
0.62021;-0.20964;210.56
0.62407;-0.19719;210.71
0.60671;-0.21071;220.08
0.55279;-0.21388;259.98
0.53913;-0.22266;267.94
0.55662;-0.23129;251.63
0.56529;-0.21931;248.69
0.53879;-0.20495;273.81
0.52479;-0.19601;288.03
0.52513;-0.21373;282.07
0.49430;-0.22832;302.18
0.51036;-0.22095;291.65
0.49524;-0.21045;308.04
0.51002;-0.20323;298.05
0.47954;-0.21692;319.04
0.46384;-0.22339;330.01
0.47860;-0.23479;312.69
0.44811;-0.22958;341.08
0.46263;-0.24106;323.45
0.33778;-0.14901;495.31
0.35105;-0.13942;483.95
0.33166;-0.13034;512.90
0.35200;-0.15224;476.38
0.43431;-0.20055;366.52
0.41822;-0.20590;379.38
0.43334;-0.21816;359.52
0.44907;-0.21197;347.95
0.36517;-0.16133;456.43
0.37739;-0.15760;444.43
0.36422;-0.14851;463.82
0.37431;-0.17419;439.73
0.39116;-0.16819;424.40
0.38808;-0.18479;419.71
0.40493;-0.17879;405.10
0.40353;-0.19502;398.92
0.41962;-0.18967;385.46
0.32984;-0.11387;523.34
0.34742;-0.10649;503.20
0.33147;-0.095499;529.05
0.34923;-0.12296;493.88
0.69664;-0.18226;163.23
0.68119;-0.18511;173.13
0.69288;-0.19582;163.27
0.72094;-0.20376;143.54
0.70504;-0.20657;153.26
0.71672;-0.21780;143.60
0.70879;-0.19301;153.31
0.74518;-0.22647;124.25
0.72884;-0.22915;133.79
0.74049;-0.24098;124.32
0.73306;-0.21511;133.82
0.76923;-0.25034;105.39
0.75251;-0.25292;114.74
0.76405;-0.26532;105.48
0.75721;-0.23840;114.75
0.79299;-0.27536;86.994
0.77593;-0.27784;96.121
0.78732;-0.29081;87.070
0.78111;-0.26285;96.132
0.81023;-0.31742;69.113
0.81645;-0.30153;69.021
0.79905;-0.30390;77.931
0.80472;-0.28845;77.950
0.83287;-0.34522;51.501
0.83964;-0.32887;51.408
0.82182;-0.33109;60.157
0.82804;-0.31520;60.160
0.85525;-0.37425;34.179
0.86259;-0.35746;34.084
0.84435;-0.35951;42.692
0.85112;-0.34317;42.694
0.86665;-0.38921;25.479
0.87745;-0.40460;17.072
0.87399;-0.37241;25.480
0.029110;0.38620;471.50
0.031678;0.37204;489.68
0.041132;0.38385;473.11
0.035167;0.35682;509.83
0.037605;0.33996;533.28
0.048112;0.35341;512.45
0.044622;0.36863;492.44
0.055374;0.32030;558.59
0.041236;0.32340;557.12
0.045495;0.30597;583.23
0.051743;0.33685;535.07
0.053177;0.25384;670.84
0.058715;0.24044;694.07
0.067820;0.25226;667.26
0.064998;0.26898;638.60
0.062176;0.28571;611.22
0.050355;0.27056;641.34
0.048896;0.28867;610.56
0.058775;0.30300;584.33
0.061124;0.22261;728.70
0.070230;0.23443;699.69
-0.0065077;0.43637;412.15
0.0046159;0.42505;425.24
0.0090500;0.44189;405.84
-0.0023711;0.45411;392.39
0.0022048;0.47199;373.20
0.013626;0.45977;386.01
0.018202;0.47766;366.91
0.0063404;0.48980;354.74
0.010976;0.50757;336.96
0.022838;0.49542;348.59
0.027473;0.51319;330.89
0.015280;0.52496;320.12
0.025092;0.40206;451.94
0.033097;0.41557;434.91
0.016639;0.41188;440.50
0.037115;0.39971;453.69
0.021073;0.42873;420.38
0.086099;0.67377;192.25
0.090889;0.65975;202.05
0.099476;0.67195;192.23
0.078153;0.66110;202.27
0.069737;0.64944;211.71
0.074058;0.63643;221.27
0.082474;0.64809;211.60
0.062713;0.63941;219.92
0.052250;0.62814;229.42
0.053132;0.61389;240.68
0.063595;0.62516;230.93
0.039297;0.62472;232.87
0.033841;0.61030;244.69
0.019746;0.54234;303.81
0.031939;0.53056;314.15
0.036405;0.54794;297.94
0.022973;0.55950;288.24
0.043344;0.58110;268.44
0.026443;0.57608;273.62
0.039874;0.56452;282.98
0.028947;0.59391;258.40
0.048238;0.59750;254.38
0.10366;0.65754;202.30
0.11642;0.65532;202.36
0.11224;0.66973;192.38
0.13486;0.67893;182.86
0.12146;0.68154;182.80
0.12564;0.66713;192.54
0.12640;0.70928;162.97
0.11245;0.71156;163.02
0.11723;0.69672;172.69
0.13063;0.69411;172.84
0.11693;0.74017;143.43
0.10237;0.74222;143.50
0.10771;0.72700;153.08
0.12167;0.72472;153.13
0.10640;0.77158;124.22
0.091226;0.77339;124.30
0.097108;0.75792;133.73
0.11167;0.75587;133.75
0.094763;0.80336;105.40
0.078965;0.80492;105.49
0.085407;0.78928;114.73
0.10058;0.78747;114.74
0.065551;0.83670;87.101
0.072569;0.82094;96.138
0.081972;0.83540;87.011
0.088368;0.81938;96.145
0.050963;0.86869;69.115
0.058570;0.85284;77.955
0.068009;0.86769;69.024
0.074990;0.85155;77.960
0.035182;0.90091;51.489
0.043389;0.88496;60.151
0.052859;0.90022;51.396
0.060434;0.88395;60.156
0.018180;0.93340;34.162
0.027002;0.91733;42.677
0.036499;0.93305;34.066
0.044679;0.91663;42.679
0.0093778;0.95001;25.465
-7.5762E-5;0.96626;17.059
0.027696;0.94966;25.465
0.23701;0.0017099;715.60
0.23292;0.040746;716.76
0.21454;0.039882;756.66
0.23239;0.027553;721.92
0.22643;0.049848;726.53
0.29184;-0.036796;608.25
0.27440;-0.038296;638.00
0.28890;-0.050276;609.78
0.27044;-0.017360;648.99
0.26371;-0.028578;659.65
0.28114;-0.027078;628.44
0.25630;-0.014150;675.96
0.25435;-0.0025726;680.49
0.26654;0.0057945;657.12
0.24920;0.010077;690.27
0.26849;-0.0057827;653.50
0.30628;-0.046425;582.52
0.30334;-0.059905;583.44
0.32072;-0.056053;557.78
0.31812;-0.070281;557.46
0.33250;-0.080393;533.21
0.34947;-0.076277;511.01
0.33510;-0.066165;533.96
0.34845;-0.091383;507.51
0.66911;-0.17504;183.27
0.68456;-0.17219;173.13
0.67249;-0.16211;183.18
0.65363;-0.17868;193.45
0.65701;-0.16575;193.46
0.64152;-0.16939;203.90
0.63883;-0.18152;203.45
0.59767;-0.19824;229.91
0.58332;-0.19575;241.41
0.59237;-0.20822;231.33
0.58055;-0.21025;239.66
0.56806;-0.20481;250.73
0.62647;-0.17194;214.41
0.61141;-0.17449;225.09
0.62377;-0.18407;213.85
0.61171;-0.18761;221.96
0.59737;-0.18512;233.31
0.55287;-0.18154;269.13
0.53883;-0.18878;278.59
0.55283;-0.19771;264.70
0.56809;-0.18864;255.08
0.52610;-0.16543;295.81
0.52545;-0.18072;292.08
0.53948;-0.17348;282.30
0.51119;-0.18650;302.49
0.49758;-0.17698;317.35
0.49641;-0.19371;312.90
0.51184;-0.17120;306.55
0.46635;-0.18862;341.52
0.45033;-0.19459;354.01
0.46509;-0.20600;335.99
0.48079;-0.19953;324.52
0.48196;-0.18280;329.40
0.36403;-0.13251;471.37
0.37701;-0.12560;458.73
0.36221;-0.11604;480.50
0.37720;-0.14160;451.87
0.43693;-0.16701;377.67
0.42093;-0.17290;391.36
0.43562;-0.18378;372.35
0.45164;-0.17782;359.29
0.39227;-0.15177;430.50
0.40714;-0.14594;416.62
0.39208;-0.13577;437.26
0.40604;-0.16236;411.15
0.42204;-0.15647;396.79
0.36278;-0.10099;485.46
0.37814;-0.095488;468.03
0.36381;-0.085882;489.12
0.37758;-0.11054;463.70
0.69988;-0.16860;163.36
0.70311;-0.15494;163.30
0.68780;-0.15853;173.17
0.72829;-0.17540;143.59
0.71246;-0.17883;153.34
0.72461;-0.18958;143.66
0.71570;-0.16517;153.37
0.75343;-0.19710;124.28
0.73718;-0.20043;133.84
0.74931;-0.21178;124.36
0.74086;-0.18625;133.86
0.77842;-0.22000;105.41
0.76180;-0.22323;114.76
0.77383;-0.23517;105.50
0.76593;-0.20855;114.78
0.79808;-0.25971;87.093
0.80317;-0.24406;87.001
0.78620;-0.24720;96.135
0.79080;-0.23203;96.144
0.82760;-0.26927;69.049
0.81030;-0.27232;77.965
0.82203;-0.28540;69.130
0.81539;-0.25666;77.967
0.84576;-0.31228;51.506
0.85188;-0.29569;51.413
0.83417;-0.29861;60.163
0.83974;-0.28248;60.177
0.86927;-0.34040;34.181
0.87595;-0.32334;34.087
0.85779;-0.32611;42.696
0.86391;-0.30951;42.698
0.88126;-0.35489;25.481
0.89266;-0.36984;17.072
0.88793;-0.33783;25.482
0.081111;0.24947;665.16
0.083521;0.23164;696.62
0.094401;0.24668;661.76
0.057965;0.40341;446.15
0.045531;0.40949;440.75
0.049549;0.39363;459.53
0.054207;0.38214;473.21
0.057697;0.36692;492.29
0.067282;0.38044;472.73
0.062624;0.39193;459.33
0.061835;0.35126;512.46
0.065467;0.33471;534.71
0.075559;0.34912;511.71
0.071421;0.36478;491.92
0.069527;0.31785;558.11
0.072929;0.30056;583.32
0.083681;0.31541;556.65
0.079620;0.33226;533.81
0.075869;0.28313;609.99
0.078691;0.26641;636.70
0.089562;0.28055;607.65
0.091982;0.26362;634.17
0.086621;0.29798;581.66
0.085943;0.21653;724.17
0.087891;0.20061;754.83
0.099246;0.21645;713.30
0.096824;0.23156;687.11
0.10536;0.20644;726.72
0.10645;0.24451;656.98
0.10887;0.22940;681.34
0.11849;0.24235;651.27
0.12256;0.19461;730.56
0.12238;0.17955;758.78
0.13364;0.19280;720.71
0.17583;0.14939;728.96
0.17360;0.16105;716.05
0.15751;0.15124;756.33
0.14207;0.18263;727.56
0.16205;0.16675;725.11
0.024804;0.44724;399.21
0.036828;0.43408;413.03
0.040559;0.45259;392.07
0.029380;0.46512;379.49
0.034795;0.48369;359.75
0.045974;0.47115;371.72
0.051389;0.48972;352.15
0.039431;0.50145;341.57
0.044322;0.51908;324.12
0.056279;0.50734;334.25
0.061170;0.52497;316.97
0.048788;0.53645;307.51
0.060858;0.41762;428.80
0.063752;0.43183;412.04
0.048424;0.42370;423.62
0.052155;0.44221;402.16
0.10824;0.64386;211.92
0.095473;0.64608;211.77
0.10006;0.63240;221.63
0.087057;0.63442;221.55
0.083515;0.61460;237.42
0.091786;0.62350;229.49
0.078786;0.62552;229.30
0.068323;0.61424;239.20
0.065769;0.60155;249.68
0.060875;0.58515;263.70
0.078406;0.58920;258.58
0.080961;0.60190;247.89
0.066140;0.54168;301.06
0.071110;0.55839;285.64
0.053757;0.55317;291.98
0.057227;0.56975;277.14
0.074758;0.57380;271.93
0.12952;0.65189;203.06
0.14263;0.64846;203.57
0.13874;0.66370;193.13
0.12391;0.63058;219.79
0.13327;0.63952;211.64
0.12017;0.64295;211.02
0.11198;0.63149;220.79
0.16164;0.67268;183.13
0.14825;0.67580;183.10
0.15213;0.66057;193.27
0.15549;0.64549;203.57
0.16835;0.64253;203.38
0.16499;0.65760;193.18
0.15419;0.70356;163.11
0.14030;0.70642;163.14
0.14452;0.69125;172.91
0.15792;0.68812;173.05
0.14588;0.73492;143.49
0.13141;0.73755;143.55
0.13614;0.72210;153.16
0.15003;0.71924;153.23
0.13658;0.76677;124.24
0.12149;0.76917;124.33
0.12676;0.75347;133.77
0.14123;0.75085;133.80
0.12620;0.79900;105.42
0.11048;0.80118;105.51
0.11630;0.78529;114.75
0.13139;0.78288;114.77
0.11469;0.83152;87.024
0.098329;0.83346;87.113
0.10472;0.81744;96.151
0.12044;0.81526;96.159
0.085006;0.86601;69.126
0.091987;0.84987;77.966
0.10200;0.86433;69.036
0.10834;0.84793;77.972
0.070501;0.89883;51.495
0.078076;0.88256;60.160
0.088142;0.89744;51.404
0.095072;0.88088;60.165
0.054793;0.93197;34.163
0.062973;0.91555;42.681
0.073087;0.93089;34.069
0.080615;0.91416;42.685
0.046652;0.94891;25.465
0.037849;0.96552;17.058
0.064946;0.94784;25.466
0.18818;0.13227;730.48
0.18230;0.11897;757.88
0.19830;0.12682;719.02
0.22222;0.070554;723.76
0.22450;0.082158;711.34
0.20464;0.079348;753.79
0.20353;0.11432;723.16
0.21663;0.091987;719.10
0.26141;0.032577;663.08
0.24664;0.023468;693.58
0.26398;0.019186;660.74
0.24717;0.036661;689.34
0.24248;0.050856;693.57
0.25203;0.060966;670.92
0.23599;0.059958;702.21
0.25672;0.046771;667.78
0.23826;0.071562;691.52
0.32416;-0.041276;555.95
0.32761;-0.026499;553.07
0.30972;-0.031648;580.02
0.28312;-0.012187;626.79
0.29579;-0.0070137;605.34
0.28117;-6.0961E-4;630.69
0.29381;-0.021905;607.43
0.31170;-0.016757;578.72
0.29612;0.0082874;604.72
0.29646;0.023588;602.79
0.28150;0.014691;629.42
0.27893;0.028083;632.14
0.33731;-0.052267;534.30
0.35389;-0.048481;511.71
0.34075;-0.037490;532.15
0.35168;-0.062379;511.75
0.36509;-0.072203;491.31
0.38072;-0.068129;472.18
0.36731;-0.058305;491.66
0.37943;-0.081809;470.41
0.67519;-0.14895;183.42
0.69050;-0.14537;173.31
0.67788;-0.13580;183.47
0.66348;-0.13941;193.19
0.64907;-0.14303;203.05
0.66078;-0.15257;193.04
0.64530;-0.15621;203.58
0.62596;-0.15136;218.74
0.63374;-0.16037;211.29
0.63751;-0.14719;210.86
0.61868;-0.16292;222.01
0.57950;-0.16508;251.81
0.56618;-0.17331;260.49
0.58141;-0.18041;246.71
0.59545;-0.16978;238.27
0.61404;-0.14875;228.24
0.60213;-0.14614;237.93
0.60677;-0.16031;231.57
0.59081;-0.15561;244.92
0.55155;-0.15242;277.48
0.53883;-0.15892;286.64
0.55221;-0.16698;273.43
0.56553;-0.15875;264.48
0.52893;-0.14155;299.39
0.52752;-0.15349;297.72
0.54024;-0.14698;288.32
0.51461;-0.15590;308.40
0.50313;-0.14638;321.25
0.50035;-0.16168;319.51
0.51603;-0.14396;310.23
0.46986;-0.15499;349.78
0.45340;-0.16100;363.66
0.46810;-0.17181;345.90
0.48372;-0.16598;333.33
0.48649;-0.15068;335.38
0.39232;-0.11956;443.02
0.40763;-0.11352;427.50
0.39289;-0.10450;447.39
0.40739;-0.12973;422.36
0.42307;-0.13955;401.92
0.43900;-0.13317;387.34
0.42331;-0.12334;407.05
0.43796;-0.15009;382.79
0.45443;-0.14408;368.24
0.39366;-0.075527;454.42
0.39237;-0.089206;452.50
0.40660;-0.082925;437.19
0.40712;-0.098220;432.63
0.70590;-0.14114;163.38
0.70868;-0.12734;163.27
0.69328;-0.13157;173.29
0.73143;-0.16108;143.69
0.73458;-0.14675;143.60
0.71885;-0.15085;153.38
0.72163;-0.13705;153.36
0.75699;-0.18227;124.38
0.76054;-0.16744;124.30
0.74441;-0.17142;133.87
0.74756;-0.15709;133.88
0.78242;-0.20466;105.51
0.78642;-0.18932;105.42
0.76993;-0.19321;114.79
0.77348;-0.17838;114.79
0.80765;-0.22822;87.096
0.81212;-0.21238;87.001
0.79527;-0.21619;96.144
0.79927;-0.20085;96.151
0.83261;-0.25295;69.116
0.83762;-0.23664;68.993
0.82039;-0.24035;77.939
0.82487;-0.22451;77.939
0.85736;-0.27887;51.505
0.86284;-0.26205;51.405
0.84522;-0.26566;60.173
0.85023;-0.24934;60.145
0.88196;-0.30603;34.182
0.88797;-0.28873;34.085
0.86992;-0.29221;42.698
0.87540;-0.27539;42.693
0.89450;-0.32003;25.482
0.90648;-0.33452;17.072
0.90051;-0.30272;25.481
0.11869;0.25710;627.15
0.11888;0.27186;603.93
0.10664;0.25927;632.15
0.10422;0.27620;606.45
0.070133;0.40503;441.91
0.074791;0.39354;454.74
0.082300;0.40664;437.30
0.073026;0.41923;424.69
0.080857;0.37910;471.07
0.084996;0.36344;489.87
0.094432;0.37776;468.82
0.088366;0.39220;452.94
0.090109;0.34801;508.53
0.094170;0.33116;530.01
0.10466;0.34691;504.59
0.099546;0.36234;486.53
0.10146;0.31301;552.52
0.10440;0.29558;576.61
0.11924;0.31062;547.00
0.11906;0.29124;574.78
0.11195;0.32876;525.68
0.13373;0.20709;696.05
0.13382;0.22139;672.09
0.12265;0.20890;704.75
0.11653;0.21892;693.07
0.12616;0.23187;662.06
0.13191;0.24878;629.93
0.14534;0.25522;609.01
0.13211;0.26354;607.15
0.13958;0.23830;639.60
0.20341;0.13989;695.34
0.20852;0.15296;672.26
0.19329;0.14534;705.58
0.19106;0.15701;694.49
0.20179;0.17791;652.64
0.18769;0.16948;683.37
0.20515;0.16544;662.85
0.14695;0.21423;669.99
0.14686;0.19993;692.92
0.16008;0.20706;666.30
0.15529;0.18976;698.73
0.17773;0.17618;688.57
0.18186;0.19131;662.08
0.16617;0.18188;696.37
0.19182;0.18461;657.82
0.17097;0.19919;664.83
0.082727;0.54763;293.70
0.077757;0.53092;309.44
0.094344;0.53687;301.62
0.069364;0.44942;391.71
0.074976;0.46700;372.16
0.057767;0.45979;382.32
0.063182;0.47836;362.24
0.068660;0.49629;343.53
0.080454;0.48493;353.00
0.085931;0.50286;334.55
0.073551;0.51391;325.86
0.090138;0.51987;317.81
0.080777;0.43612;404.11
0.090051;0.42352;416.07
0.097802;0.44040;395.67
0.086389;0.45370;383.99
0.11791;0.61586;232.00
0.10599;0.61677;232.98
0.11192;0.60114;244.50
0.097715;0.60787;241.10
0.095161;0.59517;251.66
0.099791;0.55358;285.99
0.10524;0.57030;270.83
0.088174;0.56435;278.37
0.091822;0.57975;264.82
0.10858;0.58572;257.49
0.12322;0.54668;287.86
0.11423;0.55849;279.37
0.10878;0.54177;294.83
0.14558;0.63201;215.23
0.14852;0.61556;227.12
0.15843;0.62904;215.13
0.13622;0.62307;223.56
0.13022;0.60835;235.91
0.17716;0.61870;219.07
0.17275;0.63062;211.19
0.16284;0.61713;223.19
0.18553;0.62686;211.28
0.19389;0.63501;203.57
0.18112;0.63877;203.57
0.18807;0.66574;183.15
0.17486;0.66921;183.24
0.17821;0.65413;193.18
0.19098;0.65037;193.29
0.18176;0.69684;163.18
0.16798;0.70020;163.24
0.17170;0.68476;173.08
0.18492;0.68129;173.09
0.17462;0.72856;143.53
0.16025;0.73174;143.60
0.16440;0.71606;153.25
0.17819;0.71270;153.28
0.16654;0.76078;124.27
0.15156;0.76378;124.35
0.15621;0.74785;133.81
0.17058;0.74467;133.83
0.15743;0.79341;105.43
0.14182;0.79620;105.52
0.14701;0.78009;114.77
0.16199;0.77710;114.78
0.14721;0.82636;87.038
0.13095;0.82894;87.126
0.13671;0.81268;96.167
0.15232;0.80988;96.174
0.11892;0.86198;69.138
0.12526;0.84558;77.980
0.13583;0.85964;69.050
0.14152;0.84300;77.986
0.10572;0.89535;51.505
0.11265;0.87880;60.172
0.12329;0.89326;51.416
0.12956;0.87645;60.178
0.091327;0.92909;34.169
0.098854;0.91236;42.689
0.10957;0.92729;34.076
0.11643;0.91028;42.694
0.083860;0.94635;25.468
0.075720;0.96329;17.059
0.10210;0.94455;25.471
0.25568;0.087169;650.58
0.24009;0.084664;680.06
0.25386;0.074068;661.17
0.21842;0.14162;668.99
0.21331;0.12855;690.98
0.22832;0.13027;664.14
0.21854;0.11604;694.21
0.23365;0.094849;684.79
0.24281;0.10754;659.07
0.22579;0.10468;691.33
0.24925;0.097354;655.29
0.23556;0.11890;662.24
0.27502;0.041291;636.14
0.28862;0.050005;610.32
0.27033;0.055485;639.97
0.29254;0.036797;607.07
0.28378;0.077755;608.09
0.26791;0.069360;638.58
0.28620;0.063880;609.78
0.26973;0.082462;629.11
0.36084;-0.022413;505.72
0.34422;-0.024456;528.85
0.35737;-0.035447;509.05
0.31506;-5.1180E-5;574.11
0.33433;0.0069113;544.50
0.31539;0.015250;573.00
0.33097;-0.0097940;549.41
0.34758;-0.0077507;525.16
0.31036;0.033102;578.77
0.32427;0.042616;555.53
0.30645;0.046310;582.28
0.32930;0.024764;550.73
0.37242;-0.031965;489.14
0.36895;-0.044999;491.95
0.38401;-0.041517;472.85
0.38236;-0.054823;472.82
0.40345;-0.058289;446.06
0.39373;-0.049903;459.35
0.39208;-0.063209;459.02
0.40502;-0.070607;441.81
0.68329;-0.10920;183.04
0.68058;-0.12250;183.35
0.69598;-0.11827;173.08
0.66587;-0.12729;193.22
0.66857;-0.11399;193.01
0.65385;-0.11877;203.12
0.65146;-0.13090;203.17
0.63668;-0.13477;213.52
0.63907;-0.12264;213.57
0.62429;-0.12650;224.18
0.62513;-0.13893;221.54
0.61321;-0.13632;231.10
0.57496;-0.13605;261.56
0.56326;-0.14423;269.54
0.57723;-0.15056;256.79
0.58855;-0.14109;249.61
0.59664;-0.12336;246.30
0.58580;-0.12971;253.92
0.59939;-0.13475;242.17
0.61047;-0.12493;235.12
0.53797;-0.13281;293.45
0.54929;-0.13824;282.55
0.54702;-0.12406;287.40
0.56099;-0.13006;274.32
0.52266;-0.12988;307.61
0.51640;-0.11821;315.81
0.50976;-0.13230;318.73
0.53171;-0.12114;301.40
0.47302;-0.13637;352.27
0.47617;-0.11776;354.06
0.45759;-0.12547;370.59
0.48965;-0.13207;337.48
0.49629;-0.11799;334.58
0.42277;-0.10575;412.86
0.43791;-0.097978;398.31
0.42226;-0.090451;417.39
0.43845;-0.11558;393.14
0.45704;-0.10787;375.72
0.41760;-0.061219;428.77
0.41918;-0.073537;424.64
0.43176;-0.064149;412.05
0.43484;-0.081063;405.46
0.71097;-0.11343;163.31
0.71327;-0.099526;163.17
0.69828;-0.10436;173.03
0.68696;-0.082590;183.07
0.68512;-0.095897;183.15
0.70011;-0.091058;173.04
0.73719;-0.13231;143.68
0.73981;-0.11786;143.57
0.72425;-0.12260;153.34
0.72654;-0.10869;153.29
0.76353;-0.15247;124.39
0.76652;-0.13750;124.29
0.75055;-0.14213;133.88
0.75317;-0.12768;133.86
0.78983;-0.17383;105.52
0.79323;-0.15834;105.43
0.77689;-0.16289;114.80
0.77988;-0.14792;114.80
0.81597;-0.19637;87.101
0.81981;-0.18037;87.010
0.80312;-0.18484;96.156
0.80652;-0.16935;96.159
0.84192;-0.22011;69.100
0.84622;-0.20358;69.016
0.82917;-0.20798;77.951
0.83302;-0.19197;77.955
0.86765;-0.24502;51.497
0.87247;-0.22800;51.398
0.85504;-0.23232;60.141
0.85934;-0.21579;60.152
0.89329;-0.27119;34.177
0.89862;-0.25366;34.078
0.88073;-0.25786;42.691
0.88554;-0.24083;42.686
0.90637;-0.28468;25.480
0.91892;-0.29868;17.071
0.91170;-0.26715;25.476
0.14774;0.27323;581.17
0.15015;0.29124;554.61
0.13452;0.28155;578.91
0.13470;0.30093;551.54
0.097551;0.40731;432.59
0.10362;0.39288;447.68
0.11280;0.40799;427.32
0.10530;0.42419;411.41
0.10945;0.37735;464.35
0.11457;0.36192;481.45
0.12447;0.37694;459.25
0.11864;0.39246;443.18
0.12166;0.34856;495.31
0.12895;0.33042;515.22
0.13866;0.35022;485.33
0.13157;0.36358;472.33
0.15859;0.32399;506.83
0.14863;0.33711;496.34
0.13892;0.31730;527.00
0.15437;0.30762;530.17
0.16428;0.22324;637.80
0.16849;0.23941;610.61
0.15115;0.23040;640.70
0.15691;0.24731;610.38
0.15995;0.26478;583.21
0.17153;0.25688;583.95
0.17457;0.27435;558.39
0.16236;0.28279;557.01
0.23803;0.14348;636.43
0.24775;0.15669;609.95
0.22813;0.15483;640.42
0.23179;0.18027;609.11
0.22015;0.16661;639.73
0.23977;0.16848;610.12
0.21679;0.17909;630.63
0.20738;0.19114;629.15
0.21298;0.20438;606.51
0.19742;0.19785;633.65
0.22239;0.19232;608.47
0.18034;0.23221;608.47
0.17614;0.21604;634.98
0.19219;0.22502;605.25
0.20259;0.21470;606.49
0.18703;0.20817;633.03
0.11750;0.51609;316.24
0.10592;0.52648;309.03
0.10172;0.50948;325.49
0.12036;0.53138;301.85
0.10699;0.45966;373.25
0.11617;0.47891;351.75
0.095574;0.47296;362.23
0.10105;0.49089;343.37
0.11684;0.49750;333.69
0.11490;0.44052;391.14
0.12240;0.42431;406.27
0.13200;0.44063;386.01
0.12409;0.45977;368.76
0.14004;0.52761;300.91
0.13163;0.53714;294.43
0.12877;0.52185;308.59
0.13301;0.56117;273.59
0.14280;0.57566;259.66
0.12402;0.57298;265.44
0.12736;0.58840;252.24
0.14566;0.59561;243.13
0.14464;0.53643;292.14
0.14925;0.54524;283.53
0.13623;0.54596;285.82
0.14602;0.56045;271.49
0.17508;0.60537;229.52
0.16076;0.60380;233.75
0.17300;0.59204;240.19
0.15790;0.58385;249.94
0.18692;0.61320;221.02
0.19667;0.60770;222.82
0.19528;0.62135;213.12
0.18484;0.59987;231.48
0.20595;0.63131;203.49
0.20734;0.61766;212.96
0.21801;0.62762;203.23
0.21408;0.65781;183.17
0.20108;0.66177;183.26
0.20399;0.64641;193.29
0.21604;0.64271;193.13
0.20903;0.68913;163.19
0.19540;0.69299;163.28
0.19855;0.67744;173.10
0.21156;0.67347;173.11
0.20312;0.72112;143.54
0.18887;0.72484;143.63
0.19244;0.70898;153.29
0.20608;0.70513;153.29
0.19628;0.75365;124.27
0.18141;0.75722;124.37
0.18545;0.74111;133.83
0.19970;0.73739;133.84
0.18843;0.78661;105.44
0.17293;0.79001;105.53
0.17749;0.77370;114.79
0.19235;0.77013;114.79
0.16335;0.82315;87.139
0.16847;0.80667;96.180
0.17950;0.81993;87.049
0.18397;0.80327;96.184
0.15264;0.85663;69.153
0.15832;0.83999;77.994
0.16944;0.85362;69.065
0.17447;0.83678;77.999
0.14076;0.89049;51.519
0.14703;0.87367;60.186
0.15824;0.88771;51.431
0.16384;0.87067;60.193
0.12772;0.92477;34.178
0.13458;0.90776;42.700
0.14587;0.92226;34.088
0.15205;0.90498;42.707
0.12094;0.94231;25.474
0.11347;0.95957;17.063
0.13909;0.93980;25.479
0.26576;0.097288;627.44
0.27584;0.10741;605.11
0.25933;0.10747;631.49
0.27981;0.092581;607.26
0.25574;0.14630;607.43
0.24602;0.13309;633.26
0.26373;0.13591;603.97
0.26978;0.12166;605.22
0.25327;0.12173;630.97
0.30094;0.074480;582.12
0.30336;0.060605;583.19
0.31810;0.071206;557.18
0.32119;0.056911;556.85
0.29829;0.089190;580.02
0.31279;0.10063;553.23
0.29431;0.10402;578.72
0.31545;0.085916;555.72
0.38886;-0.017972;468.96
0.37485;-0.020193;487.02
0.38644;-0.029745;471.14
0.36878;-0.0082202;495.73
0.37672;0.0059724;485.20
0.35553;0.0064419;513.96
0.38279;-0.0060000;477.25
0.34314;0.039128;528.46
0.34817;0.021276;523.51
0.36202;0.035640;502.66
0.36937;0.020806;494.27
0.33587;0.067868;532.37
0.33896;0.053573;531.64
0.35364;0.064530;508.54
0.35783;0.050085;506.01
0.40239;-0.025711;451.49
0.39996;-0.037483;453.33
0.41591;-0.033449;434.46
0.40968;-0.045869;440.48
0.42384;-0.048799;423.41
0.67084;-0.10094;192.88
0.67268;-0.087633;192.90
0.65840;-0.092677;202.87
0.65613;-0.10573;203.10
0.63495;-0.10277;219.35
0.64440;-0.11077;211.19
0.64667;-0.097723;211.07
0.62962;-0.11464;221.86
0.65948;-0.079924;203.31
0.67376;-0.074881;193.23
0.66057;-0.067172;203.56
0.62158;-0.10122;229.85
0.60821;-0.099672;240.57
0.61625;-0.11309;232.40
0.60243;-0.11152;243.54
0.57481;-0.11981;264.67
0.57465;-0.10358;267.43
0.56083;-0.11382;277.44
0.58565;-0.11347;256.79
0.59143;-0.10162;253.84
0.54337;-0.10890;293.40
0.53973;-0.093732;299.15
0.52806;-0.10597;307.58
0.55719;-0.098655;283.04
0.50936;-0.10240;325.47
0.50233;-0.086591;334.95
0.48925;-0.10218;344.73
0.52103;-0.090161;316.73
0.45211;-0.087223;385.51
0.46630;-0.076468;372.63
0.44903;-0.070308;391.96
0.47124;-0.097115;363.65
0.48432;-0.081530;353.44
0.44235;-0.053058;401.89
0.45293;-0.041967;391.56
0.43442;-0.037708;412.56
0.45962;-0.059218;382.31
0.68830;-0.069024;183.19
0.68963;-0.055459;183.11
0.67510;-0.061315;193.25
0.71494;-0.085514;163.26
0.71662;-0.071502;163.17
0.70179;-0.077046;173.04
0.70313;-0.063480;173.06
0.74187;-0.10331;143.64
0.74392;-0.088761;143.53
0.72859;-0.094143;153.28
0.73027;-0.080131;153.27
0.76894;-0.12242;124.38
0.77136;-0.10733;124.28
0.75558;-0.11260;133.85
0.75764;-0.098046;133.83
0.79603;-0.14273;105.53
0.79883;-0.12711;105.43
0.78268;-0.13231;114.80
0.78509;-0.11722;114.79
0.82303;-0.16422;87.108
0.82625;-0.14807;87.015
0.80974;-0.15321;96.162
0.81254;-0.13759;96.161
0.84989;-0.18690;69.112
0.85355;-0.17022;69.018
0.83668;-0.17529;77.957
0.83990;-0.15915;77.959
0.87659;-0.21079;51.503
0.88071;-0.19357;51.416
0.86346;-0.19858;60.162
0.86713;-0.18190;60.163
0.90326;-0.23593;34.172
0.90789;-0.21820;34.075
0.89018;-0.22310;42.685
0.89430;-0.20589;42.693
0.91686;-0.24889;25.475
0.92994;-0.26238;17.067
0.92149;-0.23116;25.472
0.17730;0.29105;535.07
0.18004;0.30774;512.63
0.16509;0.29949;533.35
0.16932;0.31587;510.06
0.12896;0.40767;422.31
0.13480;0.39215;437.56
0.14512;0.40736;416.70
0.13856;0.42399;401.28
0.14070;0.37702;452.47
0.14779;0.36366;464.82
0.15692;0.37709;445.08
0.15102;0.39222;430.86
0.16497;0.35231;469.30
0.15181;0.35126;477.48
0.16178;0.33815;487.73
0.16094;0.36470;457.16
0.17190;0.33123;489.95
0.18262;0.32311;492.67
0.18520;0.33848;473.38
0.17509;0.34539;471.58
0.19589;0.24203;579.97
0.19959;0.25904;555.60
0.18404;0.24922;582.46
0.18708;0.26669;557.50
0.20171;0.27624;533.26
0.20382;0.29344;511.60
0.18920;0.28389;534.55
0.19193;0.30059;512.49
0.27325;0.14952;579.79
0.28277;0.16313;556.45
0.26526;0.15991;582.59
0.24915;0.18372;582.86
0.25713;0.17193;583.26
0.26651;0.18717;557.65
0.27464;0.17515;557.54
0.24104;0.19608;581.00
0.25029;0.21190;554.19
0.23164;0.20814;579.90
0.25840;0.19953;556.42
0.21447;0.25028;551.68
0.21077;0.23327;575.17
0.22934;0.24153;546.48
0.22116;0.22295;575.72
0.23982;0.22672;551.05
0.28391;0.19063;533.37
0.29204;0.17861;532.85
0.30131;0.19409;510.02
0.13136;0.50979;318.92
0.13070;0.49120;336.36
0.14522;0.50349;321.22
0.14263;0.51555;310.99
0.15384;0.47104;349.01
0.13501;0.47498;350.75
0.14292;0.45583;367.20
0.14953;0.48727;335.00
0.14894;0.43921;381.93
0.15550;0.42257;396.61
0.16588;0.43778;377.25
0.15986;0.45441;363.07
0.15251;0.52707;298.35
0.15510;0.51501;308.26
0.16499;0.52653;295.56
0.15712;0.53589;289.59
0.16255;0.55119;275.36
0.17042;0.54183;281.16
0.17586;0.55713;267.15
0.15933;0.56640;263.64
0.17443;0.57459;253.52
0.19810;0.59362;232.99
0.18627;0.58579;241.89
0.19953;0.57954;243.32
0.18769;0.56834;255.13
0.22063;0.59897;223.15
0.21932;0.61329;213.11
0.20865;0.60333;223.09
0.21008;0.58925;233.16
0.24214;0.61790;203.80
0.23007;0.62276;203.61
0.23138;0.60843;213.41
0.23959;0.64890;183.21
0.22684;0.65335;183.28
0.22880;0.63826;193.14
0.24087;0.63340;193.42
0.23595;0.68040;163.19
0.22249;0.68477;163.28
0.22502;0.66910;173.10
0.23777;0.66465;173.12
0.23133;0.71260;143.53
0.21722;0.71686;143.63
0.22018;0.70087;153.28
0.23364;0.69650;153.28
0.22575;0.74537;124.26
0.21101;0.74951;124.36
0.21443;0.73325;133.83
0.22854;0.72898;133.83
0.21918;0.77861;105.44
0.20380;0.78261;105.53
0.20773;0.76613;114.79
0.22246;0.76199;114.78
0.19552;0.81609;87.146
0.19999;0.79943;96.185
0.21154;0.81225;87.052
0.21536;0.79543;96.183
0.18612;0.84996;69.165
0.19115;0.83312;78.004
0.20280;0.84630;69.074
0.20717;0.82928;78.006
0.17559;0.88425;51.533
0.18119;0.86721;60.201
0.19294;0.88079;51.445
0.19787;0.86355;60.205
0.16391;0.91903;34.190
0.17009;0.90175;42.715
0.18195;0.91580;34.101
0.18745;0.89830;42.721
0.15783;0.93682;25.484
0.15105;0.95436;17.070
0.17587;0.93359;25.490
0.29435;0.14908;551.16
0.28483;0.13547;573.57
0.30592;0.13502;544.50
0.29088;0.12122;574.00
0.30936;0.11783;549.52
0.32915;0.096165;532.01
0.33181;0.081456;533.82
0.34551;0.091706;511.33
0.34958;0.078118;510.33
0.34116;0.11828;506.33
0.32698;0.10945;529.26
0.34334;0.10499;509.17
0.32354;0.12665;525.47
0.39863;-0.0094503;457.02
0.40840;-9.2820E-4;445.13
0.39256;0.0025221;464.78
0.41216;-0.017189;440.15
0.38660;0.017281;471.90
0.39647;0.028589;458.58
0.37924;0.032115;480.17
0.40243;0.013830;452.15
0.37337;0.046517;485.88
0.38472;0.057395;469.35
0.36918;0.060962;488.63
0.39059;0.042992;464.29
0.36560;0.073404;490.34
0.37755;0.082278;472.64
0.36153;0.086992;491.74
0.38113;0.069836;471.27
0.42914;-0.021902;419.86
0.44236;-0.010355;405.29
0.42538;-0.0056416;424.84
0.44765;-0.026161;398.67
0.66326;-0.040146;203.18
0.66191;-0.053659;203.47
0.67645;-0.047802;193.07
0.64570;-0.071893;214.36
0.63084;-0.076614;225.36
0.64462;-0.084645;214.01
0.63289;-0.089692;222.44
0.61952;-0.088143;233.02
0.64183;-0.051405;218.83
0.65120;-0.059288;211.16
0.65255;-0.045775;210.97
0.63633;-0.064009;222.19
0.60178;-0.087045;247.30
0.59536;-0.074418;253.92
0.58500;-0.088998;260.81
0.61310;-0.075516;239.44
0.55062;-0.081135;291.26
0.56808;-0.086058;275.45
0.56152;-0.068538;283.19
0.57844;-0.071478;268.34
0.52610;-0.060799;315.95
0.51421;-0.073695;325.55
0.53292;-0.077265;307.68
0.54381;-0.064668;299.30
0.47803;-0.064355;362.41
0.48975;-0.052242;352.02
0.47134;-0.047104;371.41
0.49604;-0.069416;343.67
0.50793;-0.056520;333.66
0.46566;-0.030657;378.84
0.47838;-0.019346;366.10
0.46037;-0.014851;385.33
0.48407;-0.035794;359.28
0.69081;-0.028321;183.44
0.67704;-0.034233;193.24
0.69022;-0.041890;183.37
0.71768;-0.057398;163.31
0.71875;-0.043295;163.26
0.70419;-0.049377;173.11
0.70478;-0.035808;173.27
0.74538;-0.074125;143.62
0.74684;-0.059489;143.53
0.73173;-0.065495;153.27
0.73279;-0.051392;153.32
0.77318;-0.092151;124.36
0.77500;-0.076969;124.26
0.75946;-0.082865;133.82
0.76092;-0.068229;133.82
0.80102;-0.11139;105.52
0.80321;-0.095671;105.42
0.78729;-0.10150;114.78
0.78911;-0.086320;114.78
0.82883;-0.13181;87.112
0.83141;-0.11555;87.018
0.81512;-0.12133;96.163
0.81731;-0.10561;96.159
0.85656;-0.15341;69.114
0.85957;-0.13660;69.019
0.84291;-0.14234;77.960
0.84549;-0.12607;77.961
0.88421;-0.17623;51.489
0.88771;-0.15888;51.372
0.87063;-0.16455;60.141
0.87364;-0.14774;60.141
0.91183;-0.20030;34.167
0.91577;-0.18239;34.068
0.89824;-0.18798;42.690
0.90174;-0.17064;42.668
0.92593;-0.21271;25.470
0.93953;-0.22568;17.063
0.92987;-0.19481;25.466
0.20586;0.30920;492.25
0.20789;0.32497;473.45
0.19396;0.31636;492.75
0.19655;0.33172;473.71
0.16150;0.40613;411.41
0.16740;0.39100;424.94
0.17789;0.40491;405.53
0.17189;0.42135;391.36
0.17769;0.36156;451.91
0.19041;0.37082;434.95
0.17366;0.37396;440.39
0.18781;0.35465;453.84
0.18415;0.38787;420.25
0.20811;0.34998;446.61
0.19666;0.34423;459.90
0.20800;0.33748;459.92
0.19926;0.36040;440.99
0.21435;0.26977;529.62
0.22923;0.26101;525.57
0.22911;0.28049;504.84
0.21647;0.28696;508.59
0.23054;0.29661;486.66
0.23197;0.31272;468.85
0.21790;0.30308;489.83
0.21993;0.31885;471.45
0.30174;0.16719;529.03
0.31332;0.15314;523.63
0.32072;0.17125;502.92
0.31101;0.18267;506.88
0.27547;0.20151;534.34
0.28442;0.21585;511.91
0.26736;0.21388;532.78
0.29287;0.20497;511.34
0.27030;0.23893;506.78
0.26029;0.22541;529.95
0.27736;0.22739;509.69
0.24982;0.24023;526.71
0.24561;0.27584;495.11
0.24572;0.25635;514.64
0.26211;0.27118;484.71
0.26620;0.25505;496.00
0.30939;0.20756;490.78
0.31746;0.22103;472.10
0.30094;0.21844;491.71
0.32752;0.18561;485.61
0.33433;0.19998;468.59
0.31782;0.19703;488.95
0.32589;0.21050;470.64
0.16061;0.50097;319.26
0.16492;0.48474;332.72
0.17600;0.49845;316.88
0.17049;0.51249;306.19
0.17075;0.46897;345.45
0.17677;0.45234;359.01
0.18765;0.46690;341.37
0.18183;0.48268;329.09
0.18286;0.43638;371.99
0.18886;0.41994;385.49
0.19984;0.43497;366.20
0.19375;0.45094;353.78
0.17964;0.52622;291.74
0.18514;0.51218;302.06
0.19429;0.52590;287.64
0.18507;0.54152;277.44
0.21118;0.55126;262.00
0.19352;0.55420;264.79
0.20273;0.53858;274.66
0.20536;0.56540;252.64
0.22419;0.57475;240.09
0.21186;0.57714;241.80
0.21769;0.56300;250.92
0.22241;0.58686;231.57
0.23295;0.59242;224.50
0.24528;0.58587;225.62
0.24371;0.60189;214.62
0.23473;0.58031;232.84
0.26658;0.60797;203.65
0.25436;0.61293;203.82
0.25593;0.59692;214.53
0.26488;0.63895;183.24
0.25223;0.64392;183.32
0.25351;0.62842;193.44
0.26573;0.62346;193.36
0.26249;0.67063;163.17
0.24922;0.67551;163.28
0.25104;0.65976;173.11
0.26368;0.65479;173.13
0.25918;0.70298;143.50
0.24525;0.70779;143.61
0.24756;0.69169;153.27
0.26083;0.68680;153.26
0.25491;0.73594;124.24
0.24033;0.74066;124.35
0.24312;0.72427;133.81
0.25704;0.71946;133.80
0.24963;0.76941;105.42
0.23440;0.77401;105.53
0.23769;0.75739;114.78
0.25227;0.75268;114.77
0.22742;0.80779;87.145
0.23124;0.79097;96.180
0.24330;0.80332;87.045
0.24646;0.78637;96.173
0.21935;0.84199;69.170
0.22372;0.82497;78.006
0.23589;0.83768;69.075
0.23960;0.82050;78.003
0.21016;0.87666;51.544
0.21509;0.85941;60.209
0.22738;0.87253;51.451
0.23164;0.85510;60.208
0.19985;0.91186;34.202
0.20535;0.89436;42.726
0.21775;0.90793;34.111
0.22256;0.89023;42.729
0.19447;0.92989;25.494
0.18839;0.94768;17.078
0.21237;0.92595;25.498
0.33334;0.16086;494.04
0.32595;0.14275;513.61
0.34597;0.15048;484.52
0.34357;0.13438;495.67
0.35797;0.10030;491.86
0.37042;0.10889;473.04
0.35579;0.11359;489.55
0.37399;0.095586;473.16
0.36641;0.13225;468.62
0.35619;0.14137;476.76
0.35379;0.12527;487.13
0.36842;0.12057;471.05
0.39510;0.10073;445.93
0.38276;0.10481;459.38
0.38633;0.091505;459.18
0.41988;0.010005;431.21
0.43136;0.020938;417.35
0.41392;0.024764;437.57
0.43686;0.0052915;411.60
0.40801;0.039942;443.23
0.41956;0.051295;428.05
0.40214;0.054345;448.31
0.42546;0.036117;423.00
0.39232;0.080749;454.78
0.39591;0.068307;453.28
0.40709;0.079220;437.48
0.40110;0.089976;441.89
0.41332;0.065258;433.05
0.45510;9.4436E-4;391.31
0.46784;0.012244;377.42
0.44960;0.016591;397.02
0.47311;-0.0035513;372.01
0.66290;-0.027578;203.93
0.67667;-0.021666;193.89
0.66253;-0.015011;204.51
0.65038;-0.034937;213.12
0.65001;-0.022369;213.82
0.63749;-0.029728;223.25
0.63966;-0.040567;221.10
0.62918;-0.049823;228.76
0.62701;-0.038985;231.07
0.61652;-0.048241;238.90
0.62368;-0.062428;232.20
0.60594;-0.061330;246.49
0.58384;-0.042831;266.15
0.57268;-0.055684;274.74
0.58960;-0.058624;260.16
0.60018;-0.045536;252.34
0.54943;-0.035868;296.62
0.53777;-0.048334;306.35
0.55548;-0.052203;290.06
0.56664;-0.039349;281.16
0.50180;-0.040032;341.18
0.51385;-0.027822;330.23
0.49612;-0.023584;347.86
0.51997;-0.044311;323.27
0.53164;-0.031845;313.15
0.49100;-0.0076453;353.51
0.50361;0.0040558;340.95
0.48572;0.0081497;358.87
0.50873;-0.011883;335.80
0.69082;-0.014699;183.74
0.69082;-0.0010766;183.85
0.67668;-0.0080436;194.10
0.66220;-0.0015506;204.88
0.67635;0.0054164;194.36
0.66187;0.011909;205.05
0.71921;-0.029137;163.43
0.71967;-0.014980;163.41
0.70524;-0.021650;173.35
0.70525;-0.0080282;173.55
0.74769;-0.044791;143.64
0.74854;-0.030094;143.57
0.73364;-0.036694;153.34
0.73411;-0.022537;153.41
0.77622;-0.061714;124.35
0.77743;-0.046459;124.25
0.76214;-0.052974;133.82
0.76299;-0.038276;133.84
0.80479;-0.079862;105.52
0.80636;-0.064053;105.42
0.79068;-0.070511;114.77
0.79190;-0.055256;114.77
0.83336;-0.099184;87.114
0.83531;-0.082822;87.019
0.81926;-0.089247;96.160
0.82084;-0.073438;96.156
0.86191;-0.11968;69.120
0.86425;-0.10277;69.029
0.84783;-0.10916;77.966
0.84978;-0.092794;77.966
0.89046;-0.14140;51.480
0.89321;-0.12391;51.397
0.87639;-0.13026;60.155
0.87873;-0.11334;60.158
0.91900;-0.16435;34.163
0.92223;-0.14631;34.067
0.90497;-0.15259;42.668
0.90772;-0.13511;42.681
0.93357;-0.17620;25.466
0.94767;-0.18862;17.060
0.93680;-0.15816;25.465
0.21977;0.33436;455.30
0.23182;0.32824;453.17
0.23166;0.34376;437.72
0.21989;0.34687;442.35
0.19416;0.40384;399.03
0.20042;0.38680;413.04
0.21042;0.40277;392.05
0.20513;0.41887;379.12
0.21623;0.36189;429.36
0.22800;0.35878;425.22
0.22434;0.37380;412.68
0.20737;0.37231;423.96
0.21738;0.38829;402.47
0.26062;0.28576;472.20
0.25913;0.30034;459.61
0.24412;0.29042;481.75
0.24555;0.30653;464.55
0.25967;0.31683;443.61
0.26021;0.33332;427.83
0.24609;0.32302;447.96
0.24594;0.33854;433.05
0.35019;0.16419;472.17
0.35442;0.17789;459.76
0.33757;0.17457;480.91
0.34437;0.18893;464.50
0.28547;0.24047;489.85
0.29253;0.22893;492.24
0.30065;0.24201;473.23
0.30906;0.23152;472.97
0.28714;0.26229;469.44
0.27462;0.26674;477.26
0.27872;0.25061;487.78
0.29389;0.25215;471.57
0.27558;0.27979;464.60
0.28905;0.28840;445.23
0.27409;0.29437;452.71
0.28809;0.27535;457.31
0.32644;0.24378;446.33
0.31354;0.24290;459.68
0.32195;0.23240;459.12
0.33154;0.22489;454.69
0.33998;0.21436;453.09
0.34563;0.22875;437.79
0.33603;0.23627;442.24
0.36119;0.19289;443.83
0.36797;0.20788;428.10
0.35115;0.20393;447.97
0.35680;0.21832;433.23
0.19220;0.49680;313.07
0.19803;0.48103;324.86
0.20841;0.49515;308.85
0.20135;0.51052;298.26
0.20475;0.46545;336.17
0.21084;0.44949;348.05
0.22184;0.46400;330.52
0.21512;0.47957;319.71
0.21732;0.43390;359.40
0.22261;0.41780;371.71
0.23480;0.43282;352.14
0.22832;0.44841;341.38
0.21096;0.52460;283.42
0.21802;0.50922;293.63
0.22763;0.52329;278.84
0.21941;0.53727;270.47
0.22824;0.55301;255.36
0.23647;0.53903;263.44
0.24530;0.55476;248.50
0.23475;0.56475;244.40
0.24529;0.57032;236.95
0.25743;0.58136;225.10
0.26958;0.57686;224.37
0.26808;0.59241;213.94
0.25744;0.56581;236.32
0.29004;0.59813;202.98
0.27831;0.60305;203.40
0.27981;0.58749;213.57
0.29411;0.57385;218.10
0.29208;0.58599;210.51
0.28184;0.57535;221.31
0.28981;0.62833;183.04
0.27735;0.63364;183.23
0.27820;0.61815;193.26
0.28993;0.61323;192.93
0.28864;0.65987;163.12
0.27556;0.66525;163.24
0.27676;0.64941;173.10
0.28923;0.64410;173.01
0.28662;0.69229;143.48
0.27290;0.69763;143.59
0.27455;0.68146;153.25
0.28763;0.67608;153.23
0.28366;0.72537;124.23
0.26928;0.73066;124.33
0.27142;0.71418;133.79
0.28514;0.70883;133.78
0.27971;0.75902;105.41
0.26467;0.76421;105.51
0.26731;0.74748;114.76
0.28168;0.74219;114.75
0.25901;0.79823;87.137
0.26217;0.78128;96.168
0.27472;0.79315;87.035
0.27721;0.77608;96.162
0.25227;0.83272;69.167
0.25598;0.81554;77.999
0.26866;0.82777;69.067
0.27169;0.81046;77.994
0.24444;0.86772;51.545
0.24869;0.85030;60.207
0.26150;0.86292;51.448
0.26508;0.84534;60.203
0.23550;0.90330;34.207
0.24031;0.88560;42.730
0.25324;0.89867;34.113
0.25737;0.88080;42.729
0.23082;0.92152;25.500
0.22545;0.93955;17.083
0.24857;0.91690;25.501
0.36181;0.15299;464.45
0.37766;0.15550;445.11
0.36604;0.16669;452.73
0.37203;0.14388;456.85
0.38161;0.13018;451.49
0.39682;0.12811;434.79
0.38724;0.14180;440.30
0.38362;0.11850;453.59
0.39596;0.11442;440.57
0.40935;0.10355;428.56
0.41534;0.092789;424.64
0.42360;0.10636;411.77
0.41021;0.11723;423.42
0.44363;0.032784;402.65
0.45589;0.044629;388.08
0.43772;0.047962;407.70
0.46187;0.028436;383.04
0.43067;0.064149;413.28
0.44179;0.077002;398.63
0.42444;0.078111;417.70
0.43269;0.091680;405.49
0.44884;0.060816;393.67
0.48078;0.024050;363.40
0.49373;0.035857;349.51
0.47481;0.040243;368.46
0.49867;0.019956;345.47
0.64673;-0.0088595;216.59
0.64640;0.0046005;216.88
0.63093;-0.0027084;228.92
0.63421;-0.016218;226.19
0.60643;-0.019559;248.35
0.59514;-0.031195;257.28
0.61148;-0.033900;243.73
0.62196;-0.024644;235.65
0.61868;-0.011134;238.59
0.57874;-0.026570;271.32
0.57364;-0.010310;276.17
0.56154;-0.023089;286.43
0.59004;-0.014934;262.08
0.52636;-0.015587;318.78
0.53888;-0.0033512;307.31
0.52124;3.5229E-4;323.86
0.54416;-0.019610;302.15
0.55626;-0.0068306;291.50
0.51631;0.015401;328.37
0.52900;0.026747;315.88
0.51137;0.031302;332.44
0.53394;0.011698;311.78
0.63355;0.024344;226.50
0.63224;0.010818;227.83
0.64771;0.018127;215.69
0.66189;0.025372;204.75
0.66191;0.038835;204.25
0.64773;0.031590;215.27
0.69057;0.012695;183.95
0.69031;0.026467;183.85
0.67609;0.019188;194.36
0.67611;0.032651;193.97
0.71962;-7.7409E-4;163.55
0.71956;0.013432;163.51
0.70519;0.0061775;173.60
0.70494;0.019949;173.60
0.74880;-0.015358;143.69
0.74906;-6.2316E-4;143.62
0.73437;-0.0078015;153.44
0.73431;0.0064042;153.49
0.77804;-0.031158;124.35
0.77865;-0.015856;124.26
0.76359;-0.022975;133.84
0.76386;-0.0082398;133.87
0.80731;-0.048180;105.51
0.80827;-0.032307;105.41
0.79285;-0.039383;114.77
0.79346;-0.024082;114.77
0.83661;-0.066383;87.115
0.83792;-0.049945;87.018
0.82214;-0.056999;96.156
0.82309;-0.041126;96.154
0.86593;-0.085761;69.127
0.86761;-0.068756;69.033
0.85146;-0.075789;77.969
0.85276;-0.059350;77.968
0.89529;-0.10634;51.497
0.89737;-0.088762;51.405
0.88081;-0.095764;60.163
0.88249;-0.078759;60.165
0.92472;-0.12816;34.173
0.92722;-0.11000;34.088
0.91021;-0.11696;42.692
0.91230;-0.099381;42.695
0.93977;-0.13942;25.468
0.95434;-0.15128;17.061
0.94227;-0.12127;25.477
0.25882;0.35053;412.93
0.25744;0.36774;398.13
0.24455;0.35575;417.55
0.24089;0.37077;405.66
0.25254;0.38492;385.59
0.24765;0.40210;372.93
0.23599;0.38795;392.41
0.22904;0.40244;382.70
0.24123;0.41746;362.61
0.28944;0.30450;431.07
0.28984;0.32059;416.99
0.27448;0.31047;437.88
0.27502;0.32696;422.70
0.29025;0.33795;401.93
0.29066;0.35531;387.01
0.27544;0.34432;407.03
0.27405;0.36153;392.89
0.38385;0.17004;431.41
0.39005;0.18457;417.76
0.37223;0.18123;438.35
0.37901;0.19623;423.23
0.30203;0.26627;452.19
0.31692;0.27025;435.37
0.30298;0.27932;440.65
0.30878;0.25613;453.99
0.32168;0.25701;441.08
0.30449;0.31318;411.70
0.30410;0.29709;425.17
0.31915;0.30578;405.84
0.31804;0.28801;420.59
0.33740;0.25136;430.33
0.34700;0.24385;426.37
0.34837;0.25894;414.84
0.33264;0.26459;425.28
0.39718;0.20061;402.50
0.40431;0.21664;387.40
0.38614;0.21226;407.36
0.37358;0.22440;412.85
0.37920;0.24091;397.74
0.36241;0.23483;417.39
0.36378;0.24992;406.55
0.39176;0.22878;392.88
0.22568;0.49373;303.66
0.23240;0.47816;314.04
0.24296;0.49232;298.07
0.23529;0.50780;288.50
0.25329;0.43206;343.72
0.25971;0.41670;353.56
0.27177;0.43129;334.91
0.23956;0.46291;323.88
0.24604;0.44732;334.19
0.25728;0.46181;316.86
0.25012;0.47706;307.53
0.26452;0.44655;325.98
0.25284;0.50615;283.10
0.26273;0.51998;268.56
0.24518;0.52164;273.88
0.25402;0.53737;258.59
0.27377;0.53392;253.90
0.28481;0.54785;239.66
0.26506;0.55131;244.30
0.27720;0.56235;232.07
0.28946;0.56085;228.76
0.30311;0.56689;219.64
0.29846;0.55389;230.31
0.31210;0.55993;221.03
0.30405;0.58017;210.31
0.31400;0.58649;202.60
0.30202;0.59231;202.89
0.31305;0.57321;211.75
0.30208;0.62259;183.00
0.30220;0.60749;192.80
0.31435;0.61685;182.77
0.31418;0.60167;192.61
0.31434;0.64815;163.05
0.30149;0.65401;163.18
0.30207;0.63824;172.97
0.31435;0.63250;172.83
0.31358;0.68053;143.46
0.30010;0.68641;143.57
0.30111;0.67020;153.22
0.31396;0.66434;153.18
0.31194;0.71367;124.22
0.29780;0.71952;124.32
0.29928;0.70298;133.78
0.31276;0.69710;133.77
0.30934;0.74744;105.41
0.29452;0.75323;105.50
0.29650;0.73640;114.75
0.31064;0.73055;114.75
0.29021;0.78744;87.128
0.29271;0.77038;96.159
0.30571;0.78174;87.029
0.30752;0.76459;96.157
0.28483;0.82217;69.159
0.28787;0.80486;77.990
0.30101;0.81657;69.059
0.30336;0.79915;77.987
0.27836;0.85745;51.540
0.28194;0.83988;60.200
0.29523;0.85198;51.441
0.29812;0.83428;60.195
0.27081;0.89335;34.206
0.27493;0.87548;42.727
0.28837;0.88803;34.108
0.29180;0.87001;42.723
0.26684;0.91175;25.500
0.26217;0.92997;17.084
0.28441;0.90643;25.498
0.40116;0.17213;412.03
0.39496;0.15759;425.05
0.41226;0.15968;405.71
0.40454;0.14389;420.24
0.42326;0.14688;399.10
0.41554;0.13110;412.93
0.43426;0.13409;391.98
0.42893;0.12022;401.96
0.45066;0.092160;386.00
0.45953;0.10732;373.30
0.44156;0.10684;392.18
0.44690;0.12070;382.85
0.47049;0.058910;370.92
0.48508;0.073192;354.00
0.46344;0.075097;375.85
0.47231;0.090255;363.95
0.48941;0.054524;352.12
0.50720;0.046407;335.36
0.52067;0.056958;321.45
0.50288;0.065075;337.56
0.52484;0.041852;318.87
0.60301;-0.0013943;251.43
0.59958;0.016770;254.07
0.58661;0.0032301;265.12
0.61526;0.0070309;241.40
0.61657;0.020557;240.10
0.54634;0.024863;299.97
0.55128;0.0098137;295.93
0.56368;0.022979;284.54
0.56866;0.0063343;280.55
0.58163;0.019874;269.08
0.61373;0.041113;241.56
0.60666;0.028942;247.87
0.62364;0.032729;234.02
0.55070;0.049103;294.57
0.53569;0.053030;307.85
0.53985;0.037925;305.20
0.55719;0.036041;289.67
0.63569;0.051114;223.59
0.63462;0.037729;225.15
0.64880;0.044975;213.85
0.62471;0.046114;232.50
0.53953;0.071536;302.39
0.53010;0.064247;311.86
0.54512;0.060320;298.58
0.66043;0.065108;203.82
0.64806;0.058111;213.62
0.66117;0.051971;204.13
0.68970;0.040152;183.82
0.68908;0.053837;183.60
0.67550;0.046336;193.84
0.67475;0.059472;193.63
0.71904;0.027634;163.59
0.71852;0.041837;163.47
0.70442;0.034152;173.58
0.70380;0.047837;173.46
0.74877;0.014123;143.73
0.74847;0.028869;143.64
0.73401;0.021150;153.50
0.73349;0.035353;153.48
0.77865;-5.3806E-4;124.36
0.77865;0.014780;124.27
0.76386;0.0070785;133.88
0.76356;0.021825;133.89
0.80859;-0.016400;105.51
0.80891;-4.9360E-4;105.41
0.79378;-0.0081750;114.77
0.79378;0.0071433;114.78
0.83858;-0.033454;87.114
0.83923;-0.016964;87.018
0.82375;-0.024635;96.154
0.82407;-0.0087286;96.152
0.86862;-0.051685;69.131
0.86964;-0.034614;69.037
0.85378;-0.042279;77.971
0.85444;-0.025789;77.970
0.89877;-0.071110;51.503
0.90016;-0.053457;51.409
0.88389;-0.061106;60.167
0.88490;-0.044036;60.169
0.92904;-0.091763;34.171
0.93087;-0.073526;34.062
0.91412;-0.081144;42.682
0.91551;-0.063492;42.683
0.94450;-0.10243;25.478
0.95954;-0.11370;17.062
0.94632;-0.084193;25.464
0.29033;0.37669;369.42
0.29000;0.39807;352.05
0.27372;0.38290;374.58
0.26883;0.40008;362.75
0.28089;0.41468;343.69
0.31998;0.32308;391.73
0.32081;0.34037;377.70
0.30532;0.33048;396.99
0.30574;0.34784;382.64
0.32151;0.35812;363.52
0.32220;0.37587;349.47
0.30643;0.36559;367.92
0.30610;0.38697;351.15
0.41941;0.17522;391.93
0.42655;0.19076;378.20
0.40830;0.18767;397.61
0.41543;0.20370;383.09
0.33435;0.29834;399.01
0.33324;0.28057;413.05
0.34955;0.29090;391.68
0.34896;0.27492;403.31
0.33567;0.33280;372.47
0.33484;0.31550;385.92
0.35053;0.32522;366.74
0.35004;0.30806;379.23
0.43416;0.20665;363.97
0.44178;0.22254;349.88
0.42304;0.21959;368.32
0.38152;0.25840;385.13
0.38385;0.27589;372.44
0.36611;0.26742;393.20
0.36670;0.28340;382.27
0.41234;0.23536;370.27
0.42037;0.25407;353.39
0.39978;0.24749;375.10
0.40211;0.26498;363.21
0.43107;0.23830;352.00
0.26791;0.47562;300.90
0.27854;0.48944;285.43
0.26075;0.49088;291.92
0.27063;0.50471;277.07
0.30608;0.43216;315.98
0.28893;0.43173;325.54
0.29804;0.41511;333.70
0.29945;0.44642;308.54
0.29283;0.46068;300.91
0.28230;0.44598;317.62
0.27505;0.46124;309.03
0.28568;0.47506;293.26
0.28825;0.50244;271.41
0.29796;0.51545;257.76
0.28034;0.51772;263.33
0.29138;0.53165;248.75
0.31233;0.54815;228.96
0.29868;0.54212;238.46
0.31255;0.53638;236.98
0.30526;0.52591;247.26
0.32349;0.54096;229.42
0.33443;0.54554;221.92
0.32327;0.55274;221.58
0.32521;0.58050;202.50
0.32426;0.56722;211.56
0.33642;0.57452;202.21
0.33542;0.56003;211.99
0.33824;0.60393;182.86
0.32630;0.61039;182.91
0.32612;0.59521;192.66
0.33733;0.58922;192.47
0.33951;0.63537;163.02
0.32692;0.64176;163.13
0.32693;0.62611;172.82
0.33888;0.61965;172.87
0.34003;0.66771;143.46
0.32681;0.67412;143.56
0.32718;0.65793;153.18
0.33977;0.65154;153.17
0.33971;0.70087;124.23
0.32582;0.70727;124.32
0.32664;0.69070;133.78
0.33987;0.68429;133.78
0.33845;0.73470;105.42
0.32389;0.74107;105.51
0.32520;0.72419;114.75
0.33908;0.71778;114.76
0.32095;0.77543;87.126
0.32276;0.75828;96.158
0.33619;0.76912;87.031
0.33732;0.75191;96.162
0.31695;0.81034;69.153
0.31929;0.79293;77.985
0.33288;0.80412;69.055
0.33453;0.78662;77.986
0.31187;0.84586;51.534
0.31476;0.82815;60.193
0.32850;0.83973;51.435
0.33069;0.82192;60.191
0.30571;0.88203;34.202
0.30915;0.86400;42.720
0.32306;0.87602;34.103
0.32578;0.85788;42.717
0.30247;0.90056;25.497
0.29850;0.91895;17.082
0.31981;0.89456;25.494
0.43738;0.17790;373.00
0.43024;0.16236;386.15
0.44821;0.16504;367.29
0.44124;0.14957;379.66
0.46008;0.15169;360.26
0.45310;0.13621;372.00
0.47194;0.13833;352.77
0.46574;0.12282;363.12
0.49607;0.11085;336.36
0.47780;0.10908;354.49
0.49057;0.092021;345.41
0.48400;0.12459;344.76
0.51990;0.086881;318.30
0.50798;0.098866;327.43
0.50249;0.080036;335.85
0.52029;0.071919;320.07
0.52972;0.079209;310.35
0.61435;0.060857;239.74
0.61404;0.050985;240.71
0.62502;0.055986;231.62
0.56822;0.050746;278.99
0.57471;0.037684;274.25
0.58575;0.052390;263.89
0.59266;0.034580;259.19
0.59974;0.046751;252.63
0.60005;0.056623;251.67
0.55800;0.072327;285.85
0.54877;0.071932;294.05
0.55435;0.060715;290.29
0.57187;0.062358;274.84
0.63374;0.063407;224.24
0.64611;0.070404;214.18
0.63180;0.075700;224.71
0.62307;0.068279;232.19
0.54396;0.081974;297.07
0.54839;0.092413;291.66
0.53414;0.089647;304.80
0.55319;0.082370;288.84
0.65737;0.090461;203.86
0.64458;0.083081;214.19
0.65890;0.077784;203.93
0.68672;0.080687;183.40
0.67357;0.072897;193.53
0.68790;0.067262;183.59
0.67205;0.085574;193.55
0.71749;0.055937;163.52
0.71647;0.070037;163.37
0.70277;0.061937;173.40
0.70159;0.075362;173.31
0.74763;0.043578;143.73
0.74678;0.058288;143.63
0.73265;0.050062;153.48
0.73162;0.064162;153.42
0.77805;0.030086;124.37
0.77746;0.045392;124.28
0.76296;0.037130;133.89
0.76212;0.051840;133.88
0.80861;0.015414;105.51
0.80831;0.031322;105.41
0.79348;0.023051;114.78
0.79288;0.038357;114.78
0.83924;-4.5187E-4;87.113
0.83926;0.016060;87.015
0.82408;0.0077831;96.152
0.82378;0.023691;96.152
0.86998;-0.017506;69.135
0.87032;-3.9804E-4;69.040
0.85478;-0.0086808;77.972
0.85479;0.0078309;77.971
0.90085;-0.035753;51.509
0.90155;-0.018048;51.417
0.88559;-0.026331;60.173
0.88593;-0.0092230;60.175
0.93194;-0.055220;34.168
0.93300;-0.036913;34.082
0.91658;-0.045185;42.694
0.91728;-0.027480;42.698
0.94781;-0.065278;25.466
0.96327;-0.075945;17.063
0.94888;-0.046971;25.475
0.32671;0.40944;321.42
0.30835;0.40375;336.62
0.32445;0.39265;335.32
0.31639;0.42080;318.90
0.33124;0.43390;300.90
0.31866;0.43303;308.46
0.32897;0.42167;311.08
0.35123;0.34224;354.18
0.35193;0.35925;341.66
0.33637;0.34981;359.38
0.33707;0.36756;345.82
0.35251;0.37602;329.44
0.35310;0.39280;317.30
0.33765;0.38433;333.16
0.33990;0.40112;319.57
0.45547;0.18052;354.65
0.46272;0.19600;342.04
0.44464;0.19338;359.81
0.45225;0.20927;346.21
0.36676;0.31749;359.59
0.36628;0.30033;371.44
0.38300;0.30975;351.98
0.38342;0.29282;362.30
0.36729;0.35143;336.32
0.36659;0.33442;348.32
0.38265;0.34361;330.54
0.38283;0.32668;341.31
0.45098;0.23703;335.21
0.46019;0.25152;320.82
0.44028;0.25280;336.95
0.46961;0.21106;329.98
0.47650;0.22613;317.99
0.45914;0.22433;333.71
0.46834;0.23883;319.61
0.41652;0.29410;334.81
0.40019;0.28500;353.27
0.41845;0.27408;344.32
0.39976;0.30193;343.58
0.44910;0.28115;315.72
0.43281;0.28762;325.36
0.43474;0.26761;334.21
0.45465;0.26634;318.48
0.30428;0.47351;285.68
0.31574;0.48635;270.89
0.29714;0.48789;278.32
0.30685;0.50090;264.45
0.32337;0.45797;287.66
0.30810;0.45932;294.39
0.31472;0.44506;301.62
0.31955;0.47216;279.30
0.32730;0.44593;294.32
0.32296;0.52454;240.84
0.33336;0.51271;244.43
0.33390;0.52913;233.09
0.32455;0.49953;257.49
0.31566;0.51408;251.22
0.35570;0.53503;219.91
0.34506;0.54029;221.00
0.34453;0.52387;232.03
0.35821;0.56068;202.54
0.34732;0.56760;202.47
0.34632;0.55311;212.15
0.35696;0.54785;211.17
0.34989;0.59723;182.88
0.34898;0.58253;192.39
0.36154;0.59054;182.71
0.35987;0.57561;192.54
0.36410;0.62158;163.04
0.35180;0.62847;163.13
0.35117;0.61275;172.87
0.36282;0.60606;172.80
0.36593;0.65383;143.48
0.35298;0.66077;143.57
0.35272;0.64460;153.18
0.36501;0.63771;153.19
0.36693;0.68697;124.25
0.35332;0.69392;124.34
0.35348;0.67734;133.79
0.36643;0.67040;133.80
0.36702;0.72082;105.43
0.35274;0.72776;105.52
0.35336;0.71084;114.77
0.36698;0.70389;114.78
0.35116;0.76221;87.131
0.35229;0.74500;96.167
0.36613;0.75531;87.040
0.36657;0.73806;96.175
0.34854;0.79727;69.153
0.35020;0.77977;77.988
0.36420;0.79042;69.059
0.36516;0.77286;77.992
0.34487;0.83295;51.531
0.34706;0.81515;60.191
0.36123;0.82618;51.435
0.36272;0.80830;60.193
0.34014;0.86934;34.199
0.34286;0.85119;42.717
0.35723;0.86265;34.103
0.35923;0.84442;42.717
0.33762;0.88799;25.494
0.33437;0.90652;17.080
0.35470;0.88130;25.493
0.47395;0.18282;336.66
0.46670;0.16734;348.74
0.48518;0.16964;330.83
0.47856;0.15398;341.84
0.49664;0.15625;324.43
0.49002;0.14059;334.90
0.50811;0.14286;317.64
0.50209;0.12685;327.09
0.52473;0.10161;311.40
0.52955;0.11633;304.28
0.51281;0.11359;320.06
0.51883;0.12960;311.12
0.53897;0.10437;298.09
0.60890;0.072032;243.15
0.61762;0.079453;235.45
0.60344;0.083206;246.39
0.59459;0.067798;255.20
0.56759;0.080755;276.54
0.57719;0.089182;267.32
0.56279;0.090797;279.36
0.58147;0.070786;265.86
0.59031;0.086194;256.76
0.62972;0.087618;225.12
0.64251;0.094998;214.52
0.62764;0.099536;225.36
0.61554;0.091371;235.79
0.55499;0.10536;283.87
0.56160;0.11831;276.00
0.54558;0.11732;289.95
0.56939;0.10374;271.82
0.65449;0.11484;203.17
0.64106;0.10719;214.16
0.65593;0.10265;203.60
0.63262;0.12530;218.04
0.63013;0.11242;221.77
0.64355;0.12007;210.58
0.68358;0.10670;183.11
0.67048;0.098582;193.39
0.68515;0.093694;183.34
0.66904;0.11077;193.06
0.71493;0.083987;163.40
0.71339;0.097937;163.23
0.70006;0.089312;173.24
0.69849;0.10232;173.09
0.74538;0.072920;143.70
0.74398;0.087552;143.58
0.73022;0.078795;153.40
0.72869;0.092744;153.33
0.77626;0.060653;124.38
0.77507;0.075915;124.28
0.76093;0.067101;133.88
0.75953;0.081734;133.86
0.80737;0.047202;105.51
0.80644;0.063082;105.42
0.79195;0.054237;114.78
0.79076;0.069498;114.78
0.83862;0.032559;87.111
0.83798;0.049058;87.014
0.82314;0.040190;96.151
0.82221;0.056070;96.153
0.86999;0.016717;69.136
0.86966;0.033832;69.040
0.85446;0.024946;77.971
0.85382;0.041445;77.969
0.90155;-3.2182E-4;51.516
0.90155;0.017404;51.422
0.88594;0.0085031;60.178
0.88561;0.025618;60.177
0.93336;-0.018572;34.182
0.93372;-2.3093E-4;34.090
0.91763;-0.0091394;42.703
0.91763;0.0085867;42.705
0.94961;-0.028007;25.483
0.96549;-0.038066;17.071
0.94997;-0.0096665;25.486
0.35400;0.42331;295.52
0.34035;0.41637;308.33
0.35355;0.40805;306.37
0.34262;0.42861;298.33
0.33865;0.44025;292.28
0.34606;0.44660;283.80
0.33471;0.45229;285.85
0.35003;0.43496;289.71
0.38247;0.36063;319.65
0.38229;0.37765;308.72
0.36711;0.36845;324.93
0.36769;0.38522;313.21
0.36697;0.40200;302.33
0.38157;0.39443;298.26
0.38085;0.41121;287.78
0.36742;0.41726;291.80
0.49175;0.18532;319.80
0.49833;0.20101;308.74
0.48053;0.19850;325.13
0.48741;0.21357;313.57
0.39876;0.33620;323.54
0.39894;0.31926;333.76
0.41487;0.32878;316.18
0.41570;0.31144;325.60
0.39772;0.37028;303.16
0.39791;0.35326;313.62
0.41316;0.36290;297.25
0.41402;0.34584;306.78
0.47506;0.27361;298.77
0.46208;0.27738;307.26
0.46762;0.26257;309.71
0.47486;0.25311;308.03
0.48302;0.24041;306.71
0.48953;0.25469;295.52
0.48230;0.26415;297.26
0.50403;0.21652;298.46
0.50973;0.23204;288.16
0.49311;0.22908;302.87
0.49963;0.24337;292.00
0.44852;0.29806;307.64
0.44794;0.31498;299.34
0.43223;0.30454;316.76
0.43141;0.32188;307.90
0.47455;0.29859;287.62
0.46124;0.30678;293.61
0.46182;0.28987;301.47
0.47480;0.28610;293.26
0.33756;0.46753;273.64
0.35175;0.47710;259.96
0.33375;0.48173;265.61
0.34256;0.49491;252.35
0.34890;0.46185;271.77
0.36418;0.52347;223.63
0.35301;0.51231;235.89
0.37265;0.51192;227.15
0.36220;0.49451;243.29
0.36776;0.53966;211.79
0.37983;0.54430;203.74
0.36902;0.55249;203.24
0.37624;0.52811;215.33
0.38407;0.57557;183.04
0.37281;0.58305;182.97
0.37114;0.56812;192.72
0.38195;0.55993;193.31
0.38808;0.60675;163.12
0.37609;0.61417;163.17
0.37481;0.59865;172.84
0.38608;0.59116;173.00
0.39125;0.63892;143.53
0.37859;0.64638;143.60
0.37767;0.63025;153.21
0.38966;0.62284;153.25
0.39359;0.67199;124.29
0.38026;0.67948;124.37
0.37976;0.66291;133.82
0.39242;0.65545;133.84
0.39503;0.70582;105.45
0.38103;0.71332;105.54
0.38098;0.69639;114.79
0.39431;0.68890;114.80
0.38081;0.74782;87.142
0.38126;0.73057;96.181
0.39549;0.74033;87.052
0.39526;0.72307;96.191
0.37957;0.78296;69.158
0.38054;0.76540;77.996
0.39495;0.77550;69.066
0.39522;0.75791;78.002
0.37731;0.81876;51.534
0.37879;0.80088;60.195
0.39339;0.81135;51.440
0.39417;0.79342;60.199
0.37402;0.85531;34.200
0.37603;0.83707;42.719
0.39082;0.84796;34.106
0.39210;0.82965;42.721
0.37224;0.87404;25.495
0.36971;0.89269;17.081
0.38903;0.86669;25.496
0.51005;0.18779;303.05
0.50348;0.17210;313.63
0.52178;0.17457;296.98
0.51494;0.15871;307.35
0.52539;0.14476;301.73
0.54268;0.14667;286.31
0.53223;0.16062;291.83
0.53612;0.13150;295.35
0.55214;0.13249;281.32
0.61515;0.12320;231.75
0.59768;0.12110;245.85
0.61266;0.11032;235.61
0.57964;0.11970;260.70
0.58743;0.10514;256.60
0.60056;0.10215;246.36
0.57104;0.14507;262.96
0.55686;0.14587;274.51
0.56632;0.13169;269.54
0.58436;0.13308;254.48
0.62727;0.13732;220.19
0.62191;0.14933;222.15
0.60979;0.13522;233.94
0.64137;0.13367;210.21
0.65230;0.12844;202.92
0.65011;0.14204;202.45
0.63601;0.14569;212.23
0.68144;0.12042;183.01
0.67929;0.13414;182.71
0.66689;0.12449;192.86
0.66470;0.13809;192.51
0.71136;0.11191;163.21
0.70934;0.12588;163.00
0.69646;0.11629;172.98
0.69431;0.13001;172.78
0.74203;0.10212;143.65
0.74008;0.11668;143.52
0.72673;0.10731;153.30
0.72471;0.12128;153.18
0.77329;0.091112;124.37
0.77150;0.10631;124.27
0.75774;0.096930;133.86
0.75579;0.11150;133.83
0.80488;0.078908;105.52
0.80332;0.094734;105.42
0.78920;0.085324;114.79
0.78741;0.10052;114.78
0.83669;0.065514;87.112
0.83539;0.081969;87.017
0.82092;0.072525;96.155
0.81936;0.088351;96.159
0.86866;0.050920;69.134
0.86766;0.068008;69.037
0.85282;0.058533;77.968
0.85153;0.074988;77.969
0.90086;0.035121;51.519
0.90017;0.052837;51.423
0.88492;0.043335;60.177
0.88392;0.060423;60.175
0.93336;0.018114;34.188
0.93300;0.036460;34.094
0.91727;0.026932;42.707
0.91658;0.044648;42.707
0.94998;0.0093141;25.481
0.96624;-1.2143E-4;17.072
0.94962;0.027659;25.483
0.36486;0.43529;281.18
0.37829;0.42924;277.55
0.37572;0.44727;267.23
0.36089;0.44694;275.54
0.36374;0.46218;263.83
0.39385;0.41946;274.74
0.40686;0.42771;262.01
0.39129;0.43749;264.85
0.41234;0.38008;287.51
0.41152;0.39725;277.69
0.39691;0.38745;292.97
0.39619;0.40423;282.90
0.40919;0.41248;269.90
0.52791;0.19112;286.93
0.53405;0.20766;276.80
0.51619;0.20433;292.52
0.52189;0.21985;282.64
0.42908;0.35584;290.49
0.42994;0.33878;299.54
0.44501;0.34877;283.44
0.44648;0.33187;291.50
0.42671;0.39033;272.22
0.42753;0.37315;281.62
0.44189;0.38340;266.47
0.44345;0.36609;275.04
0.54083;0.24012;260.81
0.52528;0.23608;274.30
0.53744;0.22389;268.88
0.48674;0.27770;287.86
0.49842;0.28179;277.18
0.48648;0.29019;282.51
0.49398;0.26824;286.34
0.50433;0.25866;282.22
0.51442;0.24733;278.72
0.51912;0.26263;269.25
0.50877;0.27221;273.33
0.52997;0.25138;265.17
0.47705;0.31571;277.62
0.47956;0.33283;267.57
0.46375;0.32391;283.21
0.46228;0.34080;275.65
0.50286;0.31045;261.45
0.49121;0.32164;264.68
0.48870;0.30452;274.37
0.50064;0.29612;269.34
0.38639;0.48073;240.21
0.37952;0.49632;233.78
0.36907;0.47892;250.10
0.38106;0.46400;253.57
0.40028;0.50437;218.81
0.38647;0.50814;223.07
0.39334;0.49255;229.40
0.39057;0.53675;203.67
0.38698;0.52057;215.16
0.40131;0.52921;203.41
0.40080;0.51679;211.08
0.40616;0.55949;183.45
0.39512;0.56753;183.35
0.39300;0.55189;193.52
0.40374;0.54435;193.36
0.41148;0.59083;163.29
0.39978;0.59879;163.30
0.39778;0.58320;173.09
0.40882;0.57516;173.29
0.41597;0.62297;143.60
0.40361;0.63095;143.66
0.40203;0.61486;153.29
0.41373;0.60690;153.37
0.41965;0.65595;124.33
0.40662;0.66397;124.40
0.40545;0.64744;133.86
0.41781;0.63946;133.90
0.42244;0.68972;105.48
0.40873;0.69777;105.56
0.40801;0.68085;114.82
0.42104;0.67284;114.84
0.40988;0.73226;87.155
0.40965;0.71501;96.199
0.42426;0.72420;87.066
0.42335;0.70696;96.211
0.41002;0.76744;69.165
0.41030;0.74985;78.005
0.42510;0.75937;69.073
0.42468;0.74179;78.012
0.40917;0.80331;51.538
0.40995;0.78538;60.201
0.42494;0.79527;51.444
0.42502;0.77732;60.204
0.40731;0.83996;34.203
0.40860;0.82165;42.723
0.42381;0.83195;34.109
0.42438;0.81361;42.724
0.40626;0.85875;25.498
0.40448;0.87748;17.083
0.42276;0.85075;25.499
0.54210;0.17640;279.34
0.56243;0.17823;262.28
0.54824;0.19295;269.74
0.55255;0.16245;274.26
0.56673;0.16165;262.83
0.58340;0.15277;251.38
0.59576;0.16046;240.03
0.57909;0.16935;251.15
0.60884;0.15490;231.06
0.59672;0.14078;243.18
0.61982;0.17313;219.09
0.60779;0.16679;229.46
0.62086;0.16123;220.70
0.64386;0.16696;202.67
0.63289;0.15815;212.34
0.64699;0.15450;202.65
0.63184;0.17004;210.84
0.67344;0.16097;182.71
0.66178;0.15150;192.51
0.67637;0.14755;182.81
0.65865;0.16396;192.61
0.70659;0.13983;163.09
0.70384;0.15378;162.98
0.69157;0.14396;172.77
0.68864;0.15737;172.77
0.73753;0.13119;143.59
0.73499;0.14570;143.47
0.72217;0.13579;153.16
0.71942;0.14974;153.15
0.76912;0.12143;124.36
0.76675;0.13655;124.26
0.75341;0.12662;133.82
0.75087;0.14112;133.79
0.80115;0.11048;105.52
0.79897;0.12623;105.43
0.78523;0.11627;114.79
0.78286;0.13139;114.78
0.83345;0.098353;87.118
0.83151;0.11474;87.026
0.81742;0.10474;96.164
0.81524;0.12048;96.168
0.86599;0.085035;69.133
0.86432;0.10206;69.037
0.84986;0.092015;77.970
0.84792;0.10840;77.974
0.89879;0.070511;51.517
0.89740;0.088185;51.419
0.88253;0.078096;60.174
0.88086;0.095123;60.174
0.93192;0.054778;34.191
0.93084;0.073097;34.095
0.91551;0.062967;42.708
0.91412;0.080641;42.705
0.94887;0.046628;25.488
0.96550;0.037828;17.072
0.94779;0.064947;25.488
0.40554;0.45838;244.05
0.39063;0.45282;255.55
0.40620;0.44304;253.03
0.39597;0.46955;242.27
0.42678;0.44565;239.99
0.41616;0.45201;242.12
0.41682;0.43668;250.88
0.42562;0.40840;262.38
0.44080;0.40148;257.05
0.43971;0.41955;247.53
0.42328;0.42363;254.86
0.43324;0.43260;243.87
0.55264;0.21384;260.11
0.56683;0.19912;253.27
0.57123;0.22001;243.96
0.55603;0.23007;252.47
0.56668;0.24980;238.18
0.55376;0.24496;249.36
0.56896;0.23491;241.20
0.47264;0.36974;253.85
0.45726;0.37657;260.28
0.45882;0.35926;268.43
0.47610;0.35129;260.87
0.46931;0.40217;239.18
0.45451;0.41086;243.51
0.45560;0.39279;252.64
0.47097;0.38596;246.58
0.53458;0.26826;255.48
0.54544;0.25701;251.47
0.55004;0.27389;242.08
0.55836;0.26184;240.26
0.52619;0.29314;251.98
0.52265;0.27788;260.64
0.53812;0.28352;247.14
0.51452;0.30180;256.82
0.51231;0.28747;264.42
0.50059;0.35969;240.50
0.48661;0.36472;247.23
0.49007;0.34626;253.87
0.50921;0.33455;246.29
0.49438;0.33369;256.86
0.50604;0.32250;253.86
0.50490;0.34712;243.49
0.51917;0.32847;242.16
0.51599;0.31642;249.55
0.52913;0.32239;237.93
0.52766;0.30777;245.00
0.40745;0.49557;220.62
0.40051;0.48375;231.22
0.41462;0.48677;222.29
0.41008;0.47257;233.07
0.41112;0.50860;211.09
0.42196;0.51284;203.45
0.41163;0.52103;203.53
0.41829;0.49980;212.80
0.42837;0.54299;183.28
0.41727;0.55124;183.47
0.41484;0.53610;193.26
0.42516;0.52791;193.29
0.42296;0.58244;163.42
0.42030;0.56677;173.32
0.43444;0.57405;163.35
0.43141;0.55852;173.24
0.44011;0.60605;143.66
0.42804;0.61451;143.73
0.42580;0.59844;153.40
0.43728;0.59005;153.43
0.44507;0.63890;124.37
0.43236;0.64743;124.44
0.43052;0.63094;133.92
0.44259;0.62248;133.95
0.43581;0.68113;105.59
0.43442;0.66425;114.85
0.44919;0.67255;105.50
0.44713;0.65573;114.87
0.43832;0.71557;87.170
0.43741;0.69833;96.219
0.45238;0.70694;87.082
0.45078;0.68975;96.232
0.43985;0.75072;69.172
0.43943;0.73314;78.016
0.45461;0.74207;69.079
0.45349;0.72451;78.023
0.44040;0.78661;51.540
0.44048;0.76867;60.204
0.45586;0.77796;51.444
0.45523;0.76002;60.207
0.43998;0.82331;34.204
0.44055;0.80497;42.724
0.45616;0.81467;34.107
0.45601;0.79631;42.724
0.43967;0.84213;25.499
0.43862;0.86092;17.084
0.45584;0.83349;25.498
0.61075;0.18452;223.38
0.60168;0.19591;227.48
0.59872;0.17819;233.88
0.58205;0.18707;244.58
0.58645;0.20796;235.83
0.62774;0.18316;211.14
0.63976;0.18007;203.07
0.63566;0.19318;203.26
0.61867;0.19455;215.25
0.66991;0.17420;182.87
0.66638;0.18744;182.83
0.65512;0.17720;192.68
0.65102;0.19031;192.97
0.70050;0.16760;163.10
0.69715;0.18143;163.03
0.68530;0.17120;172.80
0.68177;0.18444;172.86
0.73184;0.16010;143.57
0.72868;0.17451;143.47
0.71626;0.16414;153.16
0.71292;0.17797;153.18
0.76377;0.15156;124.35
0.76079;0.16658;124.26
0.74789;0.15614;133.79
0.74474;0.17054;133.80
0.79617;0.14188;105.53
0.79338;0.15753;105.44
0.78006;0.14704;114.78
0.77709;0.16205;114.78
0.82893;0.13103;87.128
0.82634;0.14732;87.038
0.81265;0.13677;96.174
0.80986;0.15242;96.177
0.86198;0.11900;69.136
0.85963;0.13594;69.043
0.84557;0.12534;77.978
0.84299;0.14163;77.983
0.89533;0.10578;51.514
0.89325;0.12338;51.417
0.87879;0.11272;60.173
0.87644;0.12966;60.176
0.92905;0.091356;34.190
0.92726;0.10962;34.092
0.91233;0.098900;42.704
0.91025;0.11650;42.703
0.94630;0.083872;25.489
0.96326;0.075722;17.077
0.94451;0.10213;25.487
0.43145;0.46818;224.43
0.42303;0.47747;223.46
0.41849;0.46328;234.17
0.42911;0.45691;232.18
0.43911;0.44746;232.09
0.44557;0.43442;235.78
0.45143;0.44928;224.25
0.44144;0.45873;224.46
0.60300;0.22421;219.25
0.58711;0.22211;231.46
0.60234;0.21006;223.45
0.46136;0.44044;223.51
0.45550;0.42558;234.92
0.47130;0.43160;222.57
0.47030;0.41688;230.87
0.49016;0.41736;218.91
0.48073;0.42448;220.82
0.47973;0.40976;228.94
0.58992;0.24415;223.05
0.58057;0.23208;233.43
0.59646;0.23418;221.23
0.57830;0.24697;230.59
0.57407;0.25921;229.76
0.58569;0.25638;222.34
0.58146;0.26862;221.44
0.56575;0.27126;231.70
0.57463;0.29089;218.69
0.56234;0.28239;230.25
0.57804;0.27976;220.14
0.49497;0.40476;222.31
0.48454;0.39717;232.42
0.49977;0.39217;225.52
0.48620;0.38095;239.49
0.50018;0.37593;233.07
0.52150;0.37623;219.47
0.51063;0.38420;222.59
0.51104;0.36796;229.88
0.56515;0.29997;221.97
0.55566;0.30905;225.09
0.55285;0.29147;233.64
0.54240;0.31572;231.57
0.54092;0.30110;238.36
0.52614;0.36408;221.97
0.51569;0.35581;232.41
0.53079;0.35192;224.28
0.52000;0.34324;235.16
0.52996;0.33716;231.15
0.54969;0.33566;218.68
0.53941;0.32903;228.21
0.55267;0.32236;221.98
0.54024;0.34379;221.56
0.43184;0.50465;203.38
0.42818;0.49162;212.65
0.44173;0.49647;203.13
0.43659;0.48232;213.69
0.44953;0.52582;183.16
0.43895;0.53440;183.32
0.43574;0.51933;193.22
0.44563;0.51114;193.07
0.45683;0.55652;163.28
0.44564;0.56529;163.41
0.44260;0.54976;173.20
0.45318;0.54117;173.15
0.46363;0.58825;143.66
0.45187;0.59715;143.76
0.44904;0.58115;153.43
0.46023;0.57239;153.40
0.46982;0.62089;124.39
0.45744;0.62990;124.47
0.45496;0.61347;133.96
0.46672;0.60457;133.96
0.46221;0.66345;105.61
0.46015;0.64663;114.88
0.47524;0.65436;105.53
0.47253;0.63762;114.89
0.46608;0.69777;87.187
0.46449;0.68058;96.241
0.47979;0.68860;87.099
0.47751;0.67148;96.251
0.46900;0.73285;69.179
0.46789;0.71528;78.028
0.48340;0.72363;69.088
0.48159;0.70611;78.036
0.47097;0.76870;51.540
0.47034;0.75076;60.207
0.48607;0.75945;51.444
0.48474;0.74154;60.211
0.47199;0.80540;34.201
0.47184;0.78704;42.722
0.48781;0.79613;34.103
0.48694;0.77779;42.722
0.47240;0.82422;25.496
0.47209;0.84304;17.082
0.48823;0.81495;25.493
0.62745;0.21744;203.49
0.61457;0.20668;215.36
0.63156;0.20531;203.47
0.61522;0.22083;211.34
0.65766;0.21372;183.36
0.64666;0.20345;193.23
0.66202;0.20058;183.19
0.64255;0.21558;193.35
0.68923;0.20879;163.18
0.67781;0.19811;172.93
0.69319;0.19511;163.20
0.67345;0.21125;173.19
0.72493;0.18877;143.59
0.72117;0.20304;143.52
0.70916;0.19223;153.21
0.70520;0.20591;153.28
0.75722;0.18146;124.36
0.75364;0.19634;124.27
0.74116;0.18542;133.80
0.73741;0.19969;133.83
0.78997;0.17305;105.54
0.78657;0.18857;105.45
0.77368;0.17757;114.79
0.77010;0.19245;114.79
0.82312;0.16348;87.139
0.81990;0.17965;87.049
0.80664;0.16859;96.183
0.80323;0.18411;96.186
0.85662;0.15276;69.145
0.85361;0.16959;69.055
0.83998;0.15845;77.989
0.83676;0.17462;77.994
0.89048;0.14087;51.515
0.88771;0.15836;51.422
0.87367;0.14715;60.179
0.87066;0.16397;60.184
0.92475;0.12778;34.188
0.92224;0.14595;34.091
0.90774;0.13466;42.703
0.90497;0.15215;42.705
0.94228;0.12098;25.487
0.95954;0.11350;17.077
0.93977;0.13915;25.486
0.45117;0.48745;203.38
0.44603;0.47331;213.86
0.46060;0.47844;203.44
0.45602;0.46386;213.76
0.47969;0.45993;203.12
0.47015;0.46918;203.38
0.46556;0.45460;213.59
0.47549;0.44576;212.78
0.61082;0.23369;211.08
0.62305;0.23031;203.35
0.61865;0.24318;202.99
0.60428;0.24366;212.94
0.49748;0.44129;202.79
0.48859;0.45061;203.05
0.48439;0.43644;212.59
0.49382;0.42932;210.81
0.50212;0.41828;211.45
0.51408;0.41919;204.04
0.50578;0.43024;203.52
0.50692;0.40568;214.69
0.61410;0.25494;202.85
0.60955;0.26671;202.53
0.59973;0.25543;212.71
0.59550;0.26767;211.92
0.59913;0.28991;202.35
0.59029;0.27927;211.82
0.60434;0.27831;202.53
0.58688;0.29040;210.47
0.58074;0.30194;210.66
0.59300;0.30145;202.62
0.58686;0.31299;202.71
0.57126;0.31102;213.79
0.52229;0.40950;203.77
0.51514;0.39598;214.32
0.53051;0.39980;203.32
0.52600;0.38802;211.36
0.53362;0.37702;211.56
0.54575;0.37780;203.71
0.53813;0.38880;203.62
0.53827;0.36486;213.92
0.57382;0.33440;203.42
0.56474;0.32172;214.16
0.58034;0.32369;203.15
0.56176;0.33503;211.02
0.55483;0.34676;210.87
0.56690;0.34612;203.38
0.55997;0.35785;203.13
0.55286;0.36783;203.51
0.54538;0.35489;213.61
0.46983;0.50784;183.12
0.45968;0.51683;183.24
0.45578;0.50215;193.05
0.46522;0.49314;193.20
0.47841;0.53819;163.23
0.46762;0.54736;163.35
0.46397;0.53200;173.12
0.47412;0.52301;173.10
0.48645;0.56959;143.63
0.47504;0.57892;143.74
0.47164;0.56306;153.38
0.48243;0.55389;153.36
0.49387;0.60195;124.38
0.48184;0.61142;124.48
0.47875;0.59510;133.95
0.49016;0.58577;133.94
0.48790;0.64476;105.63
0.48519;0.62803;114.90
0.50057;0.63517;105.54
0.49722;0.61856;114.89
0.49311;0.67891;87.202
0.49084;0.66179;96.259
0.50644;0.66922;87.113
0.50350;0.65219;96.263
0.49742;0.71385;69.189
0.49561;0.69634;78.041
0.51143;0.70407;69.098
0.50894;0.68664;78.048
0.50080;0.74961;51.541
0.49946;0.73170;60.213
0.51552;0.73977;51.447
0.51348;0.72192;60.218
0.50326;0.78624;34.197
0.50239;0.76790;42.720
0.51871;0.77636;34.099
0.51711;0.75807;42.721
0.50442;0.80504;25.491
0.50484;0.82385;17.077
0.51987;0.79515;25.489
0.65339;0.22665;183.30
0.64913;0.23958;183.06
0.63829;0.22851;193.19
0.63389;0.24138;192.95
0.68037;0.23580;163.24
0.66901;0.22476;173.22
0.68480;0.22230;163.30
0.66475;0.23769;173.07
0.71255;0.23125;143.57
0.70089;0.22002;153.30
0.71686;0.21714;143.64
0.69646;0.23353;153.33
0.74947;0.21106;124.38
0.74531;0.22578;124.30
0.73324;0.21441;133.84
0.72893;0.22851;133.86
0.78256;0.20393;105.55
0.77855;0.21929;105.45
0.76609;0.20782;114.80
0.76193;0.22254;114.81
0.81605;0.19567;87.149
0.81220;0.21169;87.057
0.79939;0.20013;96.190
0.79538;0.21549;96.194
0.84994;0.18627;69.157
0.84628;0.20296;69.067
0.83309;0.19131;78.000
0.82924;0.20733;78.004
0.88425;0.17572;51.523
0.88079;0.19308;51.432
0.86720;0.18133;60.189
0.86353;0.19802;60.195
0.91901;0.16400;34.189
0.91579;0.18204;34.095
0.90175;0.17020;42.707
0.89829;0.18756;42.712
0.93681;0.15789;25.486
0.95434;0.15109;17.076
0.93358;0.17594;25.488
0.48949;0.48895;183.11
0.47966;0.49839;183.21
0.47505;0.48369;193.20
0.48459;0.47444;193.04
0.50837;0.46935;183.07
0.49893;0.47915;183.19
0.49403;0.46464;193.02
0.50293;0.45532;192.86
0.63926;0.26480;183.05
0.62896;0.25399;192.94
0.64419;0.25219;183.15
0.62440;0.26576;192.72
0.52611;0.44878;183.35
0.51724;0.45907;183.31
0.51179;0.44503;193.00
0.52009;0.43399;193.62
0.54274;0.42723;183.93
0.53443;0.43800;183.74
0.52841;0.42321;193.90
0.53662;0.41352;193.56
0.63406;0.27720;183.00
0.62885;0.28959;182.77
0.61920;0.27815;192.58
0.61399;0.28975;192.48
0.62289;0.30181;182.89
0.61693;0.31402;182.82
0.60803;0.30197;192.51
0.60189;0.31350;192.69
0.60361;0.33791;183.18
0.59524;0.32545;192.87
0.61027;0.32597;183.10
0.58872;0.33616;193.21
0.55960;0.40584;183.53
0.55117;0.41653;183.82
0.54505;0.40282;193.35
0.55267;0.39182;193.55
0.57473;0.38352;183.76
0.56716;0.39468;183.74
0.56024;0.38066;193.66
0.56735;0.37068;193.38
0.59681;0.34945;183.30
0.59000;0.36099;183.24
0.58191;0.34769;193.26
0.58236;0.37225;183.60
0.57498;0.35942;193.11
0.49920;0.51901;163.21
0.48881;0.52860;163.31
0.48452;0.51342;173.09
0.49434;0.50398;173.08
0.50849;0.55005;143.61
0.49747;0.55982;143.72
0.49345;0.54412;153.35
0.50385;0.53453;153.34
0.51717;0.58208;124.37
0.50552;0.59202;124.47
0.50181;0.57584;133.93
0.51283;0.56607;133.92
0.52514;0.61502;105.53
0.51285;0.62509;105.63
0.50950;0.60848;114.89
0.52115;0.59855;114.89
0.51938;0.65901;87.213
0.51644;0.64199;96.268
0.53231;0.64880;87.122
0.52873;0.63191;96.267
0.52505;0.69376;69.199
0.52255;0.67633;78.053
0.53866;0.68344;69.108
0.53549;0.66612;78.057
0.52984;0.72936;51.546
0.52779;0.71151;60.221
0.54415;0.71895;51.453
0.54141;0.70120;60.226
0.53375;0.76588;34.195
0.53215;0.74758;42.722
0.54878;0.75540;34.100
0.54647;0.73718;42.725
0.53564;0.78461;25.488
0.53680;0.80340;17.074
0.55068;0.77413;25.489
0.67065;0.26238;163.18
0.65989;0.25098;173.04
0.67551;0.24909;163.31
0.65496;0.26359;173.04
0.70289;0.25908;143.58
0.69163;0.24744;153.34
0.70772;0.24516;143.67
0.68677;0.26073;153.31
0.73584;0.25487;124.31
0.72420;0.24306;133.87
0.74057;0.24032;124.40
0.71937;0.25697;133.88
0.77394;0.23448;105.55
0.76933;0.24966;105.46
0.75732;0.23772;114.81
0.75259;0.25227;114.82
0.80773;0.22754;87.155
0.80327;0.24339;87.062
0.79091;0.23134;96.197
0.78630;0.24653;96.201
0.84196;0.21948;69.167
0.83765;0.23600;69.075
0.82492;0.22385;78.009
0.82046;0.23970;78.011
0.87665;0.21028;51.534
0.87251;0.22749;51.444
0.85939;0.21522;60.201
0.85508;0.23175;60.205
0.91185;0.19994;34.196
0.90792;0.21784;34.104
0.89435;0.20546;42.717
0.89022;0.22267;42.722
0.92988;0.19455;25.490
0.94767;0.18844;17.078
0.92594;0.21245;25.494
0.51919;0.49896;163.24
0.50919;0.50898;163.32
0.50434;0.49395;173.10
0.51378;0.48415;173.08
0.53830;0.47800;163.36
0.52875;0.48848;163.39
0.52334;0.47368;173.14
0.53221;0.46339;173.28
0.65995;0.28848;163.12
0.64961;0.27664;173.01
0.66530;0.27543;163.25
0.64440;0.28903;172.87
0.55650;0.45623;163.56
0.54740;0.46712;163.55
0.54131;0.45250;173.38
0.54962;0.44173;173.66
0.57394;0.43391;163.63
0.56522;0.44507;163.69
0.55834;0.43057;173.70
0.56677;0.41987;173.51
0.65407;0.30130;163.20
0.64818;0.31412;163.09
0.63852;0.30185;172.86
0.63256;0.31407;172.88
0.63522;0.33925;163.19
0.62608;0.32664;172.94
0.64170;0.32669;163.24
0.61942;0.33858;173.11
0.62127;0.36378;163.33
0.61244;0.35085;173.18
0.62825;0.35151;163.36
0.60564;0.36238;173.21
0.59058;0.41107;163.60
0.58226;0.42249;163.71
0.57509;0.40845;173.49
0.58265;0.39730;173.60
0.60636;0.38768;163.49
0.59818;0.37434;173.29
0.61382;0.37573;163.51
0.59847;0.39938;163.64
0.59055;0.38560;173.55
0.52973;0.52961;143.62
0.51911;0.53983;143.71
0.51447;0.52431;153.34
0.52446;0.51428;153.35
0.53968;0.56129;124.36
0.52842;0.57169;124.46
0.52409;0.55567;133.92
0.53470;0.54545;133.92
0.54892;0.59389;105.53
0.53703;0.60446;105.63
0.53304;0.58799;114.88
0.54430;0.57759;114.88
0.54485;0.63809;87.220
0.54126;0.62120;96.269
0.55739;0.62738;87.125
0.55316;0.61064;96.267
0.55187;0.67260;69.208
0.54869;0.65528;78.061
0.56507;0.66175;69.116
0.56123;0.64457;78.063
0.55805;0.70799;51.553
0.55530;0.69024;60.230
0.57194;0.69703;51.461
0.56851;0.67939;60.234
0.56339;0.74434;34.199
0.56108;0.72611;42.728
0.57800;0.73327;34.106
0.57497;0.71515;42.732
0.56603;0.76298;25.490
0.56792;0.78171;17.074
0.58063;0.75192;25.493
0.69220;0.28649;143.56
0.68143;0.27443;153.30
0.69755;0.27278;143.67
0.67608;0.28748;153.27
0.72526;0.28357;124.31
0.71408;0.27132;133.88
0.73055;0.26922;124.41
0.70873;0.28503;133.87
0.75893;0.27966;105.47
0.74739;0.26727;114.83
0.76413;0.26466;105.56
0.74209;0.28162;114.83
0.79818;0.25905;87.159
0.79310;0.27472;87.064
0.78121;0.26219;96.203
0.77601;0.27719;96.206
0.83269;0.25234;69.173
0.82774;0.26868;69.079
0.81550;0.25604;78.013
0.81042;0.27170;78.014
0.86771;0.24452;51.544
0.86290;0.26154;51.452
0.85027;0.24877;60.210
0.84532;0.26511;60.211
0.90329;0.23557;34.205
0.89866;0.25330;34.113
0.88558;0.24039;42.727
0.88078;0.25742;42.731
0.92151;0.23089;25.498
0.93954;0.22549;17.083
0.91688;0.24862;25.502
0.55011;0.50828;143.67
0.53992;0.51895;143.74
0.53465;0.50362;153.38
0.54421;0.49314;153.44
0.56960;0.48612;143.77
0.55985;0.49720;143.82
0.55395;0.48206;153.49
0.56305;0.47118;153.59
0.68044;0.31343;143.55
0.67020;0.30095;153.26
0.68632;0.29996;143.65
0.66431;0.31378;153.25
0.58820;0.46324;143.85
0.57890;0.47468;143.90
0.57235;0.45974;153.63
0.58107;0.44857;153.67
0.60594;0.43975;143.87
0.59707;0.45149;143.95
0.58994;0.43683;153.67
0.59826;0.42541;153.66
0.66758;0.33987;143.58
0.65788;0.32700;153.27
0.67401;0.32665;143.66
0.65140;0.33956;153.32
0.65364;0.36574;143.65
0.64443;0.35250;153.35
0.66061;0.35281;143.71
0.63746;0.36476;153.42
0.63870;0.39101;143.74
0.62998;0.37739;153.46
0.64617;0.37838;143.79
0.62253;0.38935;153.54
0.62278;0.41567;143.82
0.61457;0.40168;153.59
0.63074;0.40334;143.88
0.61436;0.42771;143.94
0.60668;0.41337;153.63
0.56134;0.53958;124.38
0.55051;0.55043;124.47
0.54553;0.53459;133.93
0.55572;0.52393;133.96
0.57187;0.57182;105.54
0.56039;0.58285;105.63
0.55577;0.56655;114.88
0.56660;0.55570;114.90
0.56952;0.61617;87.223
0.56528;0.59943;96.268
0.58164;0.60496;87.127
0.57676;0.58839;96.271
0.57786;0.65039;69.215
0.57402;0.63320;78.066
0.59064;0.63903;69.121
0.58614;0.62200;78.067
0.58540;0.68553;51.561
0.58197;0.66789;60.238
0.59886;0.67402;51.469
0.59475;0.65653;60.241
0.59216;0.72164;34.205
0.58913;0.70352;42.736
0.60633;0.71001;34.114
0.60260;0.69202;42.740
0.59553;0.74017;25.495
0.59816;0.75881;17.077
0.60969;0.72854;25.499
0.71356;0.31183;124.32
0.70288;0.29916;133.87
0.71941;0.29770;124.41
0.69700;0.31263;133.87
0.74735;0.30925;105.48
0.73631;0.29641;114.83
0.75314;0.29446;105.57
0.73045;0.31054;114.83
0.78739;0.29018;87.162
0.78169;0.30564;87.068
0.77031;0.29265;96.208
0.76452;0.30744;96.211
0.82214;0.28482;69.176
0.81655;0.30096;69.080
0.80482;0.28784;78.015
0.79912;0.30330;78.017
0.85743;0.27837;51.549
0.85197;0.29520;51.455
0.83985;0.28194;60.213
0.83426;0.29808;60.213
0.89334;0.27083;34.212
0.88801;0.28837;34.119
0.87546;0.27496;42.734
0.86999;0.29178;42.735
0.91173;0.26687;25.504
0.92995;0.26219;17.088
0.90641;0.28441;25.507
0.58211;0.51699;124.43
0.57172;0.52828;124.50
0.56611;0.51264;133.98
0.57586;0.50156;134.03
0.60196;0.49361;124.48
0.59204;0.50530;124.55
0.58578;0.48987;134.06
0.59508;0.47843;134.10
0.70074;0.33961;124.33
0.69059;0.32652;133.87
0.70715;0.32572;124.42
0.68416;0.33974;133.89
0.62087;0.46953;124.51
0.61142;0.48157;124.59
0.60454;0.46638;134.11
0.61341;0.45464;134.12
0.63884;0.44480;124.50
0.62986;0.45716;124.60
0.62239;0.44227;134.11
0.63081;0.43023;134.09
0.68682;0.36684;124.37
0.67720;0.35335;133.91
0.69378;0.35322;124.45
0.67023;0.36629;133.94
0.67184;0.39346;124.41
0.66274;0.37960;133.96
0.67933;0.38015;124.48
0.65527;0.39223;134.01
0.65584;0.41945;124.46
0.64727;0.40523;134.03
0.66384;0.40645;124.53
0.64734;0.43212;124.58
0.63931;0.41756;134.07
0.59394;0.54882;105.55
0.58290;0.56032;105.64
0.57764;0.54420;114.90
0.58802;0.53290;114.93
0.60501;0.58158;87.134
0.59333;0.59327;87.227
0.58844;0.57670;96.274
0.59947;0.56520;96.283
0.61532;0.61528;69.127
0.60298;0.62716;69.220
0.59848;0.61012;78.070
0.61017;0.59843;78.073
0.62488;0.64995;51.477
0.61187;0.66199;51.569
0.60776;0.64449;60.245
0.62010;0.63262;60.248
0.62003;0.69782;34.214
0.61630;0.67983;42.744
0.63374;0.68563;34.122
0.62931;0.66779;42.748
0.62412;0.71621;25.502
0.62748;0.73474;17.083
0.63782;0.70402;25.506
0.73460;0.33837;105.49
0.72408;0.32510;114.84
0.74098;0.32381;105.58
0.71767;0.33899;114.85
0.77538;0.32087;87.168
0.76907;0.33611;87.077
0.75821;0.32268;96.215
0.75183;0.33724;96.221
0.81032;0.31688;69.177
0.80410;0.33280;69.083
0.79290;0.31922;78.018
0.78658;0.33445;78.022
0.84584;0.31181;51.551
0.83972;0.32843;51.455
0.82814;0.31469;60.214
0.82191;0.33061;60.214
0.88201;0.30568;34.215
0.87601;0.32300;34.120
0.86399;0.30910;42.736
0.85786;0.32571;42.736
0.90054;0.30245;25.508
0.91894;0.29849;17.091
0.89454;0.31977;25.508
0.61507;0.52496;105.58
0.60450;0.53689;105.66
0.59859;0.52098;114.94
0.60851;0.50928;114.97
0.63522;0.50033;105.60
0.62515;0.51265;105.69
0.61859;0.49697;114.98
0.62805;0.48493;114.99
0.72071;0.36696;105.51
0.71072;0.35328;114.86
0.72765;0.35267;105.60
0.70376;0.36690;114.87
0.65438;0.47500;105.60
0.64480;0.48766;105.70
0.63763;0.47226;114.99
0.64661;0.45990;114.99
0.67252;0.44899;105.59
0.66345;0.46199;105.69
0.65568;0.44689;114.98
0.66418;0.43422;114.96
0.70570;0.39495;105.54
0.69626;0.38090;114.89
0.71320;0.38096;105.62
0.68877;0.39421;114.91
0.68963;0.42231;105.56
0.68074;0.40788;114.92
0.69767;0.40863;105.65
0.68108;0.43565;105.67
0.67273;0.42088;114.95
0.62744;0.55728;87.145
0.61623;0.56943;87.236
0.61069;0.55305;96.289
0.62125;0.54112;96.302
0.63906;0.59057;69.135
0.62719;0.60292;69.227
0.62204;0.58607;78.077
0.63325;0.57392;78.083
0.64997;0.62485;51.485
0.63742;0.63740;51.578
0.63264;0.62007;60.252
0.64451;0.60771;60.256
0.66019;0.66018;34.130
0.64696;0.67291;34.222
0.64254;0.65507;42.752
0.65508;0.64252;42.756
0.65176;0.69113;25.509
0.65585;0.70952;17.088
0.66499;0.67841;25.513
0.75524;0.36607;87.092
0.74492;0.35222;96.230
0.76215;0.35109;87.181
0.73797;0.36651;96.240
0.79724;0.34847;69.183
0.79038;0.36414;69.091
0.77973;0.35012;78.027
0.77281;0.36510;78.034
0.83294;0.34480;51.552
0.82616;0.36117;51.457
0.81513;0.34698;60.216
0.80827;0.36265;60.220
0.86933;0.34008;34.215
0.86265;0.35716;34.119
0.85118;0.34279;42.735
0.84441;0.35916;42.736
0.88798;0.33757;25.508
0.90651;0.33433;17.092
0.88130;0.35465;25.507
0.64888;0.53213;87.157
0.63816;0.54470;87.248
0.63197;0.52855;96.308
0.64205;0.51623;96.318
0.66928;0.50622;87.163
0.65908;0.51918;87.256
0.65225;0.50327;96.320
0.66183;0.49061;96.322
0.74024;0.39545;87.113
0.73047;0.38120;96.251
0.74774;0.38076;87.199
0.72297;0.39520;96.264
0.68862;0.47958;87.159
0.67895;0.49290;87.256
0.67150;0.47729;96.319
0.68057;0.46428;96.312
0.70691;0.45223;87.148
0.69776;0.46591;87.249
0.68971;0.45061;96.307
0.69827;0.43727;96.295
0.73218;0.40981;87.219
0.72412;0.42418;87.133
0.71491;0.40957;96.274
0.71551;0.43821;87.236
0.70687;0.42324;96.287
0.66181;0.56494;69.142
0.65044;0.57775;69.235
0.64462;0.56111;78.086
0.65534;0.54854;78.092
0.67405;0.59878;51.491
0.66201;0.61181;51.584
0.65656;0.59467;60.258
0.66793;0.58186;60.262
0.68564;0.63370;34.135
0.67291;0.64694;34.228
0.66780;0.62927;42.758
0.67984;0.61624;42.761
0.67841;0.66497;25.514
0.68321;0.68320;17.093
0.69114;0.65173;25.517
0.78291;0.37953;69.195
0.77544;0.39491;69.106
0.76534;0.38049;78.042
0.75784;0.39518;78.052
0.81874;0.37726;51.556
0.81132;0.39335;51.464
0.80085;0.37875;60.224
0.79338;0.39413;60.230
0.85530;0.37397;34.215
0.84795;0.39078;34.120
0.83706;0.37597;42.737
0.82963;0.39207;42.740
0.87404;0.37218;25.507
0.89268;0.36967;17.091
0.86669;0.38900;25.507
0.68350;0.53848;69.147
0.67266;0.55171;69.241
0.66619;0.53530;78.094
0.67639;0.52235;78.097
0.70411;0.51123;69.147
0.69381;0.52485;69.243
0.68669;0.50873;78.097
0.69637;0.49541;78.096
0.76737;0.40998;69.210
0.75930;0.42505;69.123
0.74977;0.41025;78.061
0.74171;0.42462;78.070
0.72362;0.48324;69.144
0.71386;0.49724;69.241
0.70612;0.48141;78.094
0.71526;0.46774;78.089
0.75066;0.43978;69.225
0.74202;0.45450;69.136
0.73307;0.43934;78.077
0.73282;0.46887;69.236
0.72446;0.45337;78.085
0.69707;0.57180;51.494
0.68556;0.58529;51.589
0.67944;0.56837;60.264
0.69029;0.55514;60.266
0.71002;0.60624;34.137
0.69783;0.61997;34.232
0.69204;0.60251;42.762
0.70355;0.58902;42.764
0.70403;0.63779;25.517
0.70953;0.65582;17.095
0.71622;0.62406;25.518
0.80327;0.40914;51.566
0.79521;0.42492;51.476
0.78532;0.40992;60.237
0.77726;0.42499;60.245
0.83994;0.40729;34.219
0.83193;0.42379;34.126
0.82162;0.40857;42.743
0.81357;0.42436;42.749
0.85874;0.40624;25.508
0.87748;0.40445;17.090
0.85073;0.42274;25.510
0.71899;0.54398;51.496
0.70803;0.55789;51.591
0.70124;0.54123;60.267
0.71155;0.52761;60.268
0.73977;0.51536;51.498
0.72938;0.52967;51.593
0.72194;0.51330;60.268
0.73169;0.49930;60.267
0.78656;0.44036;51.578
0.77790;0.45580;51.488
0.76860;0.44043;60.251
0.75996;0.45515;60.258
0.76865;0.47088;51.588
0.75941;0.48596;51.496
0.75071;0.47023;60.262
0.74959;0.50066;51.592
0.74151;0.48460;60.265
0.73329;0.57788;34.138
0.72166;0.59206;34.233
0.71518;0.57484;42.764
0.72614;0.56093;42.766
0.72855;0.60962;25.518
0.73474;0.62744;17.095
0.74018;0.59544;25.519
0.82327;0.43997;34.226
0.81462;0.45614;34.134
0.80492;0.44053;42.754
0.79626;0.45597;42.759
0.84211;0.43966;25.512
0.86091;0.43861;17.093
0.83346;0.45583;25.516
0.75540;0.54866;34.141
0.74434;0.56327;34.235
0.73719;0.54632;42.767
0.74758;0.53201;42.768
0.77633;0.51860;34.143
0.76586;0.53363;34.238
0.75805;0.51698;42.768
0.76787;0.50228;42.768
0.80535;0.47194;34.233
0.79608;0.48775;34.141
0.78699;0.47178;42.763
0.78621;0.50318;34.238
0.77775;0.48686;42.766
0.75192;0.58054;25.520
0.75881;0.59810;17.097
0.76298;0.56593;25.522
0.82418;0.47238;25.519
0.84301;0.47207;17.097
0.81491;0.48819;25.522
0.77412;0.55058;25.523
0.78170;0.56786;17.099
0.78459;0.53556;25.524
0.80500;0.50436;25.523
0.82382;0.50480;17.100
0.79512;0.51979;25.524
0.80338;0.53674;17.100
